date,tmin,tmax,prcp,snow,station_count,freeze_flag,freeze_thaw_flag,temp_range,temp_drop,rolling_min_3
2014-01-01,23.0,43.0,0.0,0.0,25,1,1,20.0,,
2014-01-02,22.0,43.0,0.05652173913043478,0.6,23,1,1,21.0,-1.0,
2014-01-03,9.0,35.0,0.34500000000000003,3.8363636363636364,26,1,1,26.0,-13.0,18.0
2014-01-04,4.0,29.0,0.0016666666666666668,0.0,24,1,0,25.0,-5.0,11.666666666666666
2014-01-05,7.0,35.0,0.04428571428571428,0.0,21,1,1,28.0,3.0,6.666666666666667
2014-01-06,8.0,44.0,0.2604347826086957,0.0,26,1,1,36.0,1.0,6.333333333333333
2014-01-07,-1.0,40.0,0.0044,0.0,25,1,1,41.0,-9.0,4.666666666666667
2014-01-08,1.0,25.0,0.0,0.0,22,1,0,24.0,2.0,2.6666666666666665
2014-01-09,13.0,36.0,0.0,0.0,21,1,1,23.0,12.0,4.333333333333333
2014-01-10,25.0,35.0,0.1690909090909091,0.0,22,1,1,10.0,12.0,13.0
2014-01-11,32.0,50.0,0.6595238095238095,0.0,23,1,1,18.0,7.0,23.333333333333332
2014-01-12,35.0,52.0,0.518,0.0,27,0,0,17.0,3.0,30.666666666666668
2014-01-13,25.0,54.0,0.0004347826086956522,0.0,23,1,1,29.0,-10.0,30.666666666666668
2014-01-14,27.0,55.0,0.09153846153846154,0.0,27,1,1,28.0,2.0,29.0
2014-01-15,32.0,46.0,0.21851851851851853,0.0,28,1,1,14.0,5.0,28.0
2014-01-16,27.0,48.0,0.0015384615384615385,0.0,26,1,1,21.0,-5.0,28.666666666666668
2014-01-17,23.0,44.0,0.0,0.0,24,1,1,21.0,-4.0,27.333333333333332
2014-01-18,18.0,45.0,0.011153846153846153,0.10869565217391304,26,1,1,27.0,-5.0,22.666666666666668
2014-01-19,18.0,40.0,0.0,0.0,23,1,1,22.0,0.0,19.666666666666668
2014-01-20,24.0,49.0,0.0,0.0,22,1,1,25.0,6.0,20.0
2014-01-21,11.0,50.0,0.07541666666666667,1.056521739130435,24,1,1,39.0,-13.0,17.666666666666668
2014-01-22,0.0,12.0,0.33,5.404347826086957,27,1,0,12.0,-11.0,11.666666666666666
2014-01-23,1.0,31.0,0.0,0.3181818181818182,22,1,0,30.0,1.0,4.0
2014-01-24,4.0,22.0,0.0,0.0,20,1,0,18.0,3.0,1.6666666666666667
2014-01-25,8.0,29.0,0.0,0.0,24,1,0,21.0,4.0,4.333333333333333
2014-01-26,11.0,30.0,0.0004,0.016666666666666666,26,1,0,19.0,3.0,7.666666666666667
2014-01-27,15.0,40.0,0.0,0.0,24,1,1,25.0,4.0,11.333333333333334
2014-01-28,5.0,45.0,0.0017391304347826088,0.02608695652173913,23,1,1,40.0,-10.0,10.333333333333334
2014-01-29,4.0,28.0,0.022307692307692306,0.491304347826087,26,1,0,24.0,-1.0,8.0
2014-01-30,2.0,42.0,0.0,0.0,22,1,1,40.0,-2.0,3.6666666666666665
2014-01-31,5.0,47.0,0.0,0.0,24,1,1,42.0,3.0,3.6666666666666665
2014-02-01,24.0,46.0,0.0,0.0,25,1,1,22.0,19.0,10.333333333333334
2014-02-02,27.0,56.0,0.0,0.0,26,1,1,29.0,3.0,18.666666666666668
2014-02-03,29.0,56.0,0.8622727272727272,0.12999999999999998,22,1,1,27.0,2.0,26.666666666666668
2014-02-04,23.0,35.0,0.44090909090909086,0.0,24,1,1,12.0,-6.0,26.333333333333332
2014-02-05,24.0,35.0,0.54,0.0,20,1,1,11.0,1.0,25.333333333333332
2014-02-06,23.0,38.0,0.10947368421052632,0.0,25,1,1,15.0,-1.0,23.333333333333332
2014-02-07,20.0,36.0,0.0,0.0,23,1,1,16.0,-3.0,22.333333333333332
2014-02-08,22.0,38.0,0.0013636363636363635,0.0,22,1,1,16.0,2.0,21.666666666666668
2014-02-09,20.0,30.0,0.006956521739130435,0.08636363636363636,24,1,0,10.0,-2.0,20.666666666666668
2014-02-10,18.0,30.0,0.02962962962962963,0.37083333333333335,27,1,0,12.0,-2.0,20.0
2014-02-11,10.0,28.0,0.0,0.0,24,1,0,18.0,-8.0,16.0
2014-02-12,7.0,27.0,0.016956521739130436,0.2956521739130435,23,1,0,20.0,-3.0,11.666666666666666
2014-02-13,19.0,32.0,1.1478260869565218,13.745,23,1,0,13.0,12.0,12.0
2014-02-14,12.0,45.0,0.5604545454545454,2.427777777777778,25,1,1,33.0,-7.0,12.666666666666666
2014-02-15,25.0,47.0,0.02391304347826087,0.1368421052631579,23,1,1,22.0,13.0,18.666666666666668
2014-02-16,20.0,35.0,0.027999999999999997,0.02857142857142857,26,1,1,15.0,-5.0,19.0
2014-02-17,14.0,34.0,0.0,0.0,24,1,1,20.0,-6.0,19.666666666666668
2014-02-18,22.0,49.0,0.105,0.8173913043478261,26,1,1,27.0,8.0,18.666666666666668
2014-02-19,27.0,53.0,0.020833333333333332,0.0,24,1,1,26.0,5.0,21.0
2014-02-20,26.0,57.0,0.11045454545454546,0.0,22,1,1,31.0,-1.0,25.0
2014-02-21,32.0,55.0,0.029583333333333333,0.0,25,1,1,23.0,6.0,28.333333333333332
2014-02-22,26.0,56.0,0.13833333333333334,0.0,24,1,1,30.0,-6.0,28.0
2014-02-23,30.0,58.0,0.0004166666666666667,0.0,24,1,1,28.0,4.0,29.333333333333332
2014-02-24,28.0,54.0,0.0064,0.0,25,1,1,26.0,-2.0,28.0
2014-02-25,22.0,42.0,0.009047619047619047,0.15714285714285714,21,1,1,20.0,-6.0,26.666666666666668
2014-02-26,19.0,34.0,0.07652173913043478,1.2947368421052632,24,1,1,15.0,-3.0,23.0
2014-02-27,11.0,33.0,0.027600000000000003,0.36363636363636365,25,1,1,22.0,-8.0,17.333333333333332
2014-02-28,5.0,35.0,0.0,0.0,24,1,1,30.0,-6.0,11.666666666666666
2014-03-01,12.0,39.0,0.0,0.0,22,1,1,27.0,7.0,9.333333333333334
2014-03-02,12.0,47.0,0.03695652173913044,0.0,23,1,1,35.0,0.0,9.666666666666666
2014-03-03,6.0,38.0,0.7131818181818181,2.604761904761905,23,1,1,32.0,-6.0,10.0
2014-03-04,1.0,48.0,0.1930434782608696,2.5571428571428574,25,1,1,47.0,-5.0,6.333333333333333
2014-03-05,13.0,38.0,0.0,0.0,24,1,1,25.0,12.0,6.666666666666667
2014-03-06,19.0,41.0,0.0,0.0,24,1,1,22.0,6.0,11.0
2014-03-07,23.0,37.0,0.0,0.0,22,1,1,14.0,4.0,18.333333333333332
2014-03-08,24.0,57.0,0.0,0.0,23,1,1,33.0,1.0,22.0
2014-03-09,35.0,59.0,0.0,0.0,23,0,0,24.0,11.0,27.333333333333332
2014-03-10,31.0,59.0,0.0,0.0,23,1,1,28.0,-4.0,30.0
2014-03-11,36.0,65.0,0.0,0.0,22,0,0,29.0,5.0,34.0
2014-03-12,32.0,65.0,0.038571428571428576,0.0,21,1,1,33.0,-4.0,33.0
2014-03-13,15.0,32.0,0.1528,0.0,25,1,0,17.0,-17.0,27.666666666666668
2014-03-14,20.0,55.0,0.0,0.0,22,1,1,35.0,5.0,22.333333333333332
2014-03-15,29.0,62.0,0.0,0.0,21,1,1,33.0,9.0,21.333333333333332
2014-03-16,26.0,63.0,0.03190476190476191,0.5700000000000001,21,1,1,37.0,-3.0,25.0
2014-03-17,22.0,29.0,0.6069230769230769,8.586363636363636,26,1,0,7.0,-4.0,25.666666666666668
2014-03-18,22.0,40.0,0.015000000000000001,0.135,22,1,1,18.0,0.0,23.333333333333332
2014-03-19,30.0,41.0,0.017391304347826087,0.0,23,1,1,11.0,8.0,24.666666666666668
2014-03-20,32.0,48.0,0.1873913043478261,0.0,23,1,1,16.0,2.0,28.0
2014-03-21,28.0,55.0,0.009047619047619047,0.0,21,1,1,27.0,-4.0,30.0
2014-03-22,28.0,67.0,0.018260869565217393,0.0,25,1,1,39.0,0.0,29.333333333333332
2014-03-23,32.0,67.0,0.0,0.0,21,1,1,35.0,4.0,29.333333333333332
2014-03-24,16.0,44.0,0.0,0.0,25,1,1,28.0,-16.0,25.333333333333332
2014-03-25,21.0,37.0,0.0484,0.509090909090909,25,1,1,16.0,5.0,23.0
2014-03-26,23.0,33.0,0.2734615384615385,2.7304347826086954,26,1,1,10.0,2.0,20.0
2014-03-27,17.0,47.0,0.0,0.0,25,1,1,30.0,-6.0,20.333333333333332
2014-03-28,21.0,62.0,0.0275,0.0,25,1,1,41.0,4.0,20.333333333333332
2014-03-29,42.0,64.0,0.22,0.0,26,0,0,22.0,21.0,26.666666666666668
2014-03-30,32.0,55.0,1.27,0.6555555555555556,27,1,1,23.0,-10.0,31.666666666666668
2014-03-31,33.0,62.0,1.1196428571428572,0.5380952380952382,29,0,0,29.0,1.0,35.666666666666664
2014-04-01,31.0,63.0,0.0,0.0,26,1,1,32.0,-2.0,32.0
2014-04-02,37.0,64.0,0.0,0.0,25,0,0,27.0,6.0,33.666666666666664
2014-04-03,43.0,64.0,0.0084,0.0,25,0,0,21.0,6.0,37.0
2014-04-04,45.0,53.0,0.001851851851851852,0.0,27,0,0,8.0,2.0,41.666666666666664
2014-04-05,41.0,54.0,0.04923076923076923,0.0,26,0,0,13.0,-4.0,43.0
2014-04-06,28.0,58.0,0.0,0.0,24,1,1,30.0,-13.0,38.0
2014-04-07,37.0,57.0,0.08461538461538462,0.0,26,0,0,20.0,9.0,35.333333333333336
2014-04-08,38.0,60.0,0.4169230769230769,0.0,26,0,0,22.0,1.0,34.333333333333336
2014-04-09,33.0,63.0,0.00125,0.0,24,0,0,30.0,-5.0,36.0
2014-04-10,32.0,63.0,0.0,0.0,25,1,1,31.0,-1.0,34.333333333333336
2014-04-11,32.0,79.0,0.0013043478260869564,0.0,23,1,1,47.0,0.0,32.333333333333336
2014-04-12,46.0,80.0,0.02625,0.0,24,0,0,34.0,14.0,36.666666666666664
2014-04-13,48.0,82.0,0.0,0.0,22,0,0,34.0,2.0,42.0
2014-04-14,49.0,82.0,0.0,0.0,25,0,0,33.0,1.0,47.666666666666664
2014-04-15,34.0,77.0,0.3636,0.0,25,0,0,43.0,-15.0,43.666666666666664
2014-04-16,27.0,67.0,1.2711999999999999,0.049999999999999996,26,1,1,40.0,-7.0,36.666666666666664
2014-04-17,28.0,54.0,0.0,0.0,22,1,1,26.0,1.0,29.666666666666668
2014-04-18,31.0,53.0,0.0,0.0,22,1,1,22.0,3.0,28.666666666666668
2014-04-19,34.0,65.0,0.0,0.0,22,0,0,31.0,3.0,31.0
2014-04-20,40.0,66.0,0.0,0.0,20,0,0,26.0,6.0,35.0
2014-04-21,32.0,69.0,0.0,0.0,23,1,1,37.0,-8.0,35.333333333333336
2014-04-22,31.0,69.0,0.048695652173913036,0.0,25,1,1,38.0,-1.0,34.333333333333336
2014-04-23,44.0,75.0,0.07888888888888888,0.0,27,0,0,31.0,13.0,35.666666666666664
2014-04-24,37.0,60.0,0.0,0.0,25,0,0,23.0,-7.0,37.333333333333336
2014-04-25,38.0,65.0,0.0391304347826087,0.0,24,0,0,27.0,1.0,39.666666666666664
2014-04-26,45.0,74.0,0.2889285714285714,0.0,28,0,0,29.0,7.0,40.0
2014-04-27,38.0,76.0,0.015384615384615385,0.0,26,0,0,38.0,-7.0,40.333333333333336
2014-04-28,45.0,63.0,0.16782608695652174,0.0,24,0,0,18.0,7.0,42.666666666666664
2014-04-29,44.0,60.0,0.3324137931034483,0.0,29,0,0,16.0,-1.0,42.333333333333336
2014-04-30,46.0,64.0,1.92,0.0,28,0,0,18.0,2.0,45.0
2014-05-01,50.0,76.0,3.406428571428571,0.0,31,0,0,26.0,4.0,46.666666666666664
2014-05-02,48.0,75.0,0.0038461538461538464,0.0,26,0,0,27.0,-2.0,48.0
2014-05-03,50.0,70.0,0.0,0.0,25,0,0,20.0,2.0,49.333333333333336
2014-05-04,44.0,71.0,0.0018181818181818182,0.0,22,0,0,27.0,-6.0,47.333333333333336
2014-05-05,40.0,74.0,0.002857142857142857,0.0,22,0,0,34.0,-4.0,44.666666666666664
2014-05-06,41.0,74.0,0.07958333333333333,0.0,25,0,0,33.0,1.0,41.666666666666664
2014-05-07,46.0,72.0,0.05695652173913044,0.0,24,0,0,26.0,5.0,42.333333333333336
2014-05-08,46.0,84.0,0.16999999999999998,0.0,27,0,0,38.0,0.0,44.333333333333336
2014-05-09,57.0,84.0,0.0004,0.0,25,0,0,27.0,11.0,49.666666666666664
2014-05-10,57.0,85.0,0.06043478260869565,0.0,23,0,0,28.0,0.0,53.333333333333336
2014-05-11,54.0,80.0,0.1713793103448276,0.0,29,0,0,26.0,-3.0,56.0
2014-05-12,53.0,86.0,0.08,0.0,22,0,0,33.0,-1.0,54.666666666666664
2014-05-13,57.0,86.0,0.13586206896551725,0.0,31,0,0,29.0,4.0,54.666666666666664
2014-05-14,57.0,86.0,0.11518518518518518,0.0,27,0,0,29.0,0.0,55.666666666666664
2014-05-15,57.0,77.0,0.1056,0.0,25,0,0,20.0,0.0,57.0
2014-05-16,52.0,77.0,2.733846153846154,0.0,27,0,0,25.0,-5.0,55.333333333333336
2014-05-17,45.0,77.0,0.2412,0.0,27,0,0,32.0,-7.0,51.333333333333336
2014-05-18,44.0,65.0,0.00045454545454545455,0.0,23,0,0,21.0,-1.0,47.0
2014-05-19,40.0,69.0,0.0,0.0,23,0,0,29.0,-4.0,43.0
2014-05-20,40.0,74.0,0.0,0.0,23,0,0,34.0,0.0,41.333333333333336
2014-05-21,50.0,75.0,0.005833333333333334,0.0,24,0,0,25.0,10.0,43.333333333333336
2014-05-22,60.0,82.0,0.7278125,0.0,33,0,0,22.0,10.0,50.0
2014-05-23,51.0,83.0,0.03208333333333333,0.0,25,0,0,32.0,-9.0,53.666666666666664
2014-05-24,49.0,83.0,0.0003846153846153846,0.0,26,0,0,34.0,-2.0,53.333333333333336
2014-05-25,51.0,74.0,0.0,0.0,24,0,0,23.0,2.0,50.333333333333336
2014-05-26,51.0,81.0,0.0,0.0,23,0,0,30.0,0.0,50.333333333333336
2014-05-27,59.0,85.0,0.11608695652173913,0.0,24,0,0,26.0,8.0,53.666666666666664
2014-05-28,61.0,87.0,0.9333333333333333,0.0,34,0,0,26.0,2.0,57.0
2014-05-29,53.0,81.0,0.14148148148148149,0.0,27,0,0,28.0,-8.0,57.666666666666664
2014-05-30,53.0,71.0,0.4537931034482759,0.0,30,0,0,18.0,0.0,55.666666666666664
2014-05-31,53.0,74.0,0.0017391304347826088,0.0,24,0,0,21.0,0.0,53.0
2014-06-01,50.0,76.0,0.0004347826086956522,0.0,23,0,0,26.0,-3.0,52.0
2014-06-02,50.0,80.0,0.0,0.0,22,0,0,30.0,0.0,51.0
2014-06-03,55.0,81.0,0.0,0.0,25,0,0,26.0,5.0,51.666666666666664
2014-06-04,63.0,84.0,0.07821428571428571,0.0,28,0,0,21.0,8.0,56.0
2014-06-05,58.0,84.0,0.46,0.0,29,0,0,26.0,-5.0,58.666666666666664
2014-06-06,53.0,76.0,0.025,0.0,27,0,0,23.0,-5.0,58.0
2014-06-07,52.0,79.0,0.0,0.0,25,0,0,27.0,-1.0,54.333333333333336
2014-06-08,55.0,81.0,0.015000000000000001,0.0,23,0,0,26.0,3.0,53.333333333333336
2014-06-09,64.0,80.0,0.4279310344827586,0.0,29,0,0,16.0,9.0,57.0
2014-06-10,68.0,82.0,0.1384,0.0,25,0,0,14.0,4.0,62.333333333333336
2014-06-11,64.0,85.0,0.1542857142857143,0.0,30,0,0,21.0,-4.0,65.33333333333333
2014-06-12,66.0,82.0,1.0525,0.0,32,0,0,16.0,2.0,66.0
2014-06-13,61.0,82.0,0.2984,0.0,25,0,0,21.0,-5.0,63.666666666666664
2014-06-14,58.0,81.0,0.22304347826086957,0.0,28,0,0,23.0,-3.0,61.666666666666664
2014-06-15,51.0,79.0,0.0008333333333333334,0.0,24,0,0,28.0,-7.0,56.666666666666664
2014-06-16,57.0,87.0,0.019999999999999997,0.0,24,0,0,30.0,6.0,55.333333333333336
2014-06-17,66.0,89.0,0.03928571428571429,0.0,28,0,0,23.0,9.0,58.0
2014-06-18,70.0,90.0,0.004583333333333333,0.0,25,0,0,20.0,4.0,64.33333333333333
2014-06-19,67.0,90.0,0.06076923076923077,0.0,26,0,0,23.0,-3.0,67.66666666666667
2014-06-20,58.0,82.0,0.07541666666666667,0.0,25,0,0,24.0,-9.0,65.0
2014-06-21,63.0,80.0,0.013333333333333334,0.0,21,0,0,17.0,5.0,62.666666666666664
2014-06-22,62.0,77.0,0.04043478260869565,0.0,25,0,0,15.0,-1.0,61.0
2014-06-23,61.0,81.0,0.0,0.0,24,0,0,20.0,-1.0,62.0
2014-06-24,61.0,83.0,0.0,0.0,24,0,0,22.0,0.0,61.333333333333336
2014-06-25,68.0,86.0,0.008695652173913044,0.0,23,0,0,18.0,7.0,63.333333333333336
2014-06-26,67.0,86.0,0.36259259259259263,0.0,27,0,0,19.0,-1.0,65.33333333333333
2014-06-27,63.0,84.0,0.0,0.0,23,0,0,21.0,-4.0,66.0
2014-06-28,60.0,85.0,0.0,0.0,24,0,0,25.0,-3.0,63.333333333333336
2014-06-29,60.0,83.0,0.0,0.0,27,0,0,23.0,0.0,61.0
2014-06-30,63.0,84.0,0.0,0.0,25,0,0,21.0,3.0,61.0
2014-07-01,67.0,90.0,0.0,0.0,26,0,0,23.0,4.0,63.333333333333336
2014-07-02,71.0,92.0,0.008636363636363636,0.0,22,0,0,21.0,4.0,67.0
2014-07-03,69.0,94.0,0.1962962962962963,0.0,27,0,0,25.0,-2.0,69.0
2014-07-04,60.0,87.0,0.48833333333333334,0.0,26,0,0,27.0,-9.0,66.66666666666667
2014-07-05,52.0,78.0,0.0009090909090909091,0.0,22,0,0,26.0,-8.0,60.333333333333336
2014-07-06,55.0,84.0,0.0,0.0,20,0,0,29.0,3.0,55.666666666666664
2014-07-07,65.0,88.0,0.0,0.0,21,0,0,23.0,10.0,57.333333333333336
2014-07-08,66.0,90.0,0.05761904761904762,0.0,21,0,0,24.0,1.0,62.0
2014-07-09,65.0,92.0,0.37884615384615383,0.0,26,0,0,27.0,-1.0,65.33333333333333
2014-07-10,64.0,86.0,0.18500000000000003,0.0,22,0,0,22.0,-1.0,65.0
2014-07-11,61.0,85.0,0.36541666666666667,0.0,25,0,0,24.0,-3.0,63.333333333333336
2014-07-12,65.0,86.0,0.019545454545454546,0.0,23,0,0,21.0,4.0,63.333333333333336
2014-07-13,69.0,88.0,0.12090909090909091,0.0,23,0,0,19.0,4.0,65.0
2014-07-14,69.0,88.0,0.7264285714285714,0.0,29,0,0,19.0,0.0,67.66666666666667
2014-07-15,70.0,87.0,0.19037037037037036,0.0,27,0,0,17.0,1.0,69.33333333333333
2014-07-16,62.0,85.0,0.8523999999999999,0.0,28,0,0,23.0,-8.0,67.0
2014-07-17,56.0,78.0,0.00045454545454545455,0.0,22,0,0,22.0,-6.0,62.666666666666664
2014-07-18,55.0,78.0,0.0,0.0,23,0,0,23.0,-1.0,57.666666666666664
2014-07-19,55.0,81.0,0.0005,0.0,21,0,0,26.0,0.0,55.333333333333336
2014-07-20,62.0,78.0,0.008333333333333333,0.0,24,0,0,16.0,7.0,57.333333333333336
2014-07-21,66.0,79.0,0.0009523809523809524,0.0,22,0,0,13.0,4.0,61.0
2014-07-22,65.0,83.0,0.0,0.0,21,0,0,18.0,-1.0,64.33333333333333
2014-07-23,67.0,90.0,0.014000000000000002,0.0,22,0,0,23.0,2.0,66.0
2014-07-24,63.0,90.0,0.07555555555555556,0.0,27,0,0,27.0,-4.0,65.0
2014-07-25,55.0,78.0,0.00125,0.0,24,0,0,23.0,-8.0,61.666666666666664
2014-07-26,56.0,83.0,0.0020833333333333333,0.0,25,0,0,27.0,1.0,58.0
2014-07-27,66.0,84.0,0.03,0.0,25,0,0,18.0,10.0,59.0
2014-07-28,64.0,85.0,0.028399999999999998,0.0,25,0,0,21.0,-2.0,62.0
2014-07-29,57.0,85.0,0.0013636363636363635,0.0,22,0,0,28.0,-7.0,62.333333333333336
2014-07-30,50.0,76.0,0.0,0.0,22,0,0,26.0,-7.0,57.0
2014-07-31,56.0,77.0,0.0,0.0,21,0,0,21.0,6.0,54.333333333333336
2014-08-01,64.0,83.0,0.0004166666666666667,0.0,25,0,0,19.0,8.0,56.666666666666664
2014-08-02,62.0,77.0,0.06,0.0,26,0,0,15.0,-2.0,60.666666666666664
2014-08-03,63.0,78.0,0.16166666666666668,0.0,24,0,0,15.0,1.0,63.0
2014-08-04,60.0,79.0,0.4932,0.0,29,0,0,19.0,-3.0,61.666666666666664
2014-08-05,60.0,84.0,0.005833333333333334,0.0,24,0,0,24.0,0.0,61.0
2014-08-06,62.0,85.0,0.0625925925925926,0.0,28,0,0,23.0,2.0,60.666666666666664
2014-08-07,62.0,79.0,0.006,0.0,25,0,0,17.0,0.0,61.333333333333336
2014-08-08,57.0,80.0,0.0,0.0,23,0,0,23.0,-5.0,60.333333333333336
2014-08-09,57.0,80.0,0.0,0.0,21,0,0,23.0,0.0,58.666666666666664
2014-08-10,62.0,84.0,0.001,0.0,20,0,0,22.0,5.0,58.666666666666664
2014-08-11,58.0,82.0,0.021666666666666667,0.0,18,0,0,24.0,-4.0,59.0
2014-08-12,65.0,79.0,0.3658333333333333,0.0,24,0,0,14.0,7.0,61.666666666666664
2014-08-13,66.0,77.0,2.839230769230769,0.0,27,0,0,11.0,1.0,63.0
2014-08-14,54.0,79.0,0.0010526315789473684,0.0,19,0,0,25.0,-12.0,61.666666666666664
2014-08-15,50.0,79.0,0.0,0.0,19,0,0,29.0,-4.0,56.666666666666664
2014-08-16,51.0,79.0,0.0,0.0,19,0,0,28.0,1.0,51.666666666666664
2014-08-17,59.0,83.0,0.0,0.0,20,0,0,24.0,8.0,53.333333333333336
2014-08-18,61.0,84.0,0.0,0.0,20,0,0,23.0,2.0,57.0
2014-08-19,65.0,80.0,0.0,0.0,22,0,0,15.0,4.0,61.666666666666664
2014-08-20,64.0,84.0,0.022608695652173914,0.0,23,0,0,20.0,-1.0,63.333333333333336
2014-08-21,62.0,84.0,0.172,0.0,25,0,0,22.0,-2.0,63.666666666666664
2014-08-22,62.0,85.0,0.1703846153846154,0.0,26,0,0,23.0,0.0,62.666666666666664
2014-08-23,61.0,85.0,0.30863636363636365,0.0,24,0,0,24.0,-1.0,61.666666666666664
2014-08-24,62.0,74.0,0.5213043478260869,0.0,26,0,0,12.0,1.0,61.666666666666664
2014-08-25,57.0,78.0,0.0004347826086956522,0.0,25,0,0,21.0,-5.0,60.0
2014-08-26,56.0,83.0,0.0,0.0,26,0,0,27.0,-1.0,58.333333333333336
2014-08-27,58.0,84.0,0.0,0.0,23,0,0,26.0,2.0,57.0
2014-08-28,66.0,86.0,0.0,0.0,22,0,0,20.0,8.0,60.0
2014-08-29,52.0,86.0,0.0,0.0,21,0,0,34.0,-14.0,58.666666666666664
2014-08-30,58.0,79.0,0.0,0.0,22,0,0,21.0,6.0,58.666666666666664
2014-08-31,66.0,88.0,0.04681818181818182,0.0,22,0,0,22.0,8.0,58.666666666666664
2014-09-01,70.0,89.0,0.5030769230769231,0.0,26,0,0,19.0,4.0,64.66666666666667
2014-09-02,69.0,90.0,0.21708333333333332,0.0,27,0,0,21.0,-1.0,68.33333333333333
2014-09-03,67.0,88.0,0.5692,0.0,25,0,0,21.0,-2.0,68.66666666666667
2014-09-04,63.0,84.0,0.00045454545454545455,0.0,22,0,0,21.0,-4.0,66.33333333333333
2014-09-05,63.0,88.0,0.00045454545454545455,0.0,22,0,0,25.0,0.0,64.33333333333333
2014-09-06,69.0,88.0,0.012727272727272728,0.0,23,0,0,19.0,6.0,65.0
2014-09-07,60.0,89.0,0.5920000000000001,0.0,26,0,0,29.0,-9.0,64.0
2014-09-08,55.0,76.0,0.0,0.0,22,0,0,21.0,-5.0,61.333333333333336
2014-09-09,57.0,76.0,0.00125,0.0,25,0,0,19.0,2.0,57.333333333333336
2014-09-10,63.0,77.0,0.0,0.0,23,0,0,14.0,6.0,58.333333333333336
2014-09-11,64.0,84.0,0.0,0.0,24,0,0,20.0,1.0,61.333333333333336
2014-09-12,58.0,85.0,0.0033333333333333335,0.0,24,0,0,27.0,-6.0,61.666666666666664
2014-09-13,55.0,72.0,0.0225,0.0,21,0,0,17.0,-3.0,59.0
2014-09-14,46.0,72.0,0.095,0.0,26,0,0,26.0,-9.0,53.0
2014-09-15,48.0,72.0,0.0,0.0,21,0,0,24.0,2.0,49.666666666666664
2014-09-16,48.0,72.0,0.00125,0.0,24,0,0,24.0,0.0,47.333333333333336
2014-09-17,48.0,74.0,0.0,0.0,23,0,0,26.0,0.0,48.0
2014-09-18,53.0,73.0,0.0,0.0,22,0,0,20.0,5.0,49.666666666666664
2014-09-19,49.0,75.0,0.0,0.0,21,0,0,26.0,-4.0,50.0
2014-09-20,51.0,79.0,0.0,0.0,22,0,0,28.0,2.0,51.0
2014-09-21,54.0,83.0,0.0,0.0,22,0,0,29.0,3.0,51.333333333333336
2014-09-22,52.0,80.0,0.0025,0.0,20,0,0,28.0,-2.0,52.333333333333336
2014-09-23,43.0,68.0,0.0,0.0,20,0,0,25.0,-9.0,49.666666666666664
2014-09-24,45.0,68.0,0.006190476190476191,0.0,21,0,0,23.0,2.0,46.666666666666664
2014-09-25,49.0,68.0,0.7232000000000001,0.0,25,0,0,19.0,4.0,45.666666666666664
2014-09-26,53.0,71.0,0.1740909090909091,0.0,23,0,0,18.0,4.0,49.0
2014-09-27,50.0,78.0,0.0,0.0,17,0,0,28.0,-3.0,50.666666666666664
2014-09-28,53.0,77.0,0.0005,0.0,20,0,0,24.0,3.0,52.0
2014-09-29,56.0,77.0,0.0,0.0,22,0,0,21.0,3.0,53.0
2014-09-30,61.0,73.0,0.08434782608695653,0.0,23,0,0,12.0,5.0,56.666666666666664
2014-10-01,58.0,74.0,0.18444444444444447,0.0,29,0,0,16.0,-3.0,58.333333333333336
2014-10-02,54.0,70.0,0.0027272727272727275,0.0,22,0,0,16.0,-4.0,57.666666666666664
2014-10-03,56.0,71.0,0.025416666666666667,0.0,24,0,0,15.0,2.0,56.0
2014-10-04,44.0,67.0,0.22785714285714284,0.0,28,0,0,23.0,-12.0,51.333333333333336
2014-10-05,35.0,66.0,0.0004761904761904762,0.0,22,0,0,31.0,-9.0,45.0
2014-10-06,39.0,70.0,0.0,0.0,22,0,0,31.0,4.0,39.333333333333336
2014-10-07,51.0,69.0,0.03370370370370371,0.0,28,0,0,18.0,12.0,41.666666666666664
2014-10-08,50.0,72.0,0.40249999999999997,0.0,28,0,0,22.0,-1.0,46.666666666666664
2014-10-09,44.0,72.0,0.0,0.0,23,0,0,28.0,-6.0,48.333333333333336
2014-10-10,47.0,67.0,0.0018181818181818182,0.0,23,0,0,20.0,3.0,47.0
2014-10-11,48.0,60.0,0.362962962962963,0.0,27,0,0,12.0,1.0,46.333333333333336
2014-10-12,44.0,60.0,0.09875,0.0,24,0,0,16.0,-4.0,46.333333333333336
2014-10-13,50.0,61.0,0.020952380952380955,0.0,22,0,0,11.0,6.0,47.333333333333336
2014-10-14,56.0,75.0,0.14041666666666666,0.0,26,0,0,19.0,6.0,50.0
2014-10-15,60.0,75.0,0.20423076923076924,0.0,26,0,0,15.0,4.0,55.333333333333336
2014-10-16,55.0,75.0,1.0396296296296297,0.0,28,0,0,20.0,-5.0,57.0
2014-10-17,50.0,70.0,0.04043478260869565,0.0,23,0,0,20.0,-5.0,55.0
2014-10-18,49.0,70.0,0.0,0.0,22,0,0,21.0,-1.0,51.333333333333336
2014-10-19,44.0,66.0,0.0,0.0,22,0,0,22.0,-5.0,47.666666666666664
2014-10-20,34.0,63.0,0.002173913043478261,0.0,23,0,0,29.0,-10.0,42.333333333333336
2014-10-21,34.0,64.0,0.02521739130434783,0.0,24,0,0,30.0,0.0,37.333333333333336
2014-10-22,49.0,66.0,0.6920000000000001,0.0,25,0,0,17.0,15.0,39.0
2014-10-23,49.0,61.0,0.27375,0.0,26,0,0,12.0,0.0,44.0
2014-10-24,49.0,64.0,0.00045454545454545455,0.0,22,0,0,15.0,0.0,49.0
2014-10-25,39.0,68.0,0.015000000000000001,0.0,22,0,0,29.0,-10.0,45.666666666666664
2014-10-26,43.0,69.0,0.0,0.0,23,0,0,26.0,4.0,43.666666666666664
2014-10-27,34.0,68.0,0.0,0.0,23,0,0,34.0,-9.0,38.666666666666664
2014-10-28,36.0,82.0,0.0,0.0,22,0,0,46.0,2.0,37.666666666666664
2014-10-29,47.0,80.0,0.015238095238095238,0.0,21,0,0,33.0,11.0,39.0
2014-10-30,38.0,80.0,0.06782608695652174,0.0,23,0,0,42.0,-9.0,40.333333333333336
2014-10-31,41.0,55.0,0.0,0.0,19,0,0,14.0,3.0,42.0
2014-11-01,43.0,53.0,0.0005,0.0,21,0,0,10.0,2.0,40.666666666666664
2014-11-02,39.0,50.0,0.0013636363636363635,0.0,22,0,0,11.0,-4.0,41.0
2014-11-03,37.0,56.0,0.0,0.0,22,0,0,19.0,-2.0,39.666666666666664
2014-11-04,35.0,66.0,0.0,0.0,18,0,0,31.0,-2.0,37.0
2014-11-05,46.0,69.0,0.012777777777777777,0.0,18,0,0,23.0,11.0,39.333333333333336
2014-11-06,48.0,66.0,0.5808695652173913,0.0,23,0,0,18.0,2.0,43.0
2014-11-07,37.0,66.0,0.09869565217391305,0.0,25,0,0,29.0,-11.0,43.666666666666664
2014-11-08,28.0,52.0,0.0,0.0,22,1,1,24.0,-9.0,37.666666666666664
2014-11-09,34.0,54.0,0.0,0.0,22,0,0,20.0,6.0,33.0
2014-11-10,31.0,61.0,0.0,0.0,20,1,1,30.0,-3.0,31.0
2014-11-11,33.0,67.0,0.0,0.0,19,0,0,34.0,2.0,32.666666666666664
2014-11-12,39.0,67.0,0.0,0.0,21,0,0,28.0,6.0,34.333333333333336
2014-11-13,32.0,62.0,0.01,0.022222222222222223,19,1,1,30.0,-7.0,34.666666666666664
2014-11-14,28.0,43.0,0.042272727272727274,0.0,22,1,1,15.0,-4.0,33.0
2014-11-15,25.0,40.0,0.0,0.0,20,1,1,15.0,-3.0,28.333333333333332
2014-11-16,25.0,41.0,0.028421052631578948,0.0,20,1,1,16.0,0.0,26.0
2014-11-17,35.0,45.0,0.2882608695652174,0.0,23,0,0,10.0,10.0,28.333333333333332
2014-11-18,19.0,47.0,0.4678260869565217,0.0,25,1,1,28.0,-16.0,26.333333333333332
2014-11-19,16.0,33.0,0.0,0.0,21,1,1,17.0,-3.0,23.333333333333332
2014-11-20,22.0,47.0,0.0,0.0,20,1,1,25.0,6.0,19.0
2014-11-21,20.0,49.0,0.0,0.0,22,1,1,29.0,-2.0,19.333333333333332
2014-11-22,16.0,46.0,0.0,0.0,21,1,1,30.0,-4.0,19.333333333333332
2014-11-23,22.0,50.0,0.020476190476190478,0.0,21,1,1,28.0,6.0,19.333333333333332
2014-11-24,34.0,67.0,0.4214814814814815,0.0,27,0,0,33.0,12.0,24.0
2014-11-25,41.0,68.0,0.0,0.0,21,0,0,27.0,7.0,32.333333333333336
2014-11-26,32.0,53.0,0.491304347826087,1.0571428571428572,23,1,1,21.0,-9.0,35.666666666666664
2014-11-27,29.0,40.0,0.6759090909090909,0.6444444444444444,24,1,1,11.0,-3.0,34.0
2014-11-28,25.0,42.0,0.0009090909090909091,0.015000000000000003,22,1,1,17.0,-4.0,28.666666666666668
2014-11-29,25.0,41.0,0.0009090909090909091,0.0,22,1,1,16.0,0.0,26.333333333333332
2014-11-30,31.0,61.0,0.0,0.0,21,1,1,30.0,6.0,27.0
2014-12-01,38.0,69.0,0.012857142857142859,0.0,21,0,0,31.0,7.0,31.333333333333332
2014-12-02,32.0,70.0,0.2425,0.0,21,1,1,38.0,-6.0,33.666666666666664
2014-12-03,33.0,44.0,0.425,0.0,24,0,0,11.0,1.0,34.333333333333336
2014-12-04,29.0,47.0,0.00368421052631579,0.0,20,1,1,18.0,-4.0,31.333333333333332
2014-12-05,30.0,43.0,0.012272727272727274,0.0,22,1,1,13.0,1.0,30.666666666666668
2014-12-06,37.0,46.0,0.1280952380952381,0.0,21,0,0,9.0,7.0,32.0
2014-12-07,30.0,47.0,0.4968181818181818,0.0,22,1,1,17.0,-7.0,32.333333333333336
2014-12-08,26.0,44.0,0.0029411764705882353,0.0,17,1,1,18.0,-4.0,31.0
2014-12-09,29.0,44.0,0.44684210526315793,0.0,20,1,1,15.0,3.0,28.333333333333332
2014-12-10,33.0,43.0,0.18722222222222223,0.0,21,0,0,10.0,4.0,29.333333333333332
2014-12-11,30.0,45.0,0.0,0.0,19,1,1,15.0,-3.0,30.666666666666668
2014-12-12,31.0,38.0,0.0015,0.0,20,1,1,7.0,1.0,31.333333333333332
2014-12-13,24.0,41.0,0.0,0.0,21,1,1,17.0,-7.0,28.333333333333332
2014-12-14,27.0,49.0,0.0,0.0,20,1,1,22.0,3.0,27.333333333333332
2014-12-15,32.0,55.0,0.0,0.0,21,1,1,23.0,5.0,27.666666666666668
2014-12-16,32.0,54.0,0.04045454545454545,0.0,22,1,1,22.0,0.0,30.333333333333332
2014-12-17,31.0,49.0,0.4048,0.0,25,1,1,18.0,-1.0,31.666666666666668
2014-12-18,29.0,50.0,0.0,0.0,21,1,1,21.0,-2.0,30.666666666666668
2014-12-19,28.0,38.0,0.0,0.0,19,1,1,10.0,-1.0,29.333333333333332
2014-12-20,21.0,38.0,0.0,0.0,19,1,1,17.0,-7.0,26.0
2014-12-21,26.0,36.0,0.0,0.0,20,1,1,10.0,5.0,25.0
2014-12-22,23.0,37.0,0.044,0.0,20,1,1,14.0,-3.0,23.333333333333332
2014-12-23,28.0,43.0,0.3195652173913044,0.0,23,1,1,15.0,5.0,25.666666666666668
2014-12-24,28.0,53.0,0.5480952380952381,0.0,21,1,1,25.0,0.0,26.333333333333332
2014-12-25,36.0,54.0,0.3855,0.0,22,0,0,18.0,8.0,30.666666666666668
2014-12-26,27.0,56.0,0.0,0.0,22,1,1,29.0,-9.0,30.333333333333332
2014-12-27,28.0,57.0,0.0,0.0,20,1,1,29.0,1.0,30.333333333333332
2014-12-28,28.0,57.0,0.01,0.0,18,1,1,29.0,0.0,27.666666666666668
2014-12-29,35.0,56.0,0.07473684210526316,0.0,21,0,0,21.0,7.0,30.333333333333332
2014-12-30,25.0,42.0,0.0,0.0,19,1,1,17.0,-10.0,29.333333333333332
2014-12-31,19.0,37.0,0.0,0.0,19,1,1,18.0,-6.0,26.333333333333332
2015-01-01,20.0,40.0,0.0,0.0,19,1,1,20.0,1.0,21.333333333333332
2015-01-02,16.0,41.0,0.0,0.0,20,1,1,25.0,-4.0,18.333333333333332
2015-01-03,24.0,44.0,0.11263157894736843,0.0,19,1,1,20.0,8.0,20.0
2015-01-04,33.0,58.0,0.911111111111111,0.0,20,0,0,25.0,9.0,24.333333333333332
2015-01-05,22.0,59.0,0.08210526315789474,0.0,21,1,1,37.0,-11.0,26.333333333333332
2015-01-06,16.0,36.0,0.14263157894736841,1.5777777777777777,19,1,1,20.0,-6.0,23.666666666666668
2015-01-07,9.0,36.0,0.11,1.3625,19,1,1,27.0,-7.0,15.666666666666666
2015-01-08,4.0,22.0,0.008,0.0,20,1,0,18.0,-5.0,9.666666666666666
2015-01-09,7.0,34.0,0.0005,0.0,21,1,1,27.0,3.0,6.666666666666667
2015-01-10,9.0,35.0,0.0,0.0,22,1,1,26.0,2.0,6.666666666666667
2015-01-11,6.0,36.0,0.0,0.0,20,1,1,30.0,-3.0,7.333333333333333
2015-01-12,12.0,37.0,0.2783333333333333,0.0,19,1,1,25.0,6.0,9.0
2015-01-13,18.0,37.0,0.442,0.0,22,1,1,19.0,6.0,12.0
2015-01-14,18.0,29.0,0.0030434782608695656,0.05,23,1,0,11.0,0.0,16.0
2015-01-15,20.0,35.0,0.0,0.0,21,1,1,15.0,2.0,18.666666666666668
2015-01-16,23.0,38.0,0.0,0.0,20,1,1,15.0,3.0,20.333333333333332
2015-01-17,19.0,40.0,0.0,0.0,18,1,1,21.0,-4.0,20.666666666666668
2015-01-18,22.0,39.0,0.01888888888888889,0.0,18,1,1,17.0,3.0,21.333333333333332
2015-01-19,27.0,42.0,0.049411764705882356,0.0,19,1,1,15.0,5.0,22.666666666666668
2015-01-20,23.0,43.0,0.0,0.0,17,1,1,20.0,-4.0,24.0
2015-01-21,24.0,43.0,0.03944444444444444,0.6411764705882353,19,1,1,19.0,1.0,24.666666666666668
2015-01-22,30.0,40.0,0.12318181818181818,1.657142857142857,23,1,1,10.0,6.0,25.666666666666668
2015-01-23,21.0,42.0,0.0642857142857143,0.045,21,1,1,21.0,-9.0,25.0
2015-01-24,26.0,40.0,0.9942857142857142,0.020000000000000004,22,1,1,14.0,5.0,25.666666666666668
2015-01-25,33.0,44.0,0.009473684210526315,0.0,19,0,0,11.0,7.0,26.666666666666668
2015-01-26,22.0,46.0,0.08611111111111111,0.5866666666666667,19,1,1,24.0,-11.0,27.0
2015-01-27,22.0,46.0,0.25684210526315787,2.28125,21,1,1,24.0,0.0,25.666666666666668
2015-01-28,16.0,46.0,0.0,0.0,21,1,1,30.0,-6.0,20.0
2015-01-29,11.0,33.0,0.007000000000000001,0.021052631578947368,20,1,1,22.0,-5.0,16.333333333333332
2015-01-30,16.0,36.0,0.04578947368421053,0.042857142857142864,19,1,1,20.0,5.0,14.333333333333334
2015-01-31,13.0,38.0,0.0,0.0,19,1,1,25.0,-3.0,13.333333333333334
2015-02-01,15.0,37.0,0.007222222222222223,0.037500000000000006,18,1,1,22.0,2.0,14.666666666666666
2015-02-02,20.0,43.0,0.19238095238095237,0.19333333333333333,22,1,1,23.0,5.0,16.0
2015-02-03,17.0,43.0,0.08333333333333333,0.0,21,1,1,26.0,-3.0,17.333333333333332
2015-02-04,19.0,49.0,0.0,0.0,19,1,1,30.0,2.0,18.666666666666668
2015-02-05,15.0,48.0,0.0,0.0,19,1,1,33.0,-4.0,17.0
2015-02-06,8.0,33.0,0.0,0.0,18,1,1,25.0,-7.0,14.0
2015-02-07,9.0,42.0,0.0,0.0,19,1,1,33.0,1.0,10.666666666666666
2015-02-08,26.0,49.0,0.0,0.0,20,1,1,23.0,17.0,14.333333333333334
2015-02-09,30.0,52.0,0.01473684210526316,0.0,19,1,1,22.0,4.0,21.666666666666668
2015-02-10,26.0,51.0,0.11136363636363637,0.0,22,1,1,25.0,-4.0,27.333333333333332
2015-02-11,21.0,40.0,0.0014285714285714286,0.0,21,1,1,19.0,-5.0,25.666666666666668
2015-02-12,17.0,41.0,0.0,0.0,20,1,1,24.0,-4.0,21.333333333333332
2015-02-13,8.0,39.0,0.0,0.0,22,1,1,31.0,-9.0,15.333333333333334
2015-02-14,12.0,36.0,0.008888888888888889,0.18125,18,1,1,24.0,4.0,12.333333333333334
2015-02-15,3.0,36.0,0.07818181818181819,1.3210526315789475,22,1,1,33.0,-9.0,7.666666666666667
2015-02-16,2.0,16.0,0.028999999999999998,0.40588235294117647,20,1,0,14.0,-1.0,5.666666666666667
2015-02-17,3.0,24.0,0.3245454545454545,3.227272727272727,23,1,0,21.0,1.0,2.6666666666666665
2015-02-18,7.0,31.0,0.0033333333333333335,0.044444444444444446,21,1,0,24.0,4.0,4.0
2015-02-19,6.0,31.0,0.006363636363636364,0.08947368421052633,22,1,0,25.0,-1.0,5.333333333333333
2015-02-20,-3.0,16.0,0.0,0.0,20,1,0,19.0,-9.0,3.3333333333333335
2015-02-21,2.0,29.0,0.15105263157894738,1.7470588235294118,20,1,0,27.0,5.0,1.6666666666666667
2015-02-22,14.0,44.0,0.9065217391304349,6.718181818181819,23,1,1,30.0,12.0,4.333333333333333
2015-02-23,13.0,45.0,0.0,0.0,21,1,1,32.0,-1.0,9.666666666666666
2015-02-24,-1.0,34.0,0.0,0.0,22,1,1,35.0,-14.0,8.666666666666666
2015-02-25,8.0,37.0,0.0,0.0,22,1,1,29.0,9.0,6.666666666666667
2015-02-26,14.0,38.0,0.07904761904761906,1.355,21,1,1,24.0,6.0,7.0
2015-02-27,18.0,34.0,0.02666666666666667,0.2529411764705882,21,1,1,16.0,4.0,13.333333333333334
2015-02-28,5.0,29.0,0.0,0.0,22,1,0,24.0,-13.0,12.333333333333334
2015-03-01,12.0,29.0,0.0755,0.1111111111111111,20,1,0,17.0,7.0,11.666666666666666
2015-03-02,22.0,38.0,0.4990909090909091,0.2235294117647059,22,1,1,16.0,10.0,13.0
2015-03-03,21.0,41.0,0.0071428571428571435,0.0,21,1,1,20.0,-1.0,18.333333333333332
2015-03-04,21.0,42.0,0.21549999999999997,0.0,20,1,1,21.0,0.0,21.333333333333332
2015-03-05,18.0,42.0,0.68,1.957142857142857,19,1,1,24.0,-3.0,20.0
2015-03-06,2.0,30.0,0.555,5.835294117647059,19,1,0,28.0,-16.0,13.666666666666666
2015-03-07,7.0,43.0,0.0,0.0,18,1,1,36.0,5.0,9.0
2015-03-08,36.0,50.0,0.0,0.0,19,0,0,14.0,29.0,15.0
2015-03-09,27.0,55.0,0.0,0.0,20,1,1,28.0,-9.0,23.333333333333332
2015-03-10,27.0,55.0,0.08249999999999999,0.0,20,1,1,28.0,0.0,30.0
2015-03-11,28.0,57.0,0.5340909090909091,0.0,22,1,1,29.0,1.0,27.333333333333332
2015-03-12,36.0,57.0,0.0009523809523809524,0.0,22,0,0,21.0,8.0,30.333333333333332
2015-03-13,26.0,51.0,0.0025,0.0,20,1,1,25.0,-10.0,30.0
2015-03-14,28.0,52.0,0.5404545454545455,0.0,22,1,1,24.0,2.0,30.0
2015-03-15,28.0,51.0,0.24772727272727274,0.0,23,1,1,23.0,0.0,27.333333333333332
2015-03-16,28.0,62.0,0.0,0.0,23,1,1,34.0,0.0,28.0
2015-03-17,33.0,63.0,0.0,0.0,21,0,0,30.0,5.0,29.666666666666668
2015-03-18,28.0,66.0,0.0,0.0,22,1,1,38.0,-5.0,29.666666666666668
2015-03-19,26.0,48.0,0.0,0.0,20,1,1,22.0,-2.0,29.0
2015-03-20,29.0,48.0,0.29714285714285715,1.0444444444444445,21,1,1,19.0,3.0,27.666666666666668
2015-03-21,30.0,57.0,0.23363636363636361,0.6882352941176471,24,1,1,27.0,1.0,28.333333333333332
2015-03-22,32.0,57.0,0.0,0.0,21,1,1,25.0,2.0,30.333333333333332
2015-03-23,27.0,50.0,0.0,0.0,21,1,1,23.0,-5.0,29.666666666666668
2015-03-24,30.0,43.0,0.0,0.0,22,1,1,13.0,3.0,29.666666666666668
2015-03-25,23.0,48.0,0.002857142857142857,0.0,21,1,1,25.0,-7.0,26.666666666666668
2015-03-26,30.0,71.0,0.07045454545454545,0.0,22,1,1,41.0,7.0,27.666666666666668
2015-03-27,39.0,71.0,0.8463636363636364,0.0,22,0,0,32.0,9.0,30.666666666666668
2015-03-28,24.0,47.0,0.018571428571428572,0.0,21,1,1,23.0,-15.0,31.0
2015-03-29,20.0,42.0,0.0,0.0,22,1,1,22.0,-4.0,27.666666666666668
2015-03-30,28.0,58.0,0.013636363636363636,0.014285714285714287,22,1,1,30.0,8.0,24.0
2015-03-31,29.0,64.0,0.0095,0.0,20,1,1,35.0,1.0,25.666666666666668
2015-04-01,28.0,66.0,0.0256,0.0,25,1,1,38.0,-1.0,28.333333333333332
2015-04-02,31.0,69.0,0.0,0.0,20,1,1,38.0,3.0,29.333333333333332
2015-04-03,46.0,70.0,0.025500000000000002,0.0,20,0,0,24.0,15.0,35.0
2015-04-04,44.0,67.0,0.16136363636363635,0.0,22,0,0,23.0,-2.0,40.333333333333336
2015-04-05,34.0,64.0,0.003,0.0,20,0,0,30.0,-10.0,41.333333333333336
2015-04-06,37.0,75.0,0.0,0.0,20,0,0,38.0,3.0,38.333333333333336
2015-04-07,37.0,78.0,0.08916666666666667,0.0,25,0,0,41.0,0.0,36.0
2015-04-08,41.0,71.0,0.7362500000000001,0.0,24,0,0,30.0,4.0,38.333333333333336
2015-04-09,39.0,46.0,0.27304347826086955,0.0,23,0,0,7.0,-2.0,39.0
2015-04-10,40.0,61.0,0.0780952380952381,0.0,21,0,0,21.0,1.0,40.0
2015-04-11,40.0,60.0,0.00818181818181818,0.0,23,0,0,20.0,0.0,39.666666666666664
2015-04-12,31.0,67.0,0.0,0.0,21,1,1,36.0,-9.0,37.0
2015-04-13,41.0,76.0,0.0,0.0,21,0,0,35.0,10.0,37.333333333333336
2015-04-14,50.0,77.0,0.14608695652173911,0.0,23,0,0,27.0,9.0,40.666666666666664
2015-04-15,42.0,62.0,0.23333333333333334,0.0,22,0,0,20.0,-8.0,44.333333333333336
2015-04-16,39.0,71.0,0.004210526315789474,0.0,19,0,0,32.0,-3.0,43.666666666666664
2015-04-17,40.0,75.0,0.1758333333333333,0.0,25,0,0,35.0,1.0,40.333333333333336
2015-04-18,50.0,78.0,0.0008333333333333334,0.0,24,0,0,28.0,10.0,43.0
2015-04-19,48.0,78.0,0.026363636363636367,0.0,22,0,0,30.0,-2.0,46.0
2015-04-20,49.0,78.0,1.2428,0.0,26,0,0,29.0,1.0,49.0
2015-04-21,50.0,79.0,0.1832,0.0,25,0,0,29.0,1.0,49.0
2015-04-22,39.0,69.0,0.007391304347826086,0.0,23,0,0,30.0,-11.0,46.0
2015-04-23,34.0,70.0,0.04916666666666667,0.0,24,0,0,36.0,-5.0,41.0
2015-04-24,35.0,56.0,0.0,0.0,23,0,0,21.0,1.0,36.0
2015-04-25,33.0,58.0,0.03333333333333334,0.0,21,0,0,25.0,-2.0,34.0
2015-04-26,38.0,62.0,0.24703703703703703,0.0,27,0,0,24.0,5.0,35.333333333333336
2015-04-27,38.0,61.0,0.0,0.0,24,0,0,23.0,0.0,36.333333333333336
2015-04-28,41.0,66.0,0.0036,0.0,25,0,0,25.0,3.0,39.0
2015-04-29,40.0,73.0,0.0,0.0,24,0,0,33.0,-1.0,39.666666666666664
2015-04-30,45.0,72.0,0.04409090909090909,0.0,22,0,0,27.0,5.0,42.0
2015-05-01,49.0,71.0,0.1056,0.0,25,0,0,22.0,4.0,44.666666666666664
2015-05-02,47.0,71.0,0.002380952380952381,0.0,21,0,0,24.0,-2.0,47.0
2015-05-03,48.0,78.0,0.0,0.0,24,0,0,30.0,1.0,48.0
2015-05-04,47.0,84.0,0.0,0.0,23,0,0,37.0,-1.0,47.333333333333336
2015-05-05,51.0,83.0,0.01,0.0,22,0,0,32.0,4.0,48.666666666666664
2015-05-06,56.0,83.0,0.1017391304347826,0.0,23,0,0,27.0,5.0,51.333333333333336
2015-05-07,53.0,79.0,0.12125000000000001,0.0,24,0,0,26.0,-3.0,53.333333333333336
2015-05-08,55.0,81.0,0.00045454545454545455,0.0,22,0,0,26.0,2.0,54.666666666666664
2015-05-09,55.0,81.0,0.00045454545454545455,0.0,22,0,0,26.0,0.0,54.333333333333336
2015-05-10,62.0,82.0,0.0,0.0,23,0,0,20.0,7.0,57.333333333333336
2015-05-11,66.0,81.0,0.009545454545454546,0.0,23,0,0,15.0,4.0,61.0
2015-05-12,61.0,84.0,0.005416666666666667,0.0,24,0,0,23.0,-5.0,63.0
2015-05-13,50.0,85.0,0.0,0.0,23,0,0,35.0,-11.0,59.0
2015-05-14,43.0,68.0,0.0,0.0,22,0,0,25.0,-7.0,51.333333333333336
2015-05-15,48.0,75.0,0.0,0.0,21,0,0,27.0,5.0,47.0
2015-05-16,51.0,84.0,0.048260869565217385,0.0,23,0,0,33.0,3.0,47.333333333333336
2015-05-17,64.0,85.0,0.5840740740740741,0.0,27,0,0,21.0,13.0,54.333333333333336
2015-05-18,64.0,87.0,0.05653846153846154,0.0,26,0,0,23.0,0.0,59.666666666666664
2015-05-19,56.0,86.0,0.8975862068965518,0.0,29,0,0,30.0,-8.0,61.333333333333336
2015-05-20,53.0,84.0,0.08083333333333333,0.0,24,0,0,31.0,-3.0,57.666666666666664
2015-05-21,48.0,68.0,0.012,0.0,25,0,0,20.0,-5.0,52.333333333333336
2015-05-22,45.0,72.0,0.1733333333333333,0.0,27,0,0,27.0,-3.0,48.666666666666664
2015-05-23,41.0,74.0,0.0,0.0,23,0,0,33.0,-4.0,44.666666666666664
2015-05-24,45.0,80.0,0.0,0.0,24,0,0,35.0,4.0,43.666666666666664
2015-05-25,45.0,82.0,0.0,0.0,21,0,0,37.0,0.0,43.666666666666664
2015-05-26,57.0,84.0,0.0,0.0,21,0,0,27.0,12.0,49.0
2015-05-27,59.0,85.0,0.004285714285714286,0.0,23,0,0,26.0,2.0,53.666666666666664
2015-05-28,62.0,85.0,0.09296296296296296,0.0,27,0,0,23.0,3.0,59.333333333333336
2015-05-29,66.0,86.0,0.0172,0.0,25,0,0,20.0,4.0,62.333333333333336
2015-05-30,64.0,85.0,0.030416666666666665,0.0,24,0,0,21.0,-2.0,64.0
2015-05-31,67.0,87.0,0.0016,0.0,25,0,0,20.0,3.0,65.66666666666667
2015-06-01,66.0,87.0,0.2803703703703704,0.0,27,0,0,21.0,-1.0,65.66666666666667
2015-06-02,54.0,85.0,1.3162962962962963,0.0,27,0,0,31.0,-12.0,62.333333333333336
2015-06-03,52.0,60.0,0.0928,0.0,25,0,0,8.0,-2.0,57.333333333333336
2015-06-04,53.0,60.0,0.08923076923076922,0.0,26,0,0,7.0,1.0,53.0
2015-06-05,54.0,69.0,0.3176,0.0,26,0,0,15.0,1.0,53.0
2015-06-06,56.0,73.0,0.013478260869565217,0.0,23,0,0,17.0,2.0,54.333333333333336
2015-06-07,57.0,77.0,0.0,0.0,22,0,0,20.0,1.0,55.666666666666664
2015-06-08,58.0,85.0,0.03619047619047619,0.0,22,0,0,27.0,1.0,57.0
2015-06-09,66.0,80.0,0.6065384615384615,0.0,26,0,0,14.0,8.0,60.333333333333336
2015-06-10,58.0,82.0,0.00045454545454545455,0.0,22,0,0,24.0,-8.0,60.666666666666664
2015-06-11,62.0,90.0,0.0,0.0,21,0,0,28.0,4.0,62.0
2015-06-12,65.0,90.0,0.0,0.0,18,0,0,25.0,3.0,61.666666666666664
2015-06-13,68.0,91.0,0.004,0.0,21,0,0,23.0,3.0,65.0
2015-06-14,68.0,88.0,0.1782608695652174,0.0,23,0,0,20.0,0.0,67.0
2015-06-15,71.0,89.0,0.1696153846153846,0.0,27,0,0,18.0,3.0,69.0
2015-06-16,68.0,87.0,0.12279999999999999,0.0,25,0,0,19.0,-3.0,69.0
2015-06-17,64.0,88.0,0.028947368421052635,0.0,20,0,0,24.0,-4.0,67.66666666666667
2015-06-18,66.0,85.0,0.43884615384615383,0.0,26,0,0,19.0,2.0,66.0
2015-06-19,67.0,88.0,0.5412,0.0,26,0,0,21.0,1.0,65.66666666666667
2015-06-20,67.0,84.0,0.16391304347826088,0.0,25,0,0,17.0,0.0,66.66666666666667
2015-06-21,68.0,87.0,1.3108000000000002,0.0,25,0,0,19.0,1.0,67.33333333333333
2015-06-22,66.0,88.0,0.0004347826086956522,0.0,23,0,0,22.0,-2.0,67.0
2015-06-23,61.0,91.0,0.20136363636363636,0.0,22,0,0,30.0,-5.0,65.0
2015-06-24,60.0,91.0,0.9212,0.0,25,0,0,31.0,-1.0,62.333333333333336
2015-06-25,59.0,81.0,0.06318181818181817,0.0,22,0,0,22.0,-1.0,60.0
2015-06-26,62.0,80.0,0.34159999999999996,0.0,25,0,0,18.0,3.0,60.333333333333336
2015-06-27,62.0,78.0,0.5417391304347826,0.0,23,0,0,16.0,0.0,61.0
2015-06-28,59.0,72.0,1.778095238095238,0.0,23,0,0,13.0,-3.0,61.0
2015-06-29,54.0,79.0,0.0010526315789473684,0.0,19,0,0,25.0,-5.0,58.333333333333336
2015-06-30,61.0,84.0,0.020476190476190474,0.0,22,0,0,23.0,7.0,58.0
2015-07-01,64.0,83.0,0.2668,0.0,26,0,0,19.0,3.0,59.666666666666664
2015-07-02,62.0,83.0,0.06565217391304348,0.0,23,0,0,21.0,-2.0,62.333333333333336
2015-07-03,59.0,83.0,0.019545454545454546,0.0,22,0,0,24.0,-3.0,61.666666666666664
2015-07-04,60.0,78.0,0.13541666666666666,0.0,24,0,0,18.0,1.0,60.333333333333336
2015-07-05,63.0,88.0,0.37666666666666665,0.0,21,0,0,25.0,3.0,60.666666666666664
2015-07-06,66.0,88.0,0.02857142857142857,0.0,24,0,0,22.0,3.0,63.0
2015-07-07,69.0,86.0,0.2004,0.0,26,0,0,17.0,3.0,66.0
2015-07-08,70.0,86.0,0.006521739130434784,0.0,23,0,0,16.0,1.0,68.33333333333333
2015-07-09,70.0,86.0,0.0525,0.0,25,0,0,16.0,0.0,69.66666666666667
2015-07-10,66.0,85.0,0.028695652173913046,0.0,24,0,0,19.0,-4.0,68.66666666666667
2015-07-11,66.0,81.0,0.04888888888888889,0.0,18,0,0,15.0,0.0,67.33333333333333
2015-07-12,60.0,83.0,0.01904761904761905,0.0,22,0,0,23.0,-6.0,64.0
2015-07-13,64.0,83.0,0.0025,0.0,21,0,0,19.0,4.0,63.333333333333336
2015-07-14,66.0,85.0,0.14478260869565218,0.0,23,0,0,19.0,2.0,63.333333333333336
2015-07-15,56.0,84.0,0.08041666666666668,0.0,24,0,0,28.0,-10.0,62.0
2015-07-16,56.0,81.0,0.008636363636363636,0.0,23,0,0,25.0,0.0,59.333333333333336
2015-07-17,59.0,80.0,0.0,0.0,21,0,0,21.0,3.0,57.0
2015-07-18,68.0,86.0,0.016842105263157894,0.0,20,0,0,18.0,9.0,61.0
2015-07-19,70.0,91.0,0.12000000000000001,0.0,23,0,0,21.0,2.0,65.66666666666667
2015-07-20,73.0,92.0,0.0,0.0,20,0,0,19.0,3.0,70.33333333333333
2015-07-21,69.0,90.0,0.030000000000000002,0.0,20,0,0,21.0,-4.0,70.66666666666667
2015-07-22,60.0,86.0,0.07260869565217391,0.0,24,0,0,26.0,-9.0,67.33333333333333
2015-07-23,58.0,86.0,0.0,0.0,21,0,0,28.0,-2.0,62.333333333333336
2015-07-24,57.0,81.0,0.0,0.0,21,0,0,24.0,-1.0,58.333333333333336
2015-07-25,58.0,85.0,0.0,0.0,21,0,0,27.0,1.0,57.666666666666664
2015-07-26,64.0,87.0,0.0005,0.0,20,0,0,23.0,6.0,59.666666666666664
2015-07-27,68.0,85.0,0.13956521739130434,0.0,23,0,0,17.0,4.0,63.333333333333336
2015-07-28,67.0,87.0,0.011818181818181818,0.0,22,0,0,20.0,-1.0,66.33333333333333
2015-07-29,68.0,89.0,0.009523809523809525,0.0,22,0,0,21.0,1.0,67.66666666666667
2015-07-30,70.0,86.0,0.18409090909090908,0.0,23,0,0,16.0,2.0,68.33333333333333
2015-07-31,62.0,88.0,0.23173913043478261,0.0,25,0,0,26.0,-8.0,66.66666666666667
2015-08-01,63.0,86.0,0.0,0.0,23,0,0,23.0,1.0,65.0
2015-08-02,61.0,86.0,0.00045454545454545455,0.0,22,0,0,25.0,-2.0,62.0
2015-08-03,62.0,89.0,0.0,0.0,23,0,0,27.0,1.0,62.0
2015-08-04,62.0,88.0,0.13846153846153847,0.0,27,0,0,26.0,0.0,61.666666666666664
2015-08-05,63.0,88.0,0.3128,0.0,25,0,0,25.0,1.0,62.333333333333336
2015-08-06,61.0,88.0,0.004761904761904762,0.0,21,0,0,27.0,-2.0,62.0
2015-08-07,62.0,78.0,0.029583333333333333,0.0,24,0,0,16.0,1.0,62.0
2015-08-08,61.0,80.0,0.0,0.0,23,0,0,19.0,-1.0,61.333333333333336
2015-08-09,62.0,83.0,0.0,0.0,20,0,0,21.0,1.0,61.666666666666664
2015-08-10,64.0,82.0,0.0892,0.0,25,0,0,18.0,2.0,62.333333333333336
2015-08-11,68.0,85.0,0.07833333333333334,0.0,25,0,0,17.0,4.0,64.66666666666667
2015-08-12,62.0,86.0,0.04153846153846154,0.0,26,0,0,24.0,-6.0,64.66666666666667
2015-08-13,58.0,86.0,0.0,0.0,21,0,0,28.0,-4.0,62.666666666666664
2015-08-14,54.0,84.0,0.0,0.0,20,0,0,30.0,-4.0,58.0
2015-08-15,55.0,88.0,0.0,0.0,21,0,0,33.0,1.0,55.666666666666664
2015-08-16,60.0,90.0,0.0,0.0,21,0,0,30.0,5.0,56.333333333333336
2015-08-17,65.0,91.0,0.0,0.0,20,0,0,26.0,5.0,60.0
2015-08-18,65.0,91.0,0.0,0.0,22,0,0,26.0,0.0,63.333333333333336
2015-08-19,63.0,91.0,0.002727272727272727,0.0,23,0,0,28.0,-2.0,64.33333333333333
2015-08-20,69.0,85.0,0.2577777777777778,0.0,27,0,0,16.0,6.0,65.66666666666667
2015-08-21,61.0,85.0,0.16518518518518518,0.0,27,0,0,24.0,-8.0,64.33333333333333
2015-08-22,56.0,81.0,0.0013636363636363637,0.0,22,0,0,25.0,-5.0,62.0
2015-08-23,55.0,81.0,0.0,0.0,22,0,0,26.0,-1.0,57.333333333333336
2015-08-24,62.0,88.0,0.009523809523809525,0.0,22,0,0,26.0,7.0,57.666666666666664
2015-08-25,60.0,86.0,0.16692307692307692,0.0,26,0,0,26.0,-2.0,59.0
2015-08-26,55.0,81.0,0.00045454545454545455,0.0,23,0,0,26.0,-5.0,59.0
2015-08-27,54.0,76.0,0.0,0.0,23,0,0,22.0,-1.0,56.333333333333336
2015-08-28,54.0,80.0,0.0,0.0,22,0,0,26.0,0.0,54.333333333333336
2015-08-29,54.0,85.0,0.0,0.0,20,0,0,31.0,0.0,54.0
2015-08-30,62.0,86.0,0.0,0.0,23,0,0,24.0,8.0,56.666666666666664
2015-08-31,68.0,85.0,0.0,0.0,22,0,0,17.0,6.0,61.333333333333336
2015-09-01,65.0,89.0,0.0,0.0,25,0,0,24.0,-3.0,65.0
2015-09-02,66.0,90.0,0.00045454545454545455,0.0,22,0,0,24.0,1.0,66.33333333333333
2015-09-03,65.0,90.0,0.0,0.0,25,0,0,25.0,-1.0,65.33333333333333
2015-09-04,66.0,90.0,0.10291666666666667,0.0,25,0,0,24.0,1.0,65.66666666666667
2015-09-05,67.0,88.0,0.003461538461538461,0.0,26,0,0,21.0,1.0,66.0
2015-09-06,60.0,84.0,0.0,0.0,23,0,0,24.0,-7.0,64.33333333333333
2015-09-07,56.0,89.0,0.0,0.0,24,0,0,33.0,-4.0,61.0
2015-09-08,64.0,91.0,0.0,0.0,24,0,0,27.0,8.0,60.0
2015-09-09,69.0,91.0,0.0,0.0,26,0,0,22.0,5.0,63.0
2015-09-10,65.0,88.0,0.020714285714285713,0.0,28,0,0,23.0,-4.0,66.0
2015-09-11,58.0,81.0,0.04259259259259259,0.0,27,0,0,23.0,-7.0,64.0
2015-09-12,56.0,81.0,0.04416666666666667,0.0,24,0,0,25.0,-2.0,59.666666666666664
2015-09-13,56.0,70.0,0.5262962962962964,0.0,27,0,0,14.0,0.0,56.666666666666664
2015-09-14,48.0,75.0,0.0009523809523809524,0.0,21,0,0,27.0,-8.0,53.333333333333336
2015-09-15,48.0,79.0,0.0,0.0,21,0,0,31.0,0.0,50.666666666666664
2015-09-16,51.0,83.0,0.0,0.0,20,0,0,32.0,3.0,49.0
2015-09-17,50.0,84.0,0.0,0.0,20,0,0,34.0,-1.0,49.666666666666664
2015-09-18,54.0,83.0,0.0,0.0,21,0,0,29.0,4.0,51.666666666666664
2015-09-19,62.0,85.0,0.0,0.0,20,0,0,23.0,8.0,55.333333333333336
2015-09-20,57.0,82.0,0.0,0.0,20,0,0,25.0,-5.0,57.666666666666664
2015-09-21,55.0,75.0,0.0315,0.0,21,0,0,20.0,-2.0,58.0
2015-09-22,55.0,69.0,0.2108,0.0,25,0,0,14.0,0.0,55.666666666666664
2015-09-23,51.0,75.0,0.0005,0.0,22,0,0,24.0,-4.0,53.666666666666664
2015-09-24,49.0,75.0,0.0,0.0,19,0,0,26.0,-2.0,51.666666666666664
2015-09-25,54.0,76.0,0.0,0.0,22,0,0,22.0,5.0,51.333333333333336
2015-09-26,58.0,69.0,0.0019047619047619048,0.0,21,0,0,11.0,4.0,53.666666666666664
2015-09-27,56.0,70.0,0.0025,0.0,20,0,0,14.0,-2.0,56.0
2015-09-28,59.0,77.0,0.0,0.0,25,0,0,18.0,3.0,57.666666666666664
2015-09-29,63.0,77.0,0.36000000000000004,0.0,24,0,0,14.0,4.0,59.333333333333336
2015-09-30,61.0,76.0,1.8739285714285714,0.0,29,0,0,15.0,-2.0,61.0
2015-10-01,52.0,76.0,0.09461538461538462,0.0,26,0,0,24.0,-9.0,58.666666666666664
2015-10-02,46.0,72.0,0.544074074074074,0.0,27,0,0,26.0,-6.0,53.0
2015-10-03,45.0,52.0,1.0204,0.0,25,0,0,7.0,-1.0,47.666666666666664
2015-10-04,47.0,54.0,0.0591304347826087,0.0,25,0,0,7.0,2.0,46.0
2015-10-05,45.0,63.0,0.00375,0.0,24,0,0,18.0,-2.0,45.666666666666664
2015-10-06,42.0,70.0,0.0004347826086956522,0.0,23,0,0,28.0,-3.0,44.666666666666664
2015-10-07,50.0,73.0,0.0,0.0,24,0,0,23.0,8.0,45.666666666666664
2015-10-08,50.0,74.0,0.0,0.0,23,0,0,24.0,0.0,47.333333333333336
2015-10-09,56.0,76.0,0.03916666666666667,0.0,24,0,0,20.0,6.0,52.0
2015-10-10,47.0,63.0,0.27695652173913043,0.0,24,0,0,16.0,-9.0,51.0
2015-10-11,38.0,76.0,0.0004761904761904762,0.0,21,0,0,38.0,-9.0,47.0
2015-10-12,46.0,73.0,0.0,0.0,21,0,0,27.0,8.0,43.666666666666664
2015-10-13,45.0,74.0,0.0004761904761904762,0.0,21,0,0,29.0,-1.0,43.0
2015-10-14,49.0,73.0,0.0014285714285714288,0.0,22,0,0,24.0,4.0,46.666666666666664
2015-10-15,42.0,65.0,0.0,0.0,20,0,0,23.0,-7.0,45.333333333333336
2015-10-16,42.0,63.0,0.0,0.0,21,0,0,21.0,0.0,44.333333333333336
2015-10-17,31.0,52.0,0.0,0.0,21,1,1,21.0,-11.0,38.333333333333336
2015-10-18,30.0,55.0,0.0,0.0,24,1,1,25.0,-1.0,34.333333333333336
2015-10-19,30.0,62.0,0.0,0.0,23,1,1,32.0,0.0,30.333333333333332
2015-10-20,35.0,69.0,0.0,0.0,21,0,0,34.0,5.0,31.666666666666668
2015-10-21,40.0,74.0,0.0,0.0,23,0,0,34.0,5.0,35.0
2015-10-22,41.0,76.0,0.0,0.0,22,0,0,35.0,1.0,38.666666666666664
2015-10-23,50.0,74.0,0.0,0.0,21,0,0,24.0,9.0,43.666666666666664
2015-10-24,43.0,64.0,0.0,0.0,23,0,0,21.0,-7.0,44.666666666666664
2015-10-25,43.0,71.0,0.034782608695652174,0.0,23,0,0,28.0,0.0,45.333333333333336
2015-10-26,35.0,56.0,0.010833333333333334,0.0,26,0,0,21.0,-8.0,40.333333333333336
2015-10-27,35.0,55.0,0.0020833333333333333,0.0,24,0,0,20.0,0.0,37.666666666666664
2015-10-28,50.0,67.0,0.37545454545454543,0.0,22,0,0,17.0,15.0,40.0
2015-10-29,39.0,68.0,1.0421739130434782,0.0,25,0,0,29.0,-11.0,41.333333333333336
2015-10-30,42.0,66.0,0.002,0.0,20,0,0,24.0,3.0,43.666666666666664
2015-10-31,33.0,57.0,0.0,0.0,20,0,0,24.0,-9.0,38.0
2015-11-01,35.0,63.0,0.020869565217391306,0.0,23,0,0,28.0,2.0,36.666666666666664
2015-11-02,42.0,64.0,0.030869565217391304,0.0,24,0,0,22.0,7.0,36.666666666666664
2015-11-03,43.0,72.0,0.0008695652173913044,0.0,23,0,0,29.0,1.0,40.0
2015-11-04,39.0,74.0,0.008695652173913044,0.0,24,0,0,35.0,-4.0,41.333333333333336
2015-11-05,47.0,74.0,0.14692307692307693,0.0,26,0,0,27.0,8.0,43.0
2015-11-06,57.0,76.0,0.006521739130434782,0.0,23,0,0,19.0,10.0,47.666666666666664
2015-11-07,51.0,79.0,0.015652173913043476,0.0,23,0,0,28.0,-6.0,51.666666666666664
2015-11-08,38.0,63.0,0.08363636363636363,0.0,23,0,0,25.0,-13.0,48.666666666666664
2015-11-09,30.0,58.0,0.07782608695652174,0.0,24,1,1,28.0,-8.0,39.666666666666664
2015-11-10,39.0,57.0,0.7166666666666667,0.0,27,0,0,18.0,9.0,35.666666666666664
2015-11-11,45.0,59.0,0.1484,0.0,26,0,0,14.0,6.0,38.0
2015-11-12,44.0,67.0,0.041363636363636366,0.0,23,0,0,23.0,-1.0,42.666666666666664
2015-11-13,46.0,59.0,0.1516,0.0,26,0,0,13.0,2.0,45.0
2015-11-14,40.0,57.0,0.0,0.0,21,0,0,17.0,-6.0,43.333333333333336
2015-11-15,30.0,62.0,0.0,0.0,22,1,1,32.0,-10.0,38.666666666666664
2015-11-16,32.0,64.0,0.0,0.0,23,1,1,32.0,2.0,34.0
2015-11-17,45.0,56.0,0.0,0.0,23,0,0,11.0,13.0,35.666666666666664
2015-11-18,42.0,61.0,0.0,0.0,23,0,0,19.0,-3.0,39.666666666666664
2015-11-19,56.0,62.0,0.1208,0.0,26,0,0,6.0,14.0,47.666666666666664
2015-11-20,36.0,63.0,0.32961538461538464,0.0,28,0,0,27.0,-20.0,44.666666666666664
2015-11-21,27.0,51.0,0.0,0.0,21,1,1,24.0,-9.0,39.666666666666664
2015-11-22,30.0,50.0,0.0,0.0,22,1,1,20.0,3.0,31.0
2015-11-23,26.0,43.0,0.0,0.0,24,1,1,17.0,-4.0,27.666666666666668
2015-11-24,31.0,49.0,0.0,0.0,24,1,1,18.0,5.0,29.0
2015-11-25,35.0,53.0,0.0,0.0,22,0,0,18.0,4.0,30.666666666666668
2015-11-26,35.0,59.0,0.0,0.0,23,0,0,24.0,0.0,33.666666666666664
2015-11-27,49.0,65.0,0.0,0.0,22,0,0,16.0,14.0,39.666666666666664
2015-11-28,39.0,67.0,0.0038095238095238095,0.0,22,0,0,28.0,-10.0,41.0
2015-11-29,37.0,68.0,0.26285714285714284,0.0,21,0,0,31.0,-2.0,41.666666666666664
2015-11-30,35.0,52.0,0.11157894736842106,0.0,22,0,0,17.0,-2.0,37.0
2015-12-01,38.0,50.0,0.4208695652173913,0.0,23,0,0,12.0,3.0,36.666666666666664
2015-12-02,43.0,65.0,0.5695238095238095,0.0,22,0,0,22.0,5.0,38.666666666666664
2015-12-03,33.0,55.0,0.205,0.0,25,0,0,22.0,-10.0,38.0
2015-12-04,33.0,47.0,0.004761904761904762,0.0,22,0,0,14.0,0.0,36.333333333333336
2015-12-05,25.0,48.0,0.0,0.0,22,1,1,23.0,-8.0,30.333333333333332
2015-12-06,24.0,51.0,0.0,0.0,23,1,1,27.0,-1.0,27.333333333333332
2015-12-07,27.0,57.0,0.0,0.0,21,1,1,30.0,3.0,25.333333333333332
2015-12-08,31.0,63.0,0.0,0.0,24,1,1,32.0,4.0,27.333333333333332
2015-12-09,34.0,43.0,0.00045454545454545455,0.0,22,0,0,9.0,3.0,30.666666666666668
2015-12-10,30.0,58.0,0.02846153846153846,0.0,26,1,1,28.0,-4.0,31.666666666666668
2015-12-11,33.0,59.0,0.00045454545454545455,0.0,22,0,0,26.0,3.0,32.333333333333336
2015-12-12,47.0,69.0,0.0,0.0,21,0,0,22.0,14.0,36.666666666666664
2015-12-13,41.0,70.0,0.0,0.0,22,0,0,29.0,-6.0,40.333333333333336
2015-12-14,45.0,70.0,0.0028000000000000004,0.0,25,0,0,25.0,4.0,44.333333333333336
2015-12-15,39.0,69.0,0.0962962962962963,0.0,27,0,0,30.0,-6.0,41.666666666666664
2015-12-16,37.0,70.0,0.00045454545454545455,0.0,22,0,0,33.0,-2.0,40.333333333333336
2015-12-17,39.0,53.0,0.11791666666666667,0.0,24,0,0,14.0,2.0,38.333333333333336
2015-12-18,31.0,51.0,0.44439999999999996,0.0,26,1,1,20.0,-8.0,35.666666666666664
2015-12-19,26.0,43.0,0.00045454545454545455,0.0,23,1,1,17.0,-5.0,32.0
2015-12-20,23.0,42.0,0.0,0.0,23,1,1,19.0,-3.0,26.666666666666668
2015-12-21,25.0,54.0,0.008636363636363636,0.0,22,1,1,29.0,2.0,24.666666666666668
2015-12-22,39.0,58.0,0.12571428571428572,0.0,21,0,0,19.0,14.0,29.0
2015-12-23,50.0,64.0,0.19736842105263158,0.0,22,0,0,14.0,11.0,38.0
2015-12-24,56.0,68.0,0.7017391304347826,0.0,23,0,0,12.0,6.0,48.333333333333336
2015-12-25,59.0,66.0,0.24869565217391304,0.0,23,0,0,7.0,3.0,55.0
2015-12-26,48.0,70.0,0.9263636363636363,0.0,22,0,0,22.0,-11.0,54.333333333333336
2015-12-27,48.0,65.0,0.037142857142857144,0.0,22,0,0,17.0,0.0,51.666666666666664
2015-12-28,36.0,56.0,0.09,0.0,22,0,0,20.0,-12.0,44.0
2015-12-29,36.0,47.0,0.626,0.0,25,0,0,11.0,0.0,40.0
2015-12-30,40.0,50.0,0.06086956521739131,0.0,23,0,0,10.0,4.0,37.333333333333336
2015-12-31,39.0,54.0,0.055,0.0,24,0,0,15.0,-1.0,38.333333333333336
2016-01-01,29.0,39.0,0.0009523809523809524,0.0,21,1,1,10.0,-10.0,36.0
2016-01-02,25.0,53.0,0.0,0.0,20,1,1,28.0,-4.0,31.0
2016-01-03,24.0,49.0,0.0,0.0,20,1,1,25.0,-1.0,26.0
2016-01-04,19.0,48.0,0.0,0.0,19,1,1,29.0,-5.0,22.666666666666668
2016-01-05,10.0,34.0,0.0,0.0,21,1,1,24.0,-9.0,17.666666666666668
2016-01-06,10.0,37.0,0.0,0.0,20,1,1,27.0,0.0,13.0
2016-01-07,10.0,38.0,0.0,0.0,21,1,1,28.0,0.0,10.0
2016-01-08,30.0,40.0,0.010434782608695651,0.0,23,1,1,10.0,20.0,16.666666666666668
2016-01-09,37.0,47.0,0.059565217391304354,0.0,23,0,0,10.0,7.0,25.666666666666668
2016-01-10,36.0,57.0,1.0231818181818182,0.0,23,0,0,21.0,-1.0,34.333333333333336
2016-01-11,22.0,58.0,0.065,0.0,22,1,1,36.0,-14.0,31.666666666666668
2016-01-12,21.0,40.0,0.003,0.03333333333333333,21,1,1,19.0,-1.0,26.333333333333332
2016-01-13,15.0,42.0,0.0,0.0,24,1,1,27.0,-6.0,19.333333333333332
2016-01-14,17.0,47.0,0.0,0.0,22,1,1,30.0,2.0,17.666666666666668
2016-01-15,23.0,49.0,0.06190476190476191,0.0,21,1,1,26.0,6.0,18.333333333333332
2016-01-16,28.0,51.0,0.3983333333333334,0.0,24,1,1,23.0,5.0,22.666666666666668
2016-01-17,29.0,52.0,0.00736842105263158,0.0642857142857143,19,1,1,23.0,1.0,26.666666666666668
2016-01-18,10.0,35.0,0.035,0.09444444444444446,21,1,1,25.0,-19.0,22.333333333333332
2016-01-19,10.0,34.0,0.0,0.0,18,1,1,24.0,0.0,16.333333333333332
2016-01-20,14.0,25.0,0.0035000000000000005,0.125,21,1,0,11.0,4.0,11.333333333333334
2016-01-21,14.0,29.0,0.022272727272727274,0.5619047619047619,24,1,0,15.0,0.0,12.666666666666666
2016-01-22,14.0,31.0,0.073,1.0736842105263158,20,1,0,17.0,0.0,14.0
2016-01-23,18.0,24.0,1.908235294117647,19.54,21,1,0,6.0,4.0,15.333333333333334
2016-01-24,14.0,25.0,0.879375,7.429411764705883,20,1,0,11.0,-4.0,15.333333333333334
2016-01-25,18.0,36.0,0.0,0.0,21,1,1,18.0,4.0,16.666666666666668
2016-01-26,28.0,46.0,0.0,0.0,21,1,1,18.0,10.0,20.0
2016-01-27,19.0,49.0,0.009047619047619047,0.0,21,1,1,30.0,-9.0,21.666666666666668
2016-01-28,15.0,46.0,0.0,0.0,22,1,1,31.0,-4.0,20.666666666666668
2016-01-29,16.0,40.0,0.004285714285714286,0.03888888888888889,21,1,1,24.0,1.0,16.666666666666668
2016-01-30,16.0,42.0,0.002857142857142857,0.0,21,1,1,26.0,0.0,15.666666666666666
2016-01-31,16.0,57.0,0.0005,0.0,21,1,1,41.0,0.0,16.0
2016-02-01,30.0,59.0,0.02727272727272727,0.0,22,1,1,29.0,14.0,20.666666666666668
2016-02-02,28.0,53.0,0.12090909090909091,0.0,23,1,1,25.0,-2.0,24.666666666666668
2016-02-03,28.0,53.0,0.21047619047619048,0.0,22,1,1,25.0,0.0,28.666666666666668
2016-02-04,35.0,53.0,0.6439130434782608,0.0,24,0,0,18.0,7.0,30.333333333333332
2016-02-05,30.0,46.0,0.014090909090909091,0.011764705882352941,22,1,1,16.0,-5.0,31.0
2016-02-06,21.0,41.0,0.0,0.0,22,1,1,20.0,-9.0,28.666666666666668
2016-02-07,21.0,43.0,0.0,0.0,21,1,1,22.0,0.0,24.0
2016-02-08,24.0,44.0,0.0013636363636363635,0.0,22,1,1,20.0,3.0,22.0
2016-02-09,28.0,37.0,0.21294117647058824,0.95,17,1,1,9.0,4.0,24.333333333333332
2016-02-10,20.0,35.0,0.13823529411764707,0.3764705882352941,19,1,1,15.0,-8.0,24.0
2016-02-11,15.0,37.0,0.0,0.0,23,1,1,22.0,-5.0,21.0
2016-02-12,10.0,27.0,0.0009523809523809524,0.027777777777777776,21,1,0,17.0,-5.0,15.0
2016-02-13,10.0,28.0,0.004545454545454546,0.10526315789473684,24,1,0,18.0,0.0,11.666666666666666
2016-02-14,4.0,20.0,0.0,0.0,21,1,0,16.0,-6.0,8.0
2016-02-15,11.0,26.0,0.151,1.4055555555555557,21,1,0,15.0,7.0,8.333333333333334
2016-02-16,18.0,44.0,0.5555,1.1375,21,1,1,26.0,7.0,11.0
2016-02-17,25.0,50.0,0.44421052631578944,0.0,22,1,1,25.0,7.0,18.0
2016-02-18,25.0,41.0,0.0,0.0,22,1,1,16.0,0.0,22.666666666666668
2016-02-19,16.0,37.0,0.0,0.0,23,1,1,21.0,-9.0,22.0
2016-02-20,20.0,64.0,0.0,0.0,22,1,1,44.0,4.0,20.333333333333332
2016-02-21,34.0,63.0,0.013181818181818183,0.0,22,0,0,29.0,14.0,23.333333333333332
2016-02-22,32.0,52.0,0.06958333333333333,0.0,24,1,1,20.0,-2.0,28.666666666666668
2016-02-23,32.0,54.0,0.12863636363636363,0.0,22,1,1,22.0,0.0,32.666666666666664
2016-02-24,33.0,60.0,0.6740909090909091,0.0,22,0,0,27.0,1.0,32.333333333333336
2016-02-25,32.0,62.0,1.008695652173913,0.0,25,1,1,30.0,-1.0,32.333333333333336
2016-02-26,28.0,46.0,0.0014285714285714286,0.0,21,1,1,18.0,-4.0,31.0
2016-02-27,22.0,42.0,0.0,0.0,24,1,1,20.0,-6.0,27.333333333333332
2016-02-28,25.0,62.0,0.0,0.0,22,1,1,37.0,3.0,25.0
2016-02-29,32.0,62.0,0.0,0.0,23,1,1,30.0,7.0,26.333333333333332
2016-03-01,29.0,64.0,0.0,0.0,24,1,1,35.0,-3.0,28.666666666666668
2016-03-02,26.0,62.0,0.13166666666666668,0.0,24,1,1,36.0,-3.0,29.0
2016-03-03,20.0,61.0,0.010434782608695653,0.175,23,1,1,41.0,-6.0,25.0
2016-03-04,28.0,39.0,0.1416,1.5833333333333333,26,1,1,11.0,8.0,24.666666666666668
2016-03-05,31.0,41.0,0.0,0.0,23,1,1,10.0,3.0,26.333333333333332
2016-03-06,32.0,47.0,0.010434782608695651,0.03571428571428571,23,1,1,15.0,1.0,30.333333333333332
2016-03-07,27.0,63.0,0.0,0.0,24,1,1,36.0,-5.0,30.0
2016-03-08,45.0,74.0,0.0,0.0,25,0,0,29.0,18.0,34.666666666666664
2016-03-09,47.0,79.0,0.0,0.0,22,0,0,32.0,2.0,39.666666666666664
2016-03-10,37.0,79.0,0.0,0.0,23,0,0,42.0,-10.0,43.0
2016-03-11,37.0,80.0,0.0,0.0,23,0,0,43.0,0.0,40.333333333333336
2016-03-12,39.0,69.0,0.0,0.0,22,0,0,30.0,2.0,37.666666666666664
2016-03-13,43.0,58.0,0.0890909090909091,0.0,22,0,0,15.0,4.0,39.666666666666664
2016-03-14,44.0,58.0,0.68,0.0,26,0,0,14.0,1.0,42.0
2016-03-15,42.0,57.0,0.05304347826086957,0.0,24,0,0,15.0,-2.0,43.0
2016-03-16,44.0,71.0,0.008636363636363636,0.0,22,0,0,27.0,2.0,43.333333333333336
2016-03-17,40.0,66.0,0.0,0.0,21,0,0,26.0,-4.0,42.0
2016-03-18,34.0,65.0,0.0,0.0,23,0,0,31.0,-6.0,39.333333333333336
2016-03-19,32.0,68.0,0.07095238095238095,0.11666666666666667,21,1,1,36.0,-2.0,35.333333333333336
2016-03-20,32.0,64.0,0.27391304347826084,0.0,25,1,1,32.0,0.0,32.666666666666664
2016-03-21,32.0,51.0,0.005,0.0,24,1,1,19.0,0.0,32.0
2016-03-22,27.0,57.0,0.0,0.0,23,1,1,30.0,-5.0,30.333333333333332
2016-03-23,33.0,71.0,0.0,0.0,24,0,0,38.0,6.0,30.666666666666668
2016-03-24,41.0,76.0,0.0,0.0,23,0,0,35.0,8.0,33.666666666666664
2016-03-25,36.0,76.0,0.012272727272727274,0.0,22,0,0,40.0,-5.0,36.666666666666664
2016-03-26,32.0,75.0,0.018181818181818184,0.0,22,1,1,43.0,-4.0,36.333333333333336
2016-03-27,36.0,76.0,0.0038095238095238095,0.0,21,0,0,40.0,4.0,34.666666666666664
2016-03-28,44.0,65.0,0.35043478260869565,0.0,24,0,0,21.0,8.0,37.333333333333336
2016-03-29,40.0,66.0,0.04416666666666667,0.0,24,0,0,26.0,-4.0,40.0
2016-03-30,28.0,60.0,0.0,0.0,22,1,1,32.0,-12.0,37.333333333333336
2016-03-31,34.0,69.0,0.0,0.0,22,0,0,35.0,6.0,34.0
2016-04-01,59.0,80.0,0.0027272727272727275,0.0,22,0,0,21.0,25.0,40.333333333333336
2016-04-02,41.0,81.0,0.13521739130434784,0.0,24,0,0,40.0,-18.0,44.666666666666664
2016-04-03,30.0,58.0,0.06304347826086956,0.0,24,1,1,28.0,-11.0,43.333333333333336
2016-04-04,38.0,70.0,0.030833333333333334,0.0,24,0,0,32.0,8.0,36.333333333333336
2016-04-05,25.0,69.0,0.1664,0.0,25,1,1,44.0,-13.0,31.0
2016-04-06,28.0,53.0,0.0016666666666666668,0.0,24,1,1,25.0,3.0,30.333333333333332
2016-04-07,23.0,60.0,0.1796,0.0,25,1,1,37.0,-5.0,25.333333333333332
2016-04-08,31.0,54.0,0.7521739130434782,0.0,23,1,1,23.0,8.0,27.333333333333332
2016-04-09,30.0,50.0,0.1016,0.06,25,1,1,20.0,-1.0,28.0
2016-04-10,23.0,49.0,0.035833333333333335,0.0,24,1,1,26.0,-7.0,28.0
2016-04-11,33.0,71.0,0.0136,0.0,25,0,0,38.0,10.0,28.666666666666668
2016-04-12,44.0,71.0,0.031200000000000002,0.0,25,0,0,27.0,11.0,33.333333333333336
2016-04-13,34.0,61.0,0.037083333333333336,0.0,24,0,0,27.0,-10.0,37.0
2016-04-14,32.0,62.0,0.0,0.0,23,1,1,30.0,-2.0,36.666666666666664
2016-04-15,33.0,63.0,0.0,0.0,25,0,0,30.0,1.0,33.0
2016-04-16,33.0,69.0,0.0,0.0,24,0,0,36.0,0.0,32.666666666666664
2016-04-17,33.0,72.0,0.0,0.0,24,0,0,39.0,0.0,33.0
2016-04-18,43.0,80.0,0.0,0.0,23,0,0,37.0,10.0,36.333333333333336
2016-04-19,43.0,80.0,0.0,0.0,25,0,0,37.0,0.0,39.666666666666664
2016-04-20,39.0,80.0,0.0,0.0,23,0,0,41.0,-4.0,41.666666666666664
2016-04-21,44.0,72.0,0.0,0.0,25,0,0,28.0,5.0,42.0
2016-04-22,53.0,76.0,0.0020833333333333333,0.0,24,0,0,23.0,9.0,45.333333333333336
2016-04-23,52.0,71.0,0.08458333333333333,0.0,24,0,0,19.0,-1.0,49.666666666666664
2016-04-24,40.0,67.0,0.07958333333333334,0.0,24,0,0,27.0,-12.0,48.333333333333336
2016-04-25,46.0,84.0,0.045,0.0,22,0,0,38.0,6.0,46.0
2016-04-26,47.0,82.0,0.0,0.0,24,0,0,35.0,1.0,44.333333333333336
2016-04-27,50.0,83.0,0.004230769230769231,0.0,26,0,0,33.0,3.0,47.666666666666664
2016-04-28,44.0,53.0,0.09185185185185185,0.0,27,0,0,9.0,-6.0,47.0
2016-04-29,42.0,57.0,0.27399999999999997,0.0,26,0,0,15.0,-2.0,45.333333333333336
2016-04-30,46.0,57.0,0.016666666666666666,0.0,25,0,0,11.0,4.0,44.0
2016-05-01,48.0,54.0,0.40391304347826085,0.0,24,0,0,6.0,2.0,45.333333333333336
2016-05-02,50.0,76.0,0.5704347826086957,0.0,24,0,0,26.0,2.0,48.0
2016-05-03,53.0,75.0,1.2888461538461538,0.0,27,0,0,22.0,3.0,50.333333333333336
2016-05-04,50.0,66.0,0.26107142857142857,0.0,29,0,0,16.0,-3.0,51.0
2016-05-05,47.0,57.0,0.0376923076923077,0.0,26,0,0,10.0,-3.0,50.0
2016-05-06,48.0,53.0,0.2725,0.0,24,0,0,5.0,1.0,48.333333333333336
2016-05-07,47.0,63.0,0.8673913043478261,0.0,25,0,0,16.0,-1.0,47.333333333333336
2016-05-08,48.0,68.0,0.0575,0.0,26,0,0,20.0,1.0,47.666666666666664
2016-05-09,43.0,60.0,0.012173913043478262,0.0,24,0,0,17.0,-5.0,46.0
2016-05-10,50.0,61.0,0.08423076923076923,0.0,26,0,0,11.0,7.0,47.0
2016-05-11,49.0,61.0,0.2459259259259259,0.0,27,0,0,12.0,-1.0,47.333333333333336
2016-05-12,52.0,67.0,0.23038461538461538,0.0,26,0,0,15.0,3.0,50.333333333333336
2016-05-13,56.0,73.0,0.022173913043478263,0.0,25,0,0,17.0,4.0,52.333333333333336
2016-05-14,46.0,74.0,0.09999999999999999,0.0,25,0,0,28.0,-10.0,51.333333333333336
2016-05-15,41.0,75.0,0.1348,0.0,25,0,0,34.0,-5.0,47.666666666666664
2016-05-16,36.0,65.0,0.0013043478260869566,0.0,24,0,0,29.0,-5.0,41.0
2016-05-17,40.0,65.0,0.06916666666666667,0.0,25,0,0,25.0,4.0,39.0
2016-05-18,48.0,60.0,0.25655172413793104,0.0,29,0,0,12.0,8.0,41.333333333333336
2016-05-19,50.0,69.0,0.005384615384615385,0.0,26,0,0,19.0,2.0,46.0
2016-05-20,46.0,75.0,0.0,0.0,26,0,0,29.0,-4.0,48.0
2016-05-21,49.0,63.0,0.304,0.0,25,0,0,14.0,3.0,48.333333333333336
2016-05-22,49.0,56.0,0.361304347826087,0.0,24,0,0,7.0,0.0,48.0
2016-05-23,53.0,74.0,0.36272727272727273,0.0,25,0,0,21.0,4.0,50.333333333333336
2016-05-24,52.0,80.0,0.21760000000000002,0.0,25,0,0,28.0,-1.0,51.333333333333336
2016-05-25,53.0,83.0,0.0020833333333333333,0.0,24,0,0,30.0,1.0,52.666666666666664
2016-05-26,54.0,87.0,0.0,0.0,25,0,0,33.0,1.0,53.0
2016-05-27,65.0,88.0,0.0025,0.0,24,0,0,23.0,11.0,57.333333333333336
2016-05-28,64.0,88.0,0.0,0.0,24,0,0,24.0,-1.0,61.0
2016-05-29,60.0,84.0,0.03958333333333333,0.0,25,0,0,24.0,-4.0,63.0
2016-05-30,60.0,81.0,0.2125925925925926,0.0,27,0,0,21.0,0.0,61.333333333333336
2016-05-31,64.0,85.0,0.002,0.0,25,0,0,21.0,4.0,61.333333333333336
2016-06-01,60.0,86.0,0.0,0.0,24,0,0,26.0,-4.0,61.333333333333336
2016-06-02,63.0,86.0,0.0,0.0,25,0,0,23.0,3.0,62.333333333333336
2016-06-03,66.0,80.0,0.17423076923076924,0.0,26,0,0,14.0,3.0,63.0
2016-06-04,66.0,81.0,0.3869230769230769,0.0,26,0,0,15.0,0.0,65.0
2016-06-05,64.0,82.0,0.1373076923076923,0.0,26,0,0,18.0,-2.0,65.33333333333333
2016-06-06,63.0,83.0,0.2665384615384615,0.0,27,0,0,20.0,-1.0,64.33333333333333
2016-06-07,63.0,84.0,0.006,0.0,27,0,0,21.0,0.0,63.333333333333336
2016-06-08,53.0,82.0,0.020384615384615386,0.0,26,0,0,29.0,-10.0,59.666666666666664
2016-06-09,46.0,76.0,0.0023076923076923075,0.0,26,0,0,30.0,-7.0,54.0
2016-06-10,52.0,78.0,0.0,0.0,24,0,0,26.0,6.0,50.333333333333336
2016-06-11,60.0,91.0,0.0,0.0,25,0,0,31.0,8.0,52.666666666666664
2016-06-12,68.0,86.0,0.0,0.0,24,0,0,18.0,8.0,60.0
2016-06-13,56.0,83.0,0.0,0.0,25,0,0,27.0,-12.0,61.333333333333336
2016-06-14,60.0,77.0,0.0,0.0,26,0,0,17.0,4.0,61.333333333333336
2016-06-15,55.0,80.0,0.016923076923076923,0.0,26,0,0,25.0,-5.0,57.0
2016-06-16,62.0,79.0,0.2580769230769231,0.0,27,0,0,17.0,7.0,59.0
2016-06-17,58.0,80.0,0.5180769230769231,0.0,27,0,0,22.0,-4.0,58.333333333333336
2016-06-18,51.0,83.0,0.0004,0.0,25,0,0,32.0,-7.0,57.0
2016-06-19,56.0,85.0,0.0,0.0,25,0,0,29.0,5.0,55.0
2016-06-20,60.0,91.0,0.0,0.0,25,0,0,31.0,4.0,55.666666666666664
2016-06-21,65.0,88.0,0.3612,0.0,25,0,0,23.0,5.0,60.333333333333336
2016-06-22,64.0,85.0,1.1613333333333336,0.0,30,0,0,21.0,-1.0,63.0
2016-06-23,62.0,79.0,0.20666666666666667,0.0,27,0,0,17.0,-2.0,63.666666666666664
2016-06-24,66.0,80.0,0.13555555555555557,0.0,27,0,0,14.0,4.0,64.0
2016-06-25,58.0,82.0,0.08962962962962963,0.0,27,0,0,24.0,-8.0,62.0
2016-06-26,58.0,82.0,0.0,0.0,26,0,0,24.0,0.0,60.666666666666664
2016-06-27,62.0,86.0,0.0003846153846153846,0.0,26,0,0,24.0,4.0,59.333333333333336
2016-06-28,62.0,86.0,0.03310344827586207,0.0,29,0,0,24.0,0.0,60.666666666666664
2016-06-29,61.0,76.0,0.20935483870967742,0.0,31,0,0,15.0,-1.0,61.666666666666664
2016-06-30,56.0,80.0,0.0019230769230769232,0.0,26,0,0,24.0,-5.0,59.666666666666664
2016-07-01,63.0,84.0,0.02076923076923077,0.0,26,0,0,21.0,7.0,60.0
2016-07-02,62.0,84.0,0.02310344827586207,0.0,29,0,0,22.0,-1.0,60.333333333333336
2016-07-03,61.0,72.0,0.004074074074074074,0.0,27,0,0,11.0,-1.0,62.0
2016-07-04,62.0,72.0,0.10888888888888888,0.0,27,0,0,10.0,1.0,61.666666666666664
2016-07-05,66.0,85.0,1.1756666666666669,0.0,30,0,0,19.0,4.0,63.0
2016-07-06,69.0,88.0,0.012499999999999999,0.0,24,0,0,19.0,3.0,65.66666666666667
2016-07-07,69.0,90.0,0.0,0.0,25,0,0,21.0,0.0,68.0
2016-07-08,69.0,89.0,0.033913043478260865,0.0,24,0,0,20.0,0.0,69.0
2016-07-09,68.0,90.0,0.0837037037037037,0.0,28,0,0,22.0,-1.0,68.66666666666667
2016-07-10,65.0,81.0,0.0003846153846153846,0.0,27,0,0,16.0,-3.0,67.33333333333333
2016-07-11,59.0,83.0,0.002,0.0,25,0,0,24.0,-6.0,64.0
2016-07-12,65.0,84.0,0.0,0.0,27,0,0,19.0,6.0,63.0
2016-07-13,62.0,86.0,0.0,0.0,23,0,0,24.0,-3.0,62.0
2016-07-14,71.0,92.0,0.0124,0.0,25,0,0,21.0,9.0,66.0
2016-07-15,70.0,93.0,0.0,0.0,22,0,0,23.0,-1.0,67.66666666666667
2016-07-16,66.0,93.0,0.03208333333333333,0.0,24,0,0,27.0,-4.0,69.0
2016-07-17,64.0,86.0,0.1417857142857143,0.0,28,0,0,22.0,-2.0,66.66666666666667
2016-07-18,69.0,89.0,0.0475,0.0,20,0,0,20.0,5.0,66.33333333333333
2016-07-19,67.0,92.0,0.29291666666666666,0.0,24,0,0,25.0,-2.0,66.66666666666667
2016-07-20,64.0,87.0,0.3069230769230769,0.0,26,0,0,23.0,-3.0,66.66666666666667
2016-07-21,61.0,87.0,0.0009090909090909091,0.0,22,0,0,26.0,-3.0,64.0
2016-07-22,65.0,88.0,0.0,0.0,25,0,0,23.0,4.0,63.333333333333336
2016-07-23,66.0,94.0,0.0,0.0,22,0,0,28.0,1.0,64.0
2016-07-24,69.0,93.0,0.00045454545454545455,0.0,22,0,0,24.0,3.0,66.66666666666667
2016-07-25,72.0,97.0,0.0232,0.0,26,0,0,25.0,3.0,69.0
2016-07-26,71.0,96.0,0.006190476190476191,0.0,21,0,0,25.0,-1.0,70.66666666666667
2016-07-27,73.0,90.0,0.0,0.0,21,0,0,17.0,2.0,72.0
2016-07-28,72.0,91.0,0.23470588235294118,0.0,18,0,0,19.0,-1.0,72.0
2016-07-29,69.0,91.0,1.6114814814814815,0.0,27,0,0,22.0,-3.0,71.33333333333333
2016-07-30,68.0,84.0,0.6728571428571428,0.0,22,0,0,16.0,-1.0,69.66666666666667
2016-07-31,66.0,86.0,1.299642857142857,0.0,28,0,0,20.0,-2.0,67.66666666666667
2016-08-01,68.0,87.0,0.13541666666666666,0.0,26,0,0,19.0,2.0,67.33333333333333
2016-08-02,69.0,88.0,0.011250000000000001,0.0,25,0,0,19.0,1.0,67.66666666666667
2016-08-03,66.0,88.0,0.0024,0.0,25,0,0,22.0,-3.0,67.66666666666667
2016-08-04,63.0,88.0,0.0,0.0,25,0,0,25.0,-3.0,66.0
2016-08-05,65.0,81.0,0.0,0.0,25,0,0,16.0,2.0,64.66666666666667
2016-08-06,65.0,91.0,0.0008,0.0,25,0,0,26.0,0.0,64.33333333333333
2016-08-07,62.0,87.0,0.0384,0.0,25,0,0,25.0,-3.0,64.0
2016-08-08,63.0,86.0,0.0,0.0,24,0,0,23.0,1.0,63.333333333333336
2016-08-09,62.0,84.0,0.0008333333333333334,0.0,24,0,0,22.0,-1.0,62.333333333333336
2016-08-10,68.0,90.0,0.00037037037037037035,0.0,28,0,0,22.0,6.0,64.33333333333333
2016-08-11,73.0,92.0,0.0,0.0,26,0,0,19.0,5.0,67.66666666666667
2016-08-12,75.0,91.0,0.0284,0.0,25,0,0,16.0,2.0,72.0
2016-08-13,74.0,91.0,0.045714285714285714,0.0,28,0,0,17.0,-1.0,74.0
2016-08-14,72.0,93.0,0.07814814814814815,0.0,27,0,0,21.0,-2.0,73.66666666666667
2016-08-15,68.0,94.0,0.41000000000000003,0.0,27,0,0,26.0,-4.0,71.33333333333333
2016-08-16,69.0,91.0,0.9157142857142857,0.0,29,0,0,22.0,1.0,69.66666666666667
2016-08-17,69.0,90.0,0.3048,0.0,26,0,0,21.0,0.0,68.66666666666667
2016-08-18,70.0,88.0,0.7996666666666667,0.0,30,0,0,18.0,1.0,69.33333333333333
2016-08-19,64.0,86.0,0.0,0.0,24,0,0,22.0,-6.0,67.66666666666667
2016-08-20,66.0,87.0,0.0,0.0,24,0,0,21.0,2.0,66.66666666666667
2016-08-21,65.0,86.0,0.04916666666666667,0.0,24,0,0,21.0,-1.0,65.0
2016-08-22,61.0,81.0,0.3910344827586207,0.0,29,0,0,20.0,-4.0,64.0
2016-08-23,59.0,81.0,0.0009090909090909091,0.0,22,0,0,22.0,-2.0,61.666666666666664
2016-08-24,57.0,83.0,0.0,0.0,25,0,0,26.0,-2.0,59.0
2016-08-25,63.0,87.0,0.0,0.0,24,0,0,24.0,6.0,59.666666666666664
2016-08-26,64.0,88.0,0.0,0.0,25,0,0,24.0,1.0,61.333333333333336
2016-08-27,67.0,90.0,0.0,0.0,26,0,0,23.0,3.0,64.66666666666667
2016-08-28,65.0,87.0,0.0,0.0,27,0,0,22.0,-2.0,65.33333333333333
2016-08-29,64.0,88.0,0.0,0.0,26,0,0,24.0,-1.0,65.33333333333333
2016-08-30,63.0,88.0,0.0,0.0,26,0,0,25.0,-1.0,64.0
2016-08-31,64.0,86.0,0.02125,0.0,24,0,0,22.0,1.0,63.666666666666664
2016-09-01,66.0,80.0,0.24384615384615385,0.0,27,0,0,14.0,2.0,64.33333333333333
2016-09-02,58.0,79.0,0.2,0.0,26,0,0,21.0,-8.0,62.666666666666664
2016-09-03,59.0,75.0,0.0013636363636363635,0.0,22,0,0,16.0,1.0,61.0
2016-09-04,58.0,77.0,0.0,0.0,22,0,0,19.0,-1.0,58.333333333333336
2016-09-05,56.0,81.0,0.0,0.0,23,0,0,25.0,-2.0,57.666666666666664
2016-09-06,59.0,86.0,0.0,0.0,24,0,0,27.0,3.0,57.666666666666664
2016-09-07,64.0,88.0,0.08391304347826087,0.0,23,0,0,24.0,5.0,59.666666666666664
2016-09-08,62.0,89.0,0.48166666666666663,0.0,30,0,0,27.0,-2.0,61.666666666666664
2016-09-09,62.0,90.0,0.0008695652173913044,0.0,23,0,0,28.0,0.0,62.666666666666664
2016-09-10,62.0,90.0,0.002272727272727273,0.0,22,0,0,28.0,0.0,62.0
2016-09-11,62.0,89.0,0.0,0.0,22,0,0,27.0,0.0,62.0
2016-09-12,57.0,81.0,0.0,0.0,25,0,0,24.0,-5.0,60.333333333333336
2016-09-13,58.0,84.0,0.0,0.0,23,0,0,26.0,1.0,59.0
2016-09-14,62.0,86.0,0.0,0.0,23,0,0,24.0,4.0,59.0
2016-09-15,61.0,88.0,0.0016666666666666668,0.0,25,0,0,27.0,-1.0,60.333333333333336
2016-09-16,61.0,72.0,0.0,0.0,24,0,0,11.0,0.0,61.333333333333336
2016-09-17,61.0,77.0,0.0,0.0,23,0,0,16.0,0.0,61.0
2016-09-18,59.0,83.0,0.0,0.0,24,0,0,24.0,-2.0,60.333333333333336
2016-09-19,67.0,84.0,0.0596,0.0,25,0,0,17.0,8.0,62.333333333333336
2016-09-20,64.0,76.0,0.18875,0.0,25,0,0,12.0,-3.0,63.333333333333336
2016-09-21,62.0,78.0,0.0,0.0,23,0,0,16.0,-2.0,64.33333333333333
2016-09-22,59.0,81.0,0.0008333333333333334,0.0,24,0,0,22.0,-3.0,61.666666666666664
2016-09-23,58.0,85.0,0.0,0.0,24,0,0,27.0,-1.0,59.666666666666664
2016-09-24,56.0,86.0,0.0,0.0,22,0,0,30.0,-2.0,57.666666666666664
2016-09-25,48.0,70.0,0.0,0.0,25,0,0,22.0,-8.0,54.0
2016-09-26,52.0,71.0,0.007916666666666667,0.0,24,0,0,19.0,4.0,52.0
2016-09-27,56.0,74.0,0.18766666666666668,0.0,30,0,0,18.0,4.0,52.0
2016-09-28,54.0,73.0,0.1473913043478261,0.0,23,0,0,19.0,-2.0,54.0
2016-09-29,60.0,73.0,1.8520689655172413,0.0,30,0,0,13.0,6.0,56.666666666666664
2016-09-30,55.0,72.0,0.577037037037037,0.0,27,0,0,17.0,-5.0,56.333333333333336
2016-10-01,58.0,62.0,0.1825,0.0,24,0,0,4.0,3.0,57.666666666666664
2016-10-02,59.0,68.0,0.09416666666666668,0.0,25,0,0,9.0,1.0,57.333333333333336
2016-10-03,56.0,71.0,0.007272727272727273,0.0,22,0,0,15.0,-3.0,57.666666666666664
2016-10-04,51.0,73.0,0.0,0.0,25,0,0,22.0,-5.0,55.333333333333336
2016-10-05,51.0,71.0,0.0,0.0,25,0,0,20.0,0.0,52.666666666666664
2016-10-06,49.0,68.0,0.0,0.0,25,0,0,19.0,-2.0,50.333333333333336
2016-10-07,54.0,70.0,0.0004,0.0,25,0,0,16.0,5.0,51.333333333333336
2016-10-08,55.0,69.0,0.024615384615384615,0.0,26,0,0,14.0,1.0,52.666666666666664
2016-10-09,52.0,66.0,0.10214285714285713,0.0,28,0,0,14.0,-3.0,53.666666666666664
2016-10-10,43.0,65.0,0.0,0.0,25,0,0,22.0,-9.0,50.0
2016-10-11,37.0,63.0,0.0,0.0,24,0,0,26.0,-6.0,44.0
2016-10-12,39.0,65.0,0.0,0.0,25,0,0,26.0,2.0,39.666666666666664
2016-10-13,43.0,66.0,0.0,0.0,23,0,0,23.0,4.0,39.666666666666664
2016-10-14,39.0,69.0,0.0,0.0,23,0,0,30.0,-4.0,40.333333333333336
2016-10-15,41.0,63.0,0.0,0.0,23,0,0,22.0,2.0,41.0
2016-10-16,40.0,72.0,0.0,0.0,23,0,0,32.0,-1.0,40.0
2016-10-17,50.0,79.0,0.0,0.0,22,0,0,29.0,10.0,43.666666666666664
2016-10-18,53.0,82.0,0.0,0.0,22,0,0,29.0,3.0,47.666666666666664
2016-10-19,57.0,83.0,0.0,0.0,22,0,0,26.0,4.0,53.333333333333336
2016-10-20,61.0,83.0,0.0009090909090909091,0.0,23,0,0,22.0,4.0,57.0
2016-10-21,55.0,80.0,0.044782608695652176,0.0,24,0,0,25.0,-6.0,57.666666666666664
2016-10-22,46.0,76.0,0.1748,0.0,26,0,0,30.0,-9.0,54.0
2016-10-23,42.0,76.0,0.0,0.0,22,0,0,34.0,-4.0,47.666666666666664
2016-10-24,47.0,66.0,0.0,0.0,25,0,0,19.0,5.0,45.0
2016-10-25,37.0,68.0,0.0,0.0,24,0,0,31.0,-10.0,42.0
2016-10-26,31.0,60.0,0.0,0.0,24,1,1,29.0,-6.0,38.333333333333336
2016-10-27,33.0,58.0,0.007916666666666667,0.0,24,0,0,25.0,2.0,33.666666666666664
2016-10-28,32.0,59.0,0.0375,0.0,28,1,1,27.0,-1.0,32.0
2016-10-29,35.0,72.0,0.0,0.0,25,0,0,37.0,3.0,33.333333333333336
2016-10-30,37.0,80.0,0.005384615384615384,0.0,26,0,0,43.0,2.0,34.666666666666664
2016-10-31,40.0,81.0,0.02428571428571429,0.0,28,0,0,41.0,3.0,37.333333333333336
2016-11-01,39.0,56.0,0.0008,0.0,26,0,0,17.0,-1.0,38.666666666666664
2016-11-02,26.0,75.0,0.0,0.0,24,1,1,49.0,-13.0,35.0
2016-11-03,49.0,74.0,0.0052,0.0,25,0,0,25.0,23.0,38.0
2016-11-04,43.0,74.0,0.006538461538461539,0.0,26,0,0,31.0,-6.0,39.333333333333336
2016-11-05,36.0,62.0,0.0,0.0,24,0,0,26.0,-7.0,42.666666666666664
2016-11-06,36.0,64.0,0.0,0.0,22,0,0,28.0,0.0,38.333333333333336
2016-11-07,33.0,64.0,0.0,0.0,23,0,0,31.0,-3.0,35.0
2016-11-08,30.0,67.0,0.0,0.0,25,1,1,37.0,-3.0,33.0
2016-11-09,38.0,67.0,0.105,0.0,28,0,0,29.0,8.0,33.666666666666664
2016-11-10,38.0,58.0,0.07928571428571429,0.0,28,0,0,20.0,0.0,35.333333333333336
2016-11-11,37.0,61.0,0.0,0.0,25,0,0,24.0,-1.0,37.666666666666664
2016-11-12,28.0,61.0,0.0,0.0,26,1,1,33.0,-9.0,34.333333333333336
2016-11-13,25.0,58.0,0.0,0.0,24,1,1,33.0,-3.0,30.0
2016-11-14,26.0,60.0,0.0008333333333333334,0.0,24,1,1,34.0,1.0,26.333333333333332
2016-11-15,32.0,61.0,0.026153846153846156,0.0,26,1,1,29.0,6.0,27.666666666666668
2016-11-16,31.0,60.0,0.0016666666666666668,0.0,24,1,1,29.0,-1.0,29.666666666666668
2016-11-17,36.0,60.0,0.010384615384615384,0.0,26,0,0,24.0,5.0,33.0
2016-11-18,30.0,68.0,0.0,0.0,24,1,1,38.0,-6.0,32.333333333333336
2016-11-19,38.0,69.0,0.0068000000000000005,0.0,25,0,0,31.0,8.0,34.666666666666664
2016-11-20,33.0,68.0,0.025,0.0,26,0,0,35.0,-5.0,33.666666666666664
2016-11-21,31.0,42.0,0.0,0.0,25,1,1,11.0,-2.0,34.0
2016-11-22,30.0,44.0,0.0,0.0,24,1,1,14.0,-1.0,31.333333333333332
2016-11-23,21.0,49.0,0.0,0.0,25,1,1,28.0,-9.0,27.333333333333332
2016-11-24,37.0,54.0,0.0011538461538461537,0.0,26,0,0,17.0,16.0,29.333333333333332
2016-11-25,24.0,54.0,0.0008,0.0,25,1,1,30.0,-13.0,27.333333333333332
2016-11-26,37.0,55.0,0.0,0.0,24,0,0,18.0,13.0,32.666666666666664
2016-11-27,27.0,48.0,0.0,0.0,23,1,1,21.0,-10.0,29.333333333333332
2016-11-28,24.0,50.0,0.0,0.0,24,1,1,26.0,-3.0,29.333333333333332
2016-11-29,28.0,55.0,0.094,0.0,26,1,1,27.0,4.0,26.333333333333332
2016-11-30,50.0,61.0,0.5162962962962963,0.0,27,0,0,11.0,22.0,34.0
2016-12-01,42.0,63.0,1.0281481481481483,0.0,27,0,0,21.0,-8.0,40.0
2016-12-02,39.0,53.0,0.0016,0.0,25,0,0,14.0,-3.0,43.666666666666664
2016-12-03,37.0,53.0,0.0,0.0,26,0,0,16.0,-2.0,39.333333333333336
2016-12-04,30.0,47.0,0.028333333333333335,0.0,24,1,1,17.0,-7.0,35.333333333333336
2016-12-05,32.0,50.0,0.2985185185185185,0.0,29,1,1,18.0,2.0,33.0
2016-12-06,34.0,51.0,0.17923076923076925,0.0,26,0,0,17.0,2.0,32.0
2016-12-07,33.0,46.0,0.7834482758620689,0.0,29,0,0,13.0,-1.0,33.0
2016-12-08,30.0,50.0,0.0036,0.0,25,1,1,20.0,-3.0,32.333333333333336
2016-12-09,24.0,50.0,0.0,0.0,25,1,1,26.0,-6.0,29.0
2016-12-10,22.0,32.0,0.0,0.0,25,1,0,10.0,-2.0,25.333333333333332
2016-12-11,20.0,34.0,0.0,0.010526315789473684,24,1,1,14.0,-2.0,22.0
2016-12-12,26.0,48.0,0.16571428571428573,0.0,28,1,1,22.0,6.0,22.666666666666668
2016-12-13,30.0,48.0,0.009166666666666668,0.0,26,1,1,18.0,4.0,25.333333333333332
2016-12-14,27.0,43.0,0.0,0.0,26,1,1,16.0,-3.0,27.666666666666668
2016-12-15,12.0,43.0,0.0,0.0,25,1,1,31.0,-15.0,23.0
2016-12-16,10.0,23.0,0.0,0.0,25,1,0,13.0,-2.0,16.333333333333332
2016-12-17,12.0,43.0,0.2284,0.14,25,1,1,31.0,2.0,11.333333333333334
2016-12-18,12.0,58.0,0.2064,0.016666666666666666,26,1,1,46.0,0.0,11.333333333333334
2016-12-19,24.0,59.0,0.018000000000000002,0.0,27,1,1,35.0,12.0,16.0
2016-12-20,15.0,33.0,0.0,0.0,24,1,1,18.0,-9.0,17.0
2016-12-21,23.0,45.0,0.0,0.0,23,1,1,22.0,8.0,20.666666666666668
2016-12-22,20.0,52.0,0.0008333333333333334,0.0,24,1,1,32.0,-3.0,19.333333333333332
2016-12-23,25.0,52.0,0.0,0.0,23,1,1,27.0,5.0,22.666666666666668
2016-12-24,24.0,45.0,0.455,0.0,25,1,1,21.0,-1.0,23.0
2016-12-25,32.0,44.0,0.10521739130434782,0.0,24,1,1,12.0,8.0,27.0
2016-12-26,28.0,45.0,0.0004166666666666667,0.0,24,1,1,17.0,-4.0,28.0
2016-12-27,35.0,62.0,0.0124,0.0,25,0,0,27.0,7.0,31.666666666666668
2016-12-28,32.0,62.0,0.0004347826086956522,0.0,23,1,1,30.0,-3.0,31.666666666666668
2016-12-29,26.0,47.0,0.17181818181818181,0.0,22,1,1,21.0,-6.0,31.0
2016-12-30,26.0,46.0,0.0245,0.03636363636363637,21,1,1,20.0,0.0,28.0
2016-12-31,22.0,46.0,0.003181818181818182,0.021052631578947368,23,1,1,24.0,-4.0,24.666666666666668
2017-01-01,36.0,49.0,0.0004761904761904762,0.0,22,0,0,13.0,14.0,28.0
2017-01-02,22.0,50.0,0.19217391304347825,0.0,23,1,1,28.0,-14.0,26.666666666666668
2017-01-03,38.0,45.0,0.4026086956521739,0.0,24,0,0,7.0,16.0,32.0
2017-01-04,32.0,52.0,0.6079166666666667,0.0,26,1,1,20.0,-6.0,30.666666666666668
2017-01-05,25.0,56.0,0.0033333333333333335,0.025,21,1,1,31.0,-7.0,31.666666666666668
2017-01-06,20.0,56.0,0.0108,0.17272727272727273,26,1,1,36.0,-5.0,25.666666666666668
2017-01-07,15.0,29.0,0.005833333333333334,0.18571428571428572,25,1,0,14.0,-5.0,20.0
2017-01-08,10.0,23.0,0.03791666666666667,0.8136363636363636,24,1,0,13.0,-5.0,15.0
2017-01-09,8.0,24.0,0.0,0.0,24,1,0,16.0,-2.0,11.0
2017-01-10,14.0,36.0,0.005416666666666667,0.0,24,1,1,22.0,6.0,10.666666666666666
2017-01-11,20.0,54.0,0.0604,0.0,25,1,1,34.0,6.0,14.0
2017-01-12,34.0,66.0,0.10962962962962963,0.0,27,0,0,32.0,14.0,22.666666666666668
2017-01-13,37.0,68.0,0.0018181818181818182,0.0,22,0,0,31.0,3.0,30.333333333333332
2017-01-14,30.0,68.0,0.06095238095238095,0.0,21,1,1,38.0,-7.0,33.666666666666664
2017-01-15,31.0,40.0,0.24,0.0,25,1,1,9.0,1.0,32.666666666666664
2017-01-16,30.0,42.0,0.0,0.0,21,1,1,12.0,-1.0,30.333333333333332
2017-01-17,33.0,46.0,0.04454545454545455,0.0,24,0,0,13.0,3.0,31.333333333333332
2017-01-18,38.0,54.0,0.16695652173913042,0.0,25,0,0,16.0,5.0,33.666666666666664
2017-01-19,36.0,47.0,0.00045454545454545455,0.0,22,0,0,11.0,-2.0,35.666666666666664
2017-01-20,34.0,45.0,0.007727272727272728,0.0,22,0,0,11.0,-2.0,36.0
2017-01-21,44.0,46.0,0.026818181818181817,0.0,22,0,0,2.0,10.0,38.0
2017-01-22,33.0,48.0,0.02727272727272727,0.0,22,0,0,15.0,-11.0,37.0
2017-01-23,33.0,50.0,0.21695652173913044,0.022222222222222223,25,0,0,17.0,0.0,36.666666666666664
2017-01-24,34.0,46.0,0.605,0.0,25,0,0,12.0,1.0,33.333333333333336
2017-01-25,38.0,56.0,0.0027272727272727275,0.0,23,0,0,18.0,4.0,35.0
2017-01-26,31.0,52.0,0.0,0.0,25,1,1,21.0,-7.0,34.333333333333336
2017-01-27,33.0,57.0,0.0008695652173913044,0.0,23,0,0,24.0,2.0,34.0
2017-01-28,31.0,57.0,0.0,0.0,21,1,1,26.0,-2.0,31.666666666666668
2017-01-29,26.0,58.0,0.0005,0.00625,21,1,1,32.0,-5.0,30.0
2017-01-30,26.0,42.0,0.01608695652173913,0.1952380952380952,23,1,1,16.0,0.0,27.666666666666668
2017-01-31,23.0,50.0,0.005833333333333333,0.034999999999999996,24,1,1,27.0,-3.0,25.0
2017-02-01,22.0,50.0,0.0,0.0,22,1,1,28.0,-1.0,23.666666666666668
2017-02-02,30.0,49.0,0.0,0.0,23,1,1,19.0,8.0,25.0
2017-02-03,26.0,49.0,0.0,0.0,21,1,1,23.0,-4.0,26.0
2017-02-04,16.0,49.0,0.0,0.0,22,1,1,33.0,-10.0,24.0
2017-02-05,17.0,50.0,0.0,0.0,23,1,1,33.0,1.0,19.666666666666668
2017-02-06,25.0,58.0,0.0,0.0,23,1,1,33.0,8.0,19.333333333333332
2017-02-07,25.0,68.0,0.0,0.0,23,1,1,43.0,0.0,22.333333333333332
2017-02-08,49.0,67.0,0.0004166666666666667,0.0,24,0,0,18.0,24.0,33.0
2017-02-09,22.0,65.0,0.1826086956521739,0.11666666666666665,23,1,1,43.0,-27.0,32.0
2017-02-10,18.0,65.0,0.002608695652173913,0.0,25,1,1,47.0,-4.0,29.666666666666668
2017-02-11,19.0,65.0,0.0008333333333333334,0.0,24,1,1,46.0,1.0,19.666666666666668
2017-02-12,20.0,66.0,0.025416666666666667,0.0,24,1,1,46.0,1.0,19.0
2017-02-13,28.0,48.0,0.0756,0.02,25,1,1,20.0,8.0,22.333333333333332
2017-02-14,24.0,43.0,0.0008695652173913044,0.0,23,1,1,19.0,-4.0,24.0
2017-02-15,27.0,50.0,0.0,0.0,23,1,1,23.0,3.0,26.333333333333332
2017-02-16,27.0,50.0,0.0,0.0,23,1,1,23.0,0.0,26.0
2017-02-17,20.0,50.0,0.0,0.0,23,1,1,30.0,-7.0,24.666666666666668
2017-02-18,20.0,68.0,0.0,0.0,23,1,1,48.0,0.0,22.333333333333332
2017-02-19,21.0,69.0,0.00375,0.0,24,1,1,48.0,1.0,20.333333333333332
2017-02-20,37.0,68.0,0.0,0.0,24,0,0,31.0,16.0,26.0
2017-02-21,34.0,61.0,0.0,0.0,23,0,0,27.0,-3.0,30.666666666666668
2017-02-22,35.0,63.0,0.004,0.0,25,0,0,28.0,1.0,35.333333333333336
2017-02-23,35.0,74.0,0.0516,0.0,25,0,0,39.0,0.0,34.666666666666664
2017-02-24,35.0,75.0,0.0,0.0,22,0,0,40.0,0.0,35.0
2017-02-25,35.0,75.0,0.017727272727272727,0.0,22,0,0,40.0,0.0,35.0
2017-02-26,29.0,75.0,0.07363636363636364,0.0,22,1,1,46.0,-6.0,33.0
2017-02-27,24.0,53.0,0.00045454545454545455,0.0,23,1,1,29.0,-5.0,29.333333333333332
2017-02-28,28.0,65.0,0.06636363636363636,0.0,22,1,1,37.0,4.0,27.0
2017-03-01,44.0,70.0,0.32807692307692304,0.0,27,0,0,26.0,16.0,32.0
2017-03-02,36.0,69.0,0.0256,0.0,26,0,0,33.0,-8.0,36.0
2017-03-03,27.0,44.0,0.02,0.3318181818181818,23,1,1,17.0,-9.0,35.666666666666664
2017-03-04,17.0,40.0,0.0,0.0,22,1,1,23.0,-10.0,26.666666666666668
2017-03-05,14.0,40.0,0.0,0.0,23,1,1,26.0,-3.0,19.333333333333332
2017-03-06,23.0,52.0,0.0,0.0,22,1,1,29.0,9.0,18.0
2017-03-07,36.0,65.0,0.041739130434782605,0.0,24,0,0,29.0,13.0,24.333333333333332
2017-03-08,43.0,68.0,0.1625,0.0,24,0,0,25.0,7.0,34.0
2017-03-09,43.0,68.0,0.0009523809523809524,0.0,21,0,0,25.0,0.0,40.666666666666664
2017-03-10,27.0,69.0,0.04428571428571428,0.14666666666666667,21,1,1,42.0,-16.0,37.666666666666664
2017-03-11,18.0,32.0,0.08954545454545455,0.023529411764705882,23,1,0,14.0,-9.0,29.333333333333332
2017-03-12,19.0,69.0,0.0,0.0,20,1,1,50.0,1.0,21.333333333333332
2017-03-13,18.0,40.0,0.1957894736842105,0.49374999999999997,20,1,1,22.0,-1.0,18.333333333333332
2017-03-14,23.0,40.0,1.0904545454545453,2.9,22,1,1,17.0,5.0,20.0
2017-03-15,17.0,40.0,0.05863636363636364,0.09411764705882353,23,1,1,23.0,-6.0,19.333333333333332
2017-03-16,20.0,35.0,0.0,0.0,22,1,1,15.0,3.0,20.0
2017-03-17,20.0,45.0,0.0,0.0,21,1,1,25.0,0.0,19.0
2017-03-18,34.0,52.0,0.03956521739130435,0.0,23,0,0,18.0,14.0,24.666666666666668
2017-03-19,31.0,53.0,0.30333333333333334,0.2125,25,1,1,22.0,-3.0,28.333333333333332
2017-03-20,28.0,49.0,0.007826086956521738,0.0,23,1,1,21.0,-3.0,31.0
2017-03-21,32.0,58.0,0.009166666666666667,0.0,24,1,1,26.0,4.0,30.333333333333332
2017-03-22,32.0,60.0,0.0,0.0,21,1,1,28.0,0.0,30.666666666666668
2017-03-23,19.0,45.0,0.0,0.0,22,1,1,26.0,-13.0,27.666666666666668
2017-03-24,28.0,58.0,0.013333333333333334,0.0,21,1,1,30.0,9.0,26.333333333333332
2017-03-25,28.0,76.0,0.04565217391304348,0.0,24,1,1,48.0,0.0,25.0
2017-03-26,29.0,77.0,0.002727272727272727,0.0,22,1,1,48.0,1.0,28.333333333333332
2017-03-27,42.0,70.0,0.0436,0.0,25,0,0,28.0,13.0,33.0
2017-03-28,46.0,71.0,0.0908695652173913,0.0,24,0,0,25.0,4.0,39.0
2017-03-29,46.0,68.0,0.13304347826086957,0.0,24,0,0,22.0,0.0,44.666666666666664
2017-03-30,38.0,60.0,0.002380952380952381,0.0,23,0,0,22.0,-8.0,43.333333333333336
2017-03-31,38.0,60.0,0.3396,0.0,25,0,0,22.0,0.0,40.666666666666664
2017-04-01,41.0,53.0,0.8926923076923077,0.0,27,0,0,12.0,3.0,39.0
2017-04-02,38.0,60.0,0.0017391304347826088,0.0,23,0,0,22.0,-3.0,39.0
2017-04-03,39.0,67.0,0.01375,0.0,24,0,0,28.0,1.0,39.333333333333336
2017-04-04,46.0,77.0,0.08576923076923076,0.0,26,0,0,31.0,7.0,41.0
2017-04-05,52.0,78.0,0.006086956521739131,0.0,23,0,0,26.0,6.0,45.666666666666664
2017-04-06,47.0,71.0,0.28125,0.0,25,0,0,24.0,-5.0,48.333333333333336
2017-04-07,39.0,71.0,1.0888,0.0,26,0,0,32.0,-8.0,46.0
2017-04-08,33.0,71.0,0.005217391304347826,0.0,23,0,0,38.0,-6.0,39.666666666666664
2017-04-09,32.0,71.0,0.0,0.0,22,1,1,39.0,-1.0,34.666666666666664
2017-04-10,39.0,81.0,0.0,0.0,22,0,0,42.0,7.0,34.666666666666664
2017-04-11,50.0,84.0,0.0,0.0,23,0,0,34.0,11.0,40.333333333333336
2017-04-12,50.0,85.0,0.005454545454545454,0.0,22,0,0,35.0,0.0,46.333333333333336
2017-04-13,45.0,74.0,0.011250000000000001,0.0,24,0,0,29.0,-5.0,48.333333333333336
2017-04-14,44.0,74.0,0.0,0.0,19,0,0,30.0,-1.0,46.333333333333336
2017-04-15,42.0,74.0,0.01,0.0,22,0,0,32.0,-2.0,43.666666666666664
2017-04-16,43.0,84.0,0.07576923076923077,0.0,26,0,0,41.0,1.0,43.0
2017-04-17,56.0,71.0,0.022083333333333333,0.0,26,0,0,15.0,13.0,47.0
2017-04-18,50.0,71.0,0.0868,0.0,26,0,0,21.0,-6.0,49.666666666666664
2017-04-19,47.0,71.0,0.00923076923076923,0.0,27,0,0,24.0,-3.0,51.0
2017-04-20,50.0,80.0,0.0404,0.0,25,0,0,30.0,3.0,49.0
2017-04-21,57.0,80.0,0.3040740740740741,0.0,29,0,0,23.0,7.0,51.333333333333336
2017-04-22,46.0,78.0,0.28240000000000004,0.0,25,0,0,32.0,-11.0,51.0
2017-04-23,40.0,79.0,0.2911111111111111,0.0,29,0,0,39.0,-6.0,47.666666666666664
2017-04-24,47.0,58.0,0.06222222222222223,0.0,27,0,0,11.0,7.0,44.333333333333336
2017-04-25,48.0,60.0,0.20500000000000002,0.0,26,0,0,12.0,1.0,45.0
2017-04-26,53.0,66.0,0.13,0.0,26,0,0,13.0,5.0,49.333333333333336
2017-04-27,53.0,80.0,0.012608695652173912,0.0,23,0,0,27.0,0.0,51.333333333333336
2017-04-28,53.0,82.0,0.0084,0.0,26,0,0,29.0,0.0,53.0
2017-04-29,59.0,86.0,0.005,0.0,24,0,0,27.0,6.0,55.0
2017-04-30,60.0,88.0,0.005,0.0,25,0,0,28.0,1.0,57.333333333333336
2017-05-01,57.0,80.0,0.015384615384615385,0.0,27,0,0,23.0,-3.0,58.666666666666664
2017-05-02,58.0,79.0,0.037142857142857144,0.0,28,0,0,21.0,1.0,58.333333333333336
2017-05-03,48.0,79.0,0.0,0.0,27,0,0,31.0,-10.0,54.333333333333336
2017-05-04,42.0,63.0,0.0292,0.0,26,0,0,21.0,-6.0,49.333333333333336
2017-05-05,42.0,71.0,0.9296428571428572,0.0,28,0,0,29.0,0.0,44.0
2017-05-06,46.0,70.0,0.9696296296296296,0.0,27,0,0,24.0,4.0,43.333333333333336
2017-05-07,43.0,60.0,0.06296296296296296,0.0,27,0,0,17.0,-3.0,43.666666666666664
2017-05-08,37.0,61.0,0.009259259259259259,0.0,28,0,0,24.0,-6.0,42.0
2017-05-09,35.0,63.0,0.0,0.0,25,0,0,28.0,-2.0,38.333333333333336
2017-05-10,39.0,70.0,0.0,0.0,26,0,0,31.0,4.0,37.0
2017-05-11,48.0,72.0,0.22519999999999998,0.0,25,0,0,24.0,9.0,40.666666666666664
2017-05-12,47.0,58.0,0.7768,0.0,27,0,0,11.0,-1.0,44.666666666666664
2017-05-13,45.0,58.0,0.6303846153846154,0.0,27,0,0,13.0,-2.0,46.666666666666664
2017-05-14,41.0,74.0,0.01740740740740741,0.0,28,0,0,33.0,-4.0,44.333333333333336
2017-05-15,46.0,75.0,0.0035714285714285718,0.0,28,0,0,29.0,5.0,44.0
2017-05-16,47.0,80.0,0.0,0.0,25,0,0,33.0,1.0,44.666666666666664
2017-05-17,54.0,91.0,0.0,0.0,26,0,0,37.0,7.0,49.0
2017-05-18,55.0,91.0,0.005833333333333334,0.0,24,0,0,36.0,1.0,52.0
2017-05-19,55.0,91.0,0.0256,0.0,26,0,0,36.0,0.0,54.666666666666664
2017-05-20,55.0,91.0,0.2937037037037037,0.0,27,0,0,36.0,0.0,55.0
2017-05-21,54.0,63.0,0.0020833333333333333,0.0,24,0,0,9.0,-1.0,54.666666666666664
2017-05-22,54.0,67.0,0.25115384615384617,0.0,26,0,0,13.0,0.0,54.333333333333336
2017-05-23,54.0,68.0,0.142,0.0,27,0,0,14.0,0.0,54.0
2017-05-24,54.0,64.0,0.32962962962962966,0.0,28,0,0,10.0,0.0,54.0
2017-05-25,53.0,69.0,0.5696296296296297,0.0,28,0,0,16.0,-1.0,53.666666666666664
2017-05-26,54.0,72.0,0.43551724137931036,0.0,30,0,0,18.0,1.0,53.666666666666664
2017-05-27,53.0,72.0,0.011923076923076923,0.0,26,0,0,19.0,-1.0,53.333333333333336
2017-05-28,54.0,74.0,0.05961538461538462,0.0,26,0,0,20.0,1.0,53.666666666666664
2017-05-29,54.0,78.0,0.16142857142857142,0.0,28,0,0,24.0,0.0,53.666666666666664
2017-05-30,57.0,80.0,0.0184,0.0,25,0,0,23.0,3.0,55.0
2017-05-31,58.0,79.0,0.10821428571428572,0.0,31,0,0,21.0,1.0,56.333333333333336
2017-06-01,56.0,81.0,0.14482758620689656,0.0,29,0,0,25.0,-2.0,57.0
2017-06-02,51.0,79.0,0.0,0.0,26,0,0,28.0,-5.0,55.0
2017-06-03,51.0,79.0,0.0,0.0,26,0,0,28.0,0.0,52.666666666666664
2017-06-04,51.0,85.0,0.0,0.0,26,0,0,34.0,0.0,51.0
2017-06-05,63.0,84.0,0.02791666666666667,0.0,24,0,0,21.0,12.0,55.0
2017-06-06,57.0,84.0,0.13785714285714284,0.0,31,0,0,27.0,-6.0,57.0
2017-06-07,52.0,61.0,0.003448275862068966,0.0,29,0,0,9.0,-5.0,57.333333333333336
2017-06-08,48.0,72.0,0.0015384615384615385,0.0,27,0,0,24.0,-4.0,52.333333333333336
2017-06-09,51.0,79.0,0.0,0.0,26,0,0,28.0,3.0,50.333333333333336
2017-06-10,59.0,85.0,0.0,0.0,27,0,0,26.0,8.0,52.666666666666664
2017-06-11,63.0,89.0,0.0,0.0,27,0,0,26.0,4.0,57.666666666666664
2017-06-12,64.0,90.0,0.0,0.0,27,0,0,26.0,1.0,62.0
2017-06-13,63.0,91.0,0.0,0.0,27,0,0,28.0,-1.0,63.333333333333336
2017-06-14,72.0,93.0,0.0,0.0,27,0,0,21.0,9.0,66.33333333333333
2017-06-15,63.0,93.0,0.0,0.0,26,0,0,30.0,-9.0,66.0
2017-06-16,64.0,80.0,0.008928571428571428,0.0,28,0,0,16.0,1.0,66.33333333333333
2017-06-17,68.0,82.0,0.03129032258064516,0.0,31,0,0,14.0,4.0,65.0
2017-06-18,71.0,88.0,0.0071428571428571435,0.0,28,0,0,17.0,3.0,67.66666666666667
2017-06-19,67.0,87.0,0.1392857142857143,0.0,28,0,0,20.0,-4.0,68.66666666666667
2017-06-20,61.0,87.0,0.7421875,0.0,32,0,0,26.0,-6.0,66.33333333333333
2017-06-21,63.0,85.0,0.0007407407407407407,0.0,27,0,0,22.0,2.0,63.666666666666664
2017-06-22,66.0,86.0,0.0044444444444444444,0.0,27,0,0,20.0,3.0,63.333333333333336
2017-06-23,64.0,86.0,0.14206896551724138,0.0,31,0,0,22.0,-2.0,64.33333333333333
2017-06-24,67.0,86.0,0.36433333333333334,0.0,31,0,0,19.0,3.0,65.66666666666667
2017-06-25,62.0,80.0,0.0022222222222222222,0.0,27,0,0,18.0,-5.0,64.33333333333333
2017-06-26,54.0,86.0,0.0,0.0,29,0,0,32.0,-8.0,61.0
2017-06-27,57.0,83.0,0.0,0.0,27,0,0,26.0,3.0,57.666666666666664
2017-06-28,50.0,78.0,0.0,0.0,28,0,0,28.0,-7.0,53.666666666666664
2017-06-29,27.0,86.0,0.0,0.0,28,1,1,59.0,-23.0,44.666666666666664
2017-06-30,27.0,90.0,0.0,0.0,27,1,1,63.0,0.0,34.666666666666664
2017-07-01,73.0,89.0,0.1056,0.0,25,0,0,16.0,46.0,42.333333333333336
2017-07-02,70.0,88.0,0.3622222222222222,0.0,28,0,0,18.0,-3.0,56.666666666666664
2017-07-03,66.0,87.0,0.016,0.0,25,0,0,21.0,-4.0,69.66666666666667
2017-07-04,53.0,90.0,0.17695652173913046,0.0,23,0,0,37.0,-13.0,63.0
2017-07-05,69.0,90.0,0.2074074074074074,0.0,28,0,0,21.0,16.0,62.666666666666664
2017-07-06,69.0,86.0,0.5070833333333333,0.0,26,0,0,17.0,0.0,63.666666666666664
2017-07-07,70.0,84.0,0.7168000000000001,0.0,27,0,0,14.0,1.0,69.33333333333333
2017-07-08,64.0,83.0,0.014615384615384615,0.0,26,0,0,19.0,-6.0,67.66666666666667
2017-07-09,60.0,86.0,0.0,0.0,25,0,0,26.0,-4.0,64.66666666666667
2017-07-10,61.0,86.0,0.0,0.0,25,0,0,25.0,1.0,61.666666666666664
2017-07-11,67.0,88.0,0.0004166666666666667,0.0,25,0,0,21.0,6.0,62.666666666666664
2017-07-12,70.0,88.0,0.0032,0.0,25,0,0,18.0,3.0,66.0
2017-07-13,70.0,88.0,0.0,0.0,25,0,0,18.0,0.0,69.0
2017-07-14,71.0,89.0,0.024,0.0,25,0,0,18.0,1.0,70.33333333333333
2017-07-15,70.0,84.0,0.1886206896551724,0.0,29,0,0,14.0,-1.0,70.33333333333333
2017-07-16,61.0,83.0,0.0,0.0,28,0,0,22.0,-9.0,67.33333333333333
2017-07-17,66.0,87.0,0.018000000000000002,0.0,25,0,0,21.0,5.0,65.66666666666667
2017-07-18,66.0,90.0,0.24785714285714286,0.0,28,0,0,24.0,0.0,64.33333333333333
2017-07-19,68.0,94.0,0.16857142857142857,0.0,29,0,0,26.0,2.0,66.66666666666667
2017-07-20,71.0,91.0,0.04518518518518518,0.0,28,0,0,20.0,3.0,68.33333333333333
2017-07-21,72.0,92.0,0.0176,0.0,25,0,0,20.0,1.0,70.33333333333333
2017-07-22,69.0,93.0,0.1553846153846154,0.0,26,0,0,24.0,-3.0,70.66666666666667
2017-07-23,70.0,90.0,0.8429032258064516,0.0,33,0,0,20.0,1.0,70.33333333333333
2017-07-24,69.0,87.0,1.0843333333333334,0.0,31,0,0,18.0,-1.0,69.33333333333333
2017-07-25,61.0,87.0,0.024482758620689653,0.0,29,0,0,26.0,-8.0,66.66666666666667
2017-07-26,58.0,82.0,0.0007692307692307692,0.0,26,0,0,24.0,-3.0,62.666666666666664
2017-07-27,68.0,83.0,0.0,0.0,28,0,0,15.0,10.0,62.333333333333336
2017-07-28,68.0,76.0,0.6096774193548387,0.0,31,0,0,8.0,0.0,64.66666666666667
2017-07-29,63.0,70.0,4.195833333333334,0.0,36,0,0,7.0,-5.0,66.33333333333333
2017-07-30,58.0,78.0,0.081,0.0,30,0,0,20.0,-5.0,63.0
2017-07-31,57.0,83.0,0.0003846153846153846,0.0,26,0,0,26.0,-1.0,59.333333333333336
2017-08-01,63.0,85.0,0.0011538461538461537,0.0,26,0,0,22.0,6.0,59.333333333333336
2017-08-02,67.0,88.0,0.1232142857142857,0.0,28,0,0,21.0,4.0,62.333333333333336
2017-08-03,65.0,85.0,0.2783870967741936,0.0,31,0,0,20.0,-2.0,65.0
2017-08-04,65.0,87.0,0.10967741935483871,0.0,32,0,0,22.0,0.0,65.66666666666667
2017-08-05,64.0,86.0,0.015833333333333335,0.0,24,0,0,22.0,-1.0,64.66666666666667
2017-08-06,58.0,86.0,0.0,0.0,24,0,0,28.0,-6.0,62.333333333333336
2017-08-07,63.0,75.0,0.2196153846153846,0.0,27,0,0,12.0,5.0,61.666666666666664
2017-08-08,64.0,75.0,0.4,0.0,30,0,0,11.0,1.0,61.666666666666664
2017-08-09,55.0,79.0,0.001153846153846154,0.0,26,0,0,24.0,-9.0,60.666666666666664
2017-08-10,59.0,81.0,0.0,0.0,25,0,0,22.0,4.0,59.333333333333336
2017-08-11,57.0,82.0,0.12346153846153846,0.0,26,0,0,25.0,-2.0,57.0
2017-08-12,66.0,81.0,0.6786206896551724,0.0,30,0,0,15.0,9.0,60.666666666666664
2017-08-13,62.0,81.0,0.5574074074074075,0.0,28,0,0,19.0,-4.0,61.666666666666664
2017-08-14,62.0,80.0,0.005454545454545454,0.0,24,0,0,18.0,0.0,63.333333333333336
2017-08-15,66.0,75.0,0.1374074074074074,0.0,29,0,0,9.0,4.0,63.333333333333336
2017-08-16,66.0,84.0,0.42,0.0,30,0,0,18.0,0.0,64.66666666666667
2017-08-17,68.0,86.0,0.008333333333333333,0.0,25,0,0,18.0,2.0,66.66666666666667
2017-08-18,73.0,90.0,0.09545454545454546,0.0,22,0,0,17.0,5.0,69.0
2017-08-19,67.0,88.0,0.3625,0.0,22,0,0,21.0,-6.0,69.33333333333333
2017-08-20,60.0,85.0,0.02,0.0,20,0,0,25.0,-7.0,66.66666666666667
2017-08-21,66.0,87.0,0.00736842105263158,0.0,20,0,0,21.0,6.0,64.33333333333333
2017-08-22,70.0,90.0,0.022,0.0,21,0,0,20.0,4.0,65.33333333333333
2017-08-23,68.0,89.0,0.035454545454545454,0.0,23,0,0,21.0,-2.0,68.0
2017-08-24,60.0,76.0,0.0027272727272727275,0.0,24,0,0,16.0,-8.0,66.0
2017-08-25,58.0,73.0,0.1,0.0,26,0,0,15.0,-2.0,62.0
2017-08-26,56.0,75.0,0.0,0.0,25,0,0,19.0,-2.0,58.0
2017-08-27,56.0,76.0,0.0,0.0,26,0,0,20.0,0.0,56.666666666666664
2017-08-28,56.0,72.0,0.0,0.0,25,0,0,16.0,0.0,56.0
2017-08-29,58.0,63.0,0.24714285714285714,0.0,28,0,0,5.0,2.0,56.666666666666664
2017-08-30,57.0,74.0,0.455,0.0,28,0,0,17.0,-1.0,57.0
2017-08-31,61.0,80.0,0.0014814814814814814,0.0,28,0,0,19.0,4.0,58.666666666666664
2017-09-01,55.0,81.0,0.005555555555555556,0.0,27,0,0,26.0,-6.0,57.666666666666664
2017-09-02,54.0,58.0,0.3272,0.0,26,0,0,4.0,-1.0,56.666666666666664
2017-09-03,57.0,80.0,0.47214285714285714,0.0,29,0,0,23.0,3.0,55.333333333333336
2017-09-04,53.0,80.0,0.0011111111111111111,0.0,27,0,0,27.0,-4.0,54.666666666666664
2017-09-05,50.0,84.0,0.20269230769230767,0.0,27,0,0,34.0,-3.0,53.333333333333336
2017-09-06,57.0,82.0,0.8941935483870967,0.0,31,0,0,25.0,7.0,53.333333333333336
2017-09-07,49.0,67.0,0.5054838709677419,0.0,32,0,0,18.0,-8.0,52.0
2017-09-08,49.0,72.0,0.0007407407407407407,0.0,27,0,0,23.0,0.0,51.666666666666664
2017-09-09,49.0,71.0,0.0,0.0,27,0,0,22.0,0.0,49.0
2017-09-10,47.0,68.0,0.0,0.0,26,0,0,21.0,-2.0,48.333333333333336
2017-09-11,47.0,69.0,0.0,0.0,26,0,0,22.0,0.0,47.666666666666664
2017-09-12,54.0,73.0,0.0,0.0,27,0,0,19.0,7.0,49.333333333333336
2017-09-13,60.0,73.0,0.07214285714285715,0.0,28,0,0,13.0,6.0,53.666666666666664
2017-09-14,62.0,76.0,0.07551724137931035,0.0,29,0,0,14.0,2.0,58.666666666666664
2017-09-15,59.0,79.0,0.0027999999999999995,0.0,25,0,0,20.0,-3.0,60.333333333333336
2017-09-16,51.0,79.0,0.0,0.0,24,0,0,28.0,-8.0,57.333333333333336
2017-09-17,62.0,81.0,0.0,0.0,23,0,0,19.0,11.0,57.333333333333336
2017-09-18,63.0,80.0,0.0003846153846153846,0.0,27,0,0,17.0,1.0,58.666666666666664
2017-09-19,63.0,82.0,0.0007407407407407407,0.0,28,0,0,19.0,0.0,62.666666666666664
2017-09-20,63.0,83.0,0.0,0.0,25,0,0,20.0,0.0,63.0
2017-09-21,60.0,83.0,0.0,0.0,26,0,0,23.0,-3.0,62.0
2017-09-22,64.0,84.0,0.0,0.0,25,0,0,20.0,4.0,62.333333333333336
2017-09-23,58.0,85.0,0.0,0.0,25,0,0,27.0,-6.0,60.666666666666664
2017-09-24,61.0,85.0,0.0,0.0,25,0,0,24.0,3.0,61.0
2017-09-25,64.0,86.0,0.0,0.0,26,0,0,22.0,3.0,61.0
2017-09-26,63.0,85.0,0.0,0.0,24,0,0,22.0,-1.0,62.666666666666664
2017-09-27,63.0,86.0,0.0,0.0,25,0,0,23.0,0.0,63.333333333333336
2017-09-28,62.0,86.0,0.0,0.0,25,0,0,24.0,-1.0,62.666666666666664
2017-09-29,47.0,77.0,0.0,0.0,24,0,0,30.0,-15.0,57.333333333333336
2017-09-30,52.0,62.0,0.0,0.0,23,0,0,10.0,5.0,53.666666666666664
2017-10-01,41.0,65.0,0.0,0.0,24,0,0,24.0,-11.0,46.666666666666664
2017-10-02,44.0,72.0,0.0,0.0,26,0,0,28.0,3.0,45.666666666666664
2017-10-03,50.0,71.0,0.0,0.0,26,0,0,21.0,6.0,45.0
2017-10-04,51.0,75.0,0.0,0.0,27,0,0,24.0,1.0,48.333333333333336
2017-10-05,55.0,79.0,0.0012,0.0,25,0,0,24.0,4.0,52.0
2017-10-06,60.0,80.0,0.0003846153846153846,0.0,26,0,0,20.0,5.0,55.333333333333336
2017-10-07,60.0,82.0,0.0,0.0,25,0,0,22.0,0.0,58.333333333333336
2017-10-08,71.0,77.0,0.03440000000000001,0.0,25,0,0,6.0,11.0,63.666666666666664
2017-10-09,70.0,82.0,0.5681481481481482,0.0,27,0,0,12.0,-1.0,67.0
2017-10-10,65.0,82.0,0.33999999999999997,0.0,28,0,0,17.0,-5.0,68.66666666666667
2017-10-11,64.0,71.0,0.06480000000000001,0.0,25,0,0,7.0,-1.0,66.33333333333333
2017-10-12,56.0,64.0,0.6562962962962963,0.0,27,0,0,8.0,-8.0,61.666666666666664
2017-10-13,54.0,60.0,0.005769230769230769,0.0,26,0,0,6.0,-2.0,58.0
2017-10-14,57.0,67.0,0.006296296296296296,0.0,27,0,0,10.0,3.0,55.666666666666664
2017-10-15,59.0,74.0,0.004,0.0,25,0,0,15.0,2.0,56.666666666666664
2017-10-16,49.0,70.0,0.07962962962962962,0.0,28,0,0,21.0,-10.0,55.0
2017-10-17,36.0,58.0,0.0016666666666666668,0.0,25,0,0,22.0,-13.0,48.0
2017-10-18,40.0,68.0,0.0,0.0,26,0,0,28.0,4.0,41.666666666666664
2017-10-19,44.0,71.0,0.0,0.0,26,0,0,27.0,4.0,40.0
2017-10-20,49.0,71.0,0.0,0.0,24,0,0,22.0,5.0,44.333333333333336
2017-10-21,46.0,74.0,0.0,0.0,24,0,0,28.0,-3.0,46.333333333333336
2017-10-22,50.0,73.0,0.0,0.0,24,0,0,23.0,4.0,48.333333333333336
2017-10-23,55.0,71.0,0.012083333333333335,0.0,25,0,0,16.0,5.0,50.333333333333336
2017-10-24,56.0,68.0,0.28300000000000003,0.0,30,0,0,12.0,1.0,53.666666666666664
2017-10-25,46.0,60.0,0.0007407407407407407,0.0,27,0,0,14.0,-10.0,52.333333333333336
2017-10-26,41.0,56.0,0.0004166666666666667,0.0,24,0,0,15.0,-5.0,47.666666666666664
2017-10-27,37.0,64.0,0.0,0.0,26,0,0,27.0,-4.0,41.333333333333336
2017-10-28,44.0,66.0,0.0,0.0,25,0,0,22.0,7.0,40.666666666666664
2017-10-29,42.0,62.0,0.24037037037037037,0.0,27,0,0,20.0,-2.0,41.0
2017-10-30,40.0,54.0,0.9203571428571429,0.0,30,0,0,14.0,-2.0,42.0
2017-10-31,40.0,55.0,0.0015384615384615385,0.0,26,0,0,15.0,0.0,40.666666666666664
2017-11-01,39.0,55.0,0.0,0.5,27,0,0,16.0,-1.0,39.666666666666664
2017-11-02,43.0,72.0,0.0013793103448275863,0.0,29,0,0,29.0,4.0,40.666666666666664
2017-11-03,55.0,72.0,0.0003846153846153846,0.0,26,0,0,17.0,12.0,45.666666666666664
2017-11-04,40.0,58.0,0.08541666666666665,0.0,26,0,0,18.0,-15.0,46.0
2017-11-05,48.0,56.0,0.5137931034482759,0.0,29,0,0,8.0,8.0,47.666666666666664
2017-11-06,53.0,68.0,0.054285714285714284,0.0,28,0,0,15.0,5.0,47.0
2017-11-07,36.0,53.0,0.19733333333333333,0.0,30,0,0,17.0,-17.0,45.666666666666664
2017-11-08,35.0,44.0,0.8535483870967743,0.0,31,0,0,9.0,-1.0,41.333333333333336
2017-11-09,36.0,47.0,0.021785714285714287,0.0,28,0,0,11.0,1.0,35.666666666666664
2017-11-10,25.0,44.0,0.04733333333333333,0.0,30,1,1,19.0,-11.0,32.0
2017-11-11,18.0,34.0,0.0003846153846153846,0.0,26,1,1,16.0,-7.0,26.333333333333332
2017-11-12,26.0,43.0,0.0028000000000000004,0.0,26,1,1,17.0,8.0,23.0
2017-11-13,34.0,46.0,0.14133333333333334,0.0,30,0,0,12.0,8.0,26.0
2017-11-14,35.0,47.0,0.0011111111111111111,0.0,27,0,0,12.0,1.0,31.666666666666668
2017-11-15,37.0,57.0,0.0,0.0,27,0,0,20.0,2.0,35.333333333333336
2017-11-16,37.0,57.0,0.00035714285714285714,0.0,28,0,0,20.0,0.0,36.333333333333336
2017-11-17,36.0,48.0,0.0,0.0,27,0,0,12.0,-1.0,36.666666666666664
2017-11-18,36.0,58.0,0.010384615384615384,0.0,26,0,0,22.0,0.0,36.333333333333336
2017-11-19,39.0,59.0,0.1696153846153846,0.0,26,0,0,20.0,3.0,37.0
2017-11-20,33.0,47.0,0.0,0.0,24,0,0,14.0,-6.0,36.0
2017-11-21,35.0,56.0,0.0,0.0,25,0,0,21.0,2.0,35.666666666666664
2017-11-22,34.0,52.0,0.0019230769230769232,0.0,27,0,0,18.0,-1.0,34.0
2017-11-23,24.0,40.0,0.0,0.0,25,1,1,16.0,-10.0,31.0
2017-11-24,27.0,51.0,0.0,0.0,26,1,1,24.0,3.0,28.333333333333332
2017-11-25,35.0,58.0,0.0,0.0,26,0,0,23.0,8.0,28.666666666666668
2017-11-26,36.0,50.0,0.0,0.0,27,0,0,14.0,1.0,32.666666666666664
2017-11-27,38.0,56.0,0.0,0.0,26,0,0,18.0,2.0,36.333333333333336
2017-11-28,38.0,60.0,0.0,0.0,24,0,0,22.0,0.0,37.333333333333336
2017-11-29,40.0,64.0,0.0,0.0,26,0,0,24.0,2.0,38.666666666666664
2017-11-30,36.0,53.0,0.0023076923076923075,0.0,26,0,0,17.0,-4.0,38.0
2017-12-01,35.0,50.0,0.013333333333333334,0.0,30,0,0,15.0,-1.0,37.0
2017-12-02,33.0,50.0,0.0004,0.0,25,0,0,17.0,-2.0,34.666666666666664
2017-12-03,35.0,51.0,0.048214285714285716,0.0,28,0,0,16.0,2.0,34.333333333333336
2017-12-04,34.0,53.0,0.006296296296296296,0.0,28,0,0,19.0,-1.0,34.0
2017-12-05,42.0,59.0,0.03692307692307692,0.0,26,0,0,17.0,8.0,37.0
2017-12-06,34.0,53.0,0.10689655172413794,0.0,29,0,0,19.0,-8.0,36.666666666666664
2017-12-07,35.0,44.0,0.0,0.0,25,0,0,9.0,1.0,37.0
2017-12-08,31.0,37.0,0.0,0.0,27,1,1,6.0,-4.0,33.333333333333336
2017-12-09,24.0,32.0,0.03423076923076923,1.0473684210526315,27,1,0,8.0,-7.0,30.0
2017-12-10,22.0,35.0,0.17038461538461538,2.278260869565217,28,1,1,13.0,-2.0,25.666666666666668
2017-12-11,31.0,42.0,0.0,0.0,26,1,1,11.0,9.0,25.666666666666668
2017-12-12,20.0,43.0,0.0,0.0,27,1,1,23.0,-11.0,24.333333333333332
2017-12-13,17.0,29.0,0.0,0.011111111111111112,25,1,0,12.0,-3.0,22.666666666666668
2017-12-14,26.0,36.0,0.0,0.005263157894736842,25,1,1,10.0,9.0,21.0
2017-12-15,18.0,26.0,0.005652173913043478,0.09444444444444444,24,1,0,8.0,-8.0,20.333333333333332
2017-12-16,20.0,42.0,0.027999999999999997,0.15454545454545454,25,1,1,22.0,2.0,21.333333333333332
2017-12-17,30.0,47.0,0.002,0.0,25,1,1,17.0,10.0,22.666666666666668
2017-12-18,33.0,52.0,0.0026923076923076926,0.0,26,0,0,19.0,3.0,27.666666666666668
2017-12-19,44.0,56.0,0.0,0.0,25,0,0,12.0,11.0,35.666666666666664
2017-12-20,32.0,50.0,0.0,0.0,24,1,1,18.0,-12.0,36.333333333333336
2017-12-21,25.0,41.0,0.0,0.0,24,1,1,16.0,-7.0,33.666666666666664
2017-12-22,29.0,45.0,0.0004166666666666667,0.0,24,1,1,16.0,4.0,28.666666666666668
2017-12-23,42.0,59.0,0.1408,0.0,25,0,0,17.0,13.0,32.0
2017-12-24,33.0,43.0,0.2076923076923077,0.0,26,0,0,10.0,-9.0,34.666666666666664
2017-12-25,25.0,35.0,0.013478260869565217,0.0,23,1,1,10.0,-8.0,33.333333333333336
2017-12-26,23.0,31.0,0.0,0.0,25,1,0,8.0,-2.0,27.0
2017-12-27,14.0,28.0,0.0,0.0,23,1,0,14.0,-9.0,20.666666666666668
2017-12-28,10.0,19.0,0.0,0.0,23,1,0,9.0,-4.0,15.666666666666666
2017-12-29,9.0,24.0,0.0,0.0,22,1,0,15.0,-1.0,11.0
2017-12-30,16.0,28.0,0.0576,0.5083333333333333,25,1,0,12.0,7.0,11.666666666666666
2017-12-31,9.0,19.0,0.0004347826086956522,0.0,23,1,0,10.0,-7.0,11.333333333333334
2018-01-01,6.0,18.0,0.0,0.0,26,1,0,12.0,-3.0,10.333333333333334
2018-01-02,6.0,19.0,0.0,0.0,25,1,0,13.0,0.0,7.0
2018-01-03,8.0,29.0,0.0,0.0,26,1,0,21.0,2.0,6.666666666666667
2018-01-04,12.0,24.0,0.04230769230769231,0.5,26,1,0,12.0,4.0,8.666666666666666
2018-01-05,6.0,14.0,0.0008333333333333334,0.01578947368421053,24,1,0,8.0,-6.0,8.666666666666666
2018-01-06,4.0,14.0,0.0,0.0,25,1,0,10.0,-2.0,7.333333333333333
2018-01-07,-1.0,19.0,0.0,0.0,25,1,0,20.0,-5.0,3.0
2018-01-08,14.0,32.0,0.01652173913043478,0.023529411764705882,23,1,0,18.0,15.0,5.666666666666667
2018-01-09,26.0,44.0,0.046799999999999994,0.0,25,1,1,18.0,12.0,13.0
2018-01-10,26.0,41.0,0.0,0.0,25,1,1,15.0,0.0,22.0
2018-01-11,35.0,58.0,0.002173913043478261,0.0,23,0,0,23.0,9.0,29.0
2018-01-12,53.0,65.0,0.2568,0.0,25,0,0,12.0,18.0,38.0
2018-01-13,18.0,60.0,0.7712,0.0,25,1,1,42.0,-35.0,35.333333333333336
2018-01-14,11.0,21.0,0.0,0.0,23,1,0,10.0,-7.0,27.333333333333332
2018-01-15,8.0,27.0,0.0,0.0,23,1,0,19.0,-3.0,12.333333333333334
2018-01-16,25.0,36.0,0.0004347826086956522,0.005555555555555556,25,1,1,11.0,17.0,14.666666666666666
2018-01-17,15.0,31.0,0.054814814814814816,0.6708333333333334,27,1,0,16.0,-10.0,16.0
2018-01-18,13.0,38.0,0.0028000000000000004,0.02857142857142857,25,1,1,25.0,-2.0,17.666666666666668
2018-01-19,25.0,48.0,0.0,0.0,25,1,1,23.0,12.0,17.666666666666668
2018-01-20,33.0,57.0,0.0,0.0,25,0,0,24.0,8.0,23.666666666666668
2018-01-21,40.0,56.0,0.0,0.0,26,0,0,16.0,7.0,32.666666666666664
2018-01-22,46.0,62.0,0.0008,0.0,25,0,0,16.0,6.0,39.666666666666664
2018-01-23,43.0,57.0,0.14555555555555555,0.0,27,0,0,14.0,-3.0,43.0
2018-01-24,31.0,43.0,0.007857142857142858,0.0,28,1,1,12.0,-12.0,40.0
2018-01-25,26.0,35.0,0.0,0.0,27,1,1,9.0,-5.0,33.333333333333336
2018-01-26,22.0,43.0,0.0,0.0,25,1,1,21.0,-4.0,26.333333333333332
2018-01-27,29.0,58.0,0.0,0.0,24,1,1,29.0,7.0,25.666666666666668
2018-01-28,42.0,54.0,0.0824,0.0,25,0,0,12.0,13.0,31.0
2018-01-29,36.0,42.0,0.09960000000000001,0.0,26,0,0,6.0,-6.0,35.666666666666664
2018-01-30,19.0,36.0,0.009583333333333334,0.11666666666666667,26,1,1,17.0,-17.0,32.333333333333336
2018-01-31,14.0,36.0,0.0,0.0,23,1,1,22.0,-5.0,23.0
2018-02-01,35.0,45.0,0.01423076923076923,0.0,26,0,0,10.0,21.0,22.666666666666668
2018-02-02,16.0,40.0,0.1176,0.0,25,1,1,24.0,-19.0,21.666666666666668
2018-02-03,10.0,31.0,0.0,0.0,25,1,0,21.0,-6.0,20.333333333333332
2018-02-04,29.0,32.0,0.2168,0.03684210526315789,25,1,0,3.0,19.0,18.333333333333332
2018-02-05,21.0,32.0,0.9039285714285714,0.03125,28,1,0,11.0,-8.0,20.0
2018-02-06,21.0,34.0,0.0,0.0,27,1,1,13.0,0.0,23.666666666666668
2018-02-07,25.0,33.0,0.1244,0.0,25,1,1,8.0,4.0,22.333333333333332
2018-02-08,19.0,31.0,0.3804347826086957,0.0,23,1,0,12.0,-6.0,21.666666666666668
2018-02-09,20.0,40.0,0.0,0.0,23,1,1,20.0,1.0,21.333333333333332
2018-02-10,33.0,42.0,0.10272727272727272,0.0,22,0,0,9.0,13.0,24.0
2018-02-11,42.0,62.0,1.0778260869565217,0.0,26,0,0,20.0,9.0,31.666666666666668
2018-02-12,34.0,61.0,0.1956521739130435,0.0,23,0,0,27.0,-8.0,36.333333333333336
2018-02-13,23.0,39.0,0.025,0.0,23,1,1,16.0,-11.0,33.0
2018-02-14,29.0,49.0,0.008461538461538461,0.0,27,1,1,20.0,6.0,28.666666666666668
2018-02-15,46.0,68.0,0.04178571428571428,0.0,28,0,0,22.0,17.0,32.666666666666664
2018-02-16,36.0,65.0,0.1837037037037037,0.0,28,0,0,29.0,-10.0,37.0
2018-02-17,27.0,40.0,0.10703703703703704,1.6624999999999999,27,1,1,13.0,-9.0,36.333333333333336
2018-02-18,28.0,44.0,0.42772727272727273,1.5444444444444445,22,1,1,16.0,1.0,30.333333333333332
2018-02-19,34.0,44.0,0.009545454545454546,0.0,23,0,0,10.0,6.0,29.666666666666668
2018-02-20,44.0,75.0,0.006666666666666667,0.0,24,0,0,31.0,10.0,35.333333333333336
2018-02-21,58.0,78.0,0.0017391304347826088,0.0,24,0,0,20.0,14.0,45.333333333333336
2018-02-22,39.0,63.0,0.027083333333333334,0.0,25,0,0,24.0,-19.0,47.0
2018-02-23,37.0,43.0,0.1562962962962963,0.0,28,0,0,6.0,-2.0,44.666666666666664
2018-02-24,43.0,49.0,0.1252,0.0,25,0,0,6.0,6.0,39.666666666666664
2018-02-25,43.0,50.0,0.33666666666666667,0.0,28,0,0,7.0,0.0,41.0
2018-02-26,36.0,50.0,0.09884615384615383,0.0,27,0,0,14.0,-7.0,40.666666666666664
2018-02-27,30.0,55.0,0.0,0.0,25,1,1,25.0,-6.0,36.333333333333336
2018-02-28,38.0,64.0,0.0,0.0,25,0,0,26.0,8.0,34.666666666666664
2018-03-01,44.0,52.0,0.041739130434782605,0.0,23,0,0,8.0,6.0,37.333333333333336
2018-03-02,33.0,47.0,0.19653846153846155,0.014285714285714287,26,0,0,14.0,-11.0,38.333333333333336
2018-03-03,31.0,47.0,0.012,0.0,25,1,1,16.0,-2.0,36.0
2018-03-04,27.0,46.0,0.0,0.0,24,1,1,19.0,-4.0,30.333333333333332
2018-03-05,24.0,43.0,0.0,0.0,25,1,1,19.0,-3.0,27.333333333333332
2018-03-06,23.0,42.0,0.024,0.07777777777777778,25,1,1,19.0,-1.0,24.666666666666668
2018-03-07,31.0,40.0,0.1704,0.31875,25,1,1,9.0,8.0,26.0
2018-03-08,26.0,40.0,0.01,0.0,25,1,1,14.0,-5.0,26.666666666666668
2018-03-09,27.0,38.0,0.0,0.0,24,1,1,11.0,1.0,28.0
2018-03-10,23.0,46.0,0.0,0.0,25,1,1,23.0,-4.0,25.333333333333332
2018-03-11,23.0,44.0,0.0,0.0,25,1,1,21.0,0.0,24.333333333333332
2018-03-12,29.0,38.0,0.0004166666666666667,0.0058823529411764705,24,1,1,9.0,6.0,25.0
2018-03-13,27.0,42.0,0.0028000000000000004,0.03157894736842106,26,1,1,15.0,-2.0,26.333333333333332
2018-03-14,25.0,37.0,0.0,0.0,27,1,1,12.0,-2.0,27.0
2018-03-15,28.0,47.0,0.0,0.0,26,1,1,19.0,3.0,26.666666666666668
2018-03-16,27.0,40.0,0.0,0.0,25,1,1,13.0,-1.0,26.666666666666668
2018-03-17,27.0,40.0,0.0,0.0,26,1,1,13.0,0.0,27.333333333333332
2018-03-18,25.0,53.0,0.0015384615384615385,0.0,26,1,1,28.0,-2.0,26.333333333333332
2018-03-19,34.0,59.0,0.0,0.0,24,0,0,25.0,9.0,28.666666666666668
2018-03-20,26.0,44.0,0.218,0.43636363636363634,25,1,1,18.0,-8.0,28.333333333333332
2018-03-21,26.0,32.0,0.7245454545454545,1.7899999999999998,22,1,0,6.0,0.0,28.666666666666668
2018-03-22,26.0,42.0,0.34736842105263155,2.8375,22,1,1,16.0,0.0,26.0
2018-03-23,27.0,43.0,0.0,0.0,24,1,1,16.0,1.0,26.333333333333332
2018-03-24,25.0,45.0,0.0,0.0,25,1,1,20.0,-2.0,26.0
2018-03-25,24.0,40.0,0.0,0.0,24,1,1,16.0,-1.0,25.333333333333332
2018-03-26,25.0,46.0,0.002916666666666667,0.0,24,1,1,21.0,1.0,24.666666666666668
2018-03-27,28.0,41.0,0.0,0.0,23,1,1,13.0,3.0,25.666666666666668
2018-03-28,37.0,49.0,0.04,0.0,24,0,0,12.0,9.0,30.0
2018-03-29,44.0,70.0,0.08076923076923077,0.0,26,0,0,26.0,7.0,36.333333333333336
2018-03-30,42.0,70.0,0.03956521739130435,0.0,23,0,0,28.0,-2.0,41.0
2018-03-31,30.0,58.0,0.0868,0.0,25,1,1,28.0,-12.0,38.666666666666664
2018-04-01,46.0,62.0,0.0,0.0,24,0,0,16.0,16.0,39.333333333333336
2018-04-02,35.0,47.0,0.1448,0.0,25,0,0,12.0,-11.0,37.0
2018-04-03,39.0,47.0,0.011304347826086957,0.0,23,0,0,8.0,4.0,40.0
2018-04-04,39.0,64.0,0.0416,0.0,26,0,0,25.0,0.0,37.666666666666664
2018-04-05,30.0,48.0,0.01916666666666667,0.0,24,1,1,18.0,-9.0,36.0
2018-04-06,38.0,67.0,0.0036363636363636364,0.0,22,0,0,29.0,8.0,35.666666666666664
2018-04-07,34.0,59.0,0.0,0.0,25,0,0,25.0,-4.0,34.0
2018-04-08,27.0,46.0,0.0,0.0,25,1,1,19.0,-7.0,33.0
2018-04-09,30.0,39.0,0.0004347826086956522,0.0,24,1,1,9.0,3.0,30.333333333333332
2018-04-10,32.0,50.0,0.007307692307692308,0.0,26,1,1,18.0,2.0,29.666666666666668
2018-04-11,33.0,57.0,0.0,0.0,25,0,0,24.0,1.0,31.666666666666668
2018-04-12,43.0,78.0,0.0,0.0,23,0,0,35.0,10.0,36.0
2018-04-13,59.0,85.0,0.0008,0.0,25,0,0,26.0,16.0,45.0
2018-04-14,61.0,82.0,0.0,0.0,24,0,0,21.0,2.0,54.333333333333336
2018-04-15,40.0,72.0,0.018333333333333333,0.0,24,0,0,32.0,-21.0,53.333333333333336
2018-04-16,41.0,51.0,2.169642857142857,0.0,28,0,0,10.0,1.0,47.333333333333336
2018-04-17,36.0,43.0,0.11,0.0,28,0,0,7.0,-5.0,39.0
2018-04-18,29.0,58.0,0.0,0.0,24,1,1,29.0,-7.0,35.333333333333336
2018-04-19,38.0,58.0,0.0008,0.0,25,0,0,20.0,9.0,34.333333333333336
2018-04-20,32.0,56.0,0.005416666666666667,0.0,24,1,1,24.0,-6.0,33.0
2018-04-21,31.0,58.0,0.0,0.0,23,1,1,27.0,-1.0,33.666666666666664
2018-04-22,43.0,64.0,0.0,0.0,21,0,0,21.0,12.0,35.333333333333336
2018-04-23,44.0,68.0,0.0,0.0,24,0,0,24.0,1.0,39.333333333333336
2018-04-24,49.0,61.0,0.08260869565217391,0.0,23,0,0,12.0,5.0,45.333333333333336
2018-04-25,50.0,60.0,0.6325925925925927,0.0,27,0,0,10.0,1.0,47.666666666666664
2018-04-26,44.0,66.0,0.08583333333333333,0.0,25,0,0,22.0,-6.0,47.666666666666664
2018-04-27,49.0,59.0,0.6689655172413793,0.0,29,0,0,10.0,5.0,47.666666666666664
2018-04-28,46.0,74.0,0.07607142857142857,0.0,28,0,0,28.0,-3.0,46.333333333333336
2018-04-29,39.0,56.0,0.010384615384615384,0.0,26,0,0,17.0,-7.0,44.666666666666664
2018-04-30,38.0,68.0,0.0,0.0,24,0,0,30.0,-1.0,41.0
2018-05-01,45.0,80.0,0.0,0.0,25,0,0,35.0,7.0,40.666666666666664
2018-05-02,54.0,88.0,0.0,0.0,27,0,0,34.0,9.0,45.666666666666664
2018-05-03,62.0,90.0,0.0,0.0,26,0,0,28.0,8.0,53.666666666666664
2018-05-04,64.0,89.0,0.0008333333333333334,0.0,24,0,0,25.0,2.0,60.0
2018-05-05,52.0,75.0,0.02888888888888889,0.0,27,0,0,23.0,-12.0,59.333333333333336
2018-05-06,50.0,62.0,0.095,0.0,26,0,0,12.0,-2.0,55.333333333333336
2018-05-07,50.0,73.0,0.013999999999999999,0.0,26,0,0,23.0,0.0,50.666666666666664
2018-05-08,52.0,76.0,0.0003846153846153846,0.0,26,0,0,24.0,2.0,50.666666666666664
2018-05-09,49.0,78.0,0.0,0.0,26,0,0,29.0,-3.0,50.333333333333336
2018-05-10,55.0,78.0,0.00576923076923077,0.0,26,0,0,23.0,6.0,52.0
2018-05-11,55.0,78.0,0.02392857142857143,0.0,28,0,0,23.0,0.0,53.0
2018-05-12,55.0,87.0,0.0,0.0,24,0,0,32.0,0.0,55.0
2018-05-13,57.0,66.0,0.3306896551724138,0.0,30,0,0,9.0,2.0,55.666666666666664
2018-05-14,57.0,81.0,0.17633333333333334,0.0,30,0,0,24.0,0.0,56.333333333333336
2018-05-15,62.0,88.0,0.6336666666666666,0.0,30,0,0,26.0,5.0,58.666666666666664
2018-05-16,64.0,70.0,0.8237931034482758,0.0,29,0,0,6.0,2.0,61.0
2018-05-17,62.0,66.0,0.7983333333333333,0.0,30,0,0,4.0,-2.0,62.666666666666664
2018-05-18,52.0,64.0,0.7482142857142857,0.0,28,0,0,12.0,-10.0,59.333333333333336
2018-05-19,50.0,64.0,1.1771428571428573,0.0,28,0,0,14.0,-2.0,54.666666666666664
2018-05-20,64.0,84.0,0.16142857142857145,0.0,28,0,0,20.0,14.0,55.333333333333336
2018-05-21,60.0,78.0,0.0003846153846153846,0.0,27,0,0,18.0,-4.0,58.0
2018-05-22,62.0,72.0,0.12285714285714286,0.0,28,0,0,10.0,2.0,62.0
2018-05-23,64.0,76.0,0.5953333333333333,0.0,30,0,0,12.0,2.0,62.0
2018-05-24,56.0,82.0,0.0,0.0,26,0,0,26.0,-8.0,60.666666666666664
2018-05-25,60.0,86.0,0.0,0.0,24,0,0,26.0,4.0,60.0
2018-05-26,69.0,87.0,0.03652173913043478,0.0,23,0,0,18.0,9.0,61.666666666666664
2018-05-27,67.0,83.0,0.2425,0.0,28,0,0,16.0,-2.0,65.33333333333333
2018-05-28,59.0,70.0,0.03464285714285714,0.0,28,0,0,11.0,-8.0,65.0
2018-05-29,65.0,80.0,0.003076923076923077,0.0,26,0,0,15.0,6.0,63.666666666666664
2018-05-30,69.0,74.0,0.005,0.0,24,0,0,5.0,4.0,64.33333333333333
2018-05-31,65.0,78.0,0.17153846153846153,0.0,26,0,0,13.0,-4.0,66.33333333333333
2018-06-01,68.0,83.0,0.602962962962963,0.0,27,0,0,15.0,3.0,67.33333333333333
2018-06-02,68.0,80.0,0.17653846153846153,0.0,26,0,0,12.0,0.0,67.0
2018-06-03,54.0,69.0,0.768,0.0,26,0,0,15.0,-14.0,63.333333333333336
2018-06-04,52.0,73.0,1.286923076923077,0.0,26,0,0,21.0,-2.0,58.0
2018-06-05,52.0,75.0,0.009166666666666667,0.0,25,0,0,23.0,0.0,52.666666666666664
2018-06-06,53.0,66.0,0.0176,0.0,25,0,0,13.0,1.0,52.333333333333336
2018-06-07,54.0,75.0,0.0004,0.0,25,0,0,21.0,1.0,53.0
2018-06-08,59.0,79.0,0.0,0.0,23,0,0,20.0,5.0,55.333333333333336
2018-06-09,65.0,81.0,0.015600000000000001,0.0,25,0,0,16.0,6.0,59.333333333333336
2018-06-10,61.0,72.0,0.07928571428571429,0.0,28,0,0,11.0,-4.0,61.666666666666664
2018-06-11,55.0,62.0,0.5768965517241379,0.0,29,0,0,7.0,-6.0,60.333333333333336
2018-06-12,51.0,76.0,0.03571428571428571,0.0,28,0,0,25.0,-4.0,55.666666666666664
2018-06-13,64.0,80.0,0.0004347826086956522,0.0,23,0,0,16.0,13.0,56.666666666666664
2018-06-14,64.0,81.0,0.0,0.0,26,0,0,17.0,0.0,59.666666666666664
2018-06-15,57.0,79.0,0.0,0.0,24,0,0,22.0,-7.0,61.666666666666664
2018-06-16,57.0,82.0,0.0,0.0,26,0,0,25.0,0.0,59.333333333333336
2018-06-17,67.0,86.0,0.0,0.0,24,0,0,19.0,10.0,60.333333333333336
2018-06-18,68.0,90.0,0.0,0.0,24,0,0,22.0,1.0,64.0
2018-06-19,70.0,85.0,0.06304347826086956,0.0,23,0,0,15.0,2.0,68.33333333333333
2018-06-20,64.0,77.0,0.3196551724137931,0.0,29,0,0,13.0,-6.0,67.33333333333333
2018-06-21,67.0,75.0,0.3814285714285714,0.0,29,0,0,8.0,3.0,67.0
2018-06-22,62.0,69.0,0.08074074074074075,0.0,27,0,0,7.0,-5.0,64.33333333333333
2018-06-23,61.0,78.0,0.3681481481481481,0.0,27,0,0,17.0,-1.0,63.333333333333336
2018-06-24,66.0,82.0,0.06384615384615384,0.0,27,0,0,16.0,5.0,63.0
2018-06-25,63.0,77.0,0.17357142857142857,0.0,29,0,0,14.0,-3.0,63.333333333333336
2018-06-26,57.0,80.0,0.0008,0.0,26,0,0,23.0,-6.0,62.0
2018-06-27,65.0,77.0,0.0004347826086956522,0.0,23,0,0,12.0,8.0,61.666666666666664
2018-06-28,70.0,82.0,0.005416666666666667,0.0,26,0,0,12.0,5.0,64.0
2018-06-29,65.0,86.0,0.0,0.0,22,0,0,21.0,-5.0,66.66666666666667
2018-06-30,66.0,89.0,0.0,0.0,21,0,0,23.0,1.0,67.0
2018-07-01,68.0,92.0,0.0,0.0,22,0,0,24.0,2.0,66.33333333333333
2018-07-02,71.0,94.0,0.0,0.0,24,0,0,23.0,3.0,68.33333333333333
2018-07-03,72.0,92.0,0.007083333333333333,0.0,24,0,0,20.0,1.0,70.33333333333333
2018-07-04,72.0,89.0,0.05653846153846154,0.0,26,0,0,17.0,0.0,71.66666666666667
2018-07-05,72.0,85.0,0.007272727272727273,0.0,22,0,0,13.0,0.0,72.0
2018-07-06,70.0,82.0,0.05954545454545455,0.0,22,0,0,12.0,-2.0,71.33333333333333
2018-07-07,60.0,75.0,0.022608695652173914,0.0,23,0,0,15.0,-10.0,67.33333333333333
2018-07-08,55.0,78.0,0.0,0.0,22,0,0,23.0,-5.0,61.666666666666664
2018-07-09,57.0,84.0,0.0,0.0,25,0,0,27.0,2.0,57.333333333333336
2018-07-10,62.0,89.0,0.0,0.0,23,0,0,27.0,5.0,58.0
2018-07-11,69.0,85.0,0.0,0.0,24,0,0,16.0,7.0,62.666666666666664
2018-07-12,62.0,83.0,0.0,0.0,24,0,0,21.0,-7.0,64.33333333333333
2018-07-13,63.0,85.0,0.0,0.0,24,0,0,22.0,1.0,64.66666666666667
2018-07-14,64.0,88.0,0.0,0.0,23,0,0,24.0,1.0,63.0
2018-07-15,68.0,82.0,0.016956521739130436,0.0,24,0,0,14.0,4.0,65.0
2018-07-16,67.0,92.0,0.10740740740740741,0.0,27,0,0,25.0,-1.0,66.33333333333333
2018-07-17,67.0,82.0,0.24296296296296294,0.0,27,0,0,15.0,0.0,67.33333333333333
2018-07-18,60.0,80.0,0.5360714285714285,0.0,29,0,0,20.0,-7.0,64.66666666666667
2018-07-19,60.0,83.0,0.0003846153846153846,0.0,26,0,0,23.0,0.0,62.333333333333336
2018-07-20,62.0,82.0,0.0,0.0,24,0,0,20.0,2.0,60.666666666666664
2018-07-21,62.0,70.0,0.7608,0.0,25,0,0,8.0,0.0,61.333333333333336
2018-07-22,59.0,74.0,4.009666666666666,0.0,31,0,0,15.0,-3.0,61.0
2018-07-23,67.0,80.0,1.1268965517241378,0.0,30,0,0,13.0,8.0,62.666666666666664
2018-07-24,72.0,76.0,0.5125806451612903,0.0,33,0,0,4.0,5.0,66.0
2018-07-25,69.0,80.0,0.442,0.0,30,0,0,11.0,-3.0,69.33333333333333
2018-07-26,67.0,84.0,0.916,0.0,30,0,0,17.0,-2.0,69.33333333333333
2018-07-27,66.0,87.0,0.03074074074074074,0.0,28,0,0,21.0,-1.0,67.33333333333333
2018-07-28,64.0,82.0,0.109,0.0,30,0,0,18.0,-2.0,65.66666666666667
2018-07-29,61.0,82.0,0.0,0.0,27,0,0,21.0,-3.0,63.666666666666664
2018-07-30,65.0,74.0,0.07111111111111111,0.0,28,0,0,9.0,4.0,63.333333333333336
2018-07-31,66.0,77.0,0.33399999999999996,0.0,30,0,0,11.0,1.0,64.0
2018-08-01,69.0,86.0,1.063448275862069,0.0,29,0,0,17.0,3.0,66.66666666666667
2018-08-02,70.0,79.0,0.5806896551724138,0.0,29,0,0,9.0,1.0,68.33333333333333
2018-08-03,70.0,80.0,0.21925925925925926,0.0,27,0,0,10.0,0.0,69.66666666666667
2018-08-04,68.0,83.0,0.7288461538461538,0.0,27,0,0,15.0,-2.0,69.33333333333333
2018-08-05,68.0,88.0,0.0007692307692307692,0.0,26,0,0,20.0,0.0,68.66666666666667
2018-08-06,64.0,89.0,0.010869565217391304,0.0,23,0,0,25.0,-4.0,66.66666666666667
2018-08-07,71.0,87.0,0.062400000000000004,0.0,25,0,0,16.0,7.0,67.66666666666667
2018-08-08,67.0,86.0,0.16083333333333333,0.0,26,0,0,19.0,-4.0,67.33333333333333
2018-08-09,67.0,85.0,0.06925925925925926,0.0,27,0,0,18.0,0.0,68.33333333333333
2018-08-10,66.0,84.0,0.0,0.0,26,0,0,18.0,-1.0,66.66666666666667
2018-08-11,70.0,86.0,0.003461538461538461,0.0,26,0,0,16.0,4.0,67.66666666666667
2018-08-12,67.0,80.0,0.018846153846153846,0.0,26,0,0,13.0,-3.0,67.66666666666667
2018-08-13,66.0,81.0,0.14037037037037037,0.0,27,0,0,15.0,-1.0,67.66666666666667
2018-08-14,62.0,80.0,0.08074074074074075,0.0,27,0,0,18.0,-4.0,65.0
2018-08-15,64.0,84.0,0.026000000000000002,0.0,25,0,0,20.0,2.0,64.0
2018-08-16,66.0,87.0,0.0008333333333333334,0.0,24,0,0,21.0,2.0,64.0
2018-08-17,70.0,90.0,0.007083333333333334,0.0,24,0,0,20.0,4.0,66.66666666666667
2018-08-18,69.0,82.0,0.1868,0.0,25,0,0,13.0,-1.0,68.33333333333333
2018-08-19,64.0,72.0,0.005833333333333334,0.0,24,0,0,8.0,-5.0,67.66666666666667
2018-08-20,64.0,73.0,0.0025,0.0,25,0,0,9.0,0.0,65.66666666666667
2018-08-21,69.0,75.0,0.3196296296296296,0.0,27,0,0,6.0,5.0,65.66666666666667
2018-08-22,66.0,79.0,1.5667857142857142,0.0,28,0,0,13.0,-3.0,66.33333333333333
2018-08-23,58.0,75.0,0.005384615384615385,0.0,26,0,0,17.0,-8.0,64.33333333333333
2018-08-24,56.0,81.0,0.0004,0.0,25,0,0,25.0,-2.0,60.0
2018-08-25,59.0,78.0,0.0,0.0,26,0,0,19.0,3.0,57.666666666666664
2018-08-26,62.0,85.0,0.0,0.0,25,0,0,23.0,3.0,59.0
2018-08-27,68.0,87.0,0.0,0.0,27,0,0,19.0,6.0,63.0
2018-08-28,70.0,90.0,0.0,0.0,26,0,0,20.0,2.0,66.66666666666667
2018-08-29,71.0,90.0,0.0,0.0,26,0,0,19.0,1.0,69.66666666666667
2018-08-30,70.0,84.0,0.001851851851851852,0.0,27,0,0,14.0,-1.0,70.33333333333333
2018-08-31,70.0,80.0,0.19571428571428573,0.0,28,0,0,10.0,0.0,70.33333333333333
2018-09-01,68.0,80.0,0.5968965517241379,0.0,29,0,0,12.0,-2.0,69.33333333333333
2018-09-02,69.0,85.0,0.4333333333333333,0.0,27,0,0,16.0,1.0,69.0
2018-09-03,71.0,89.0,0.001851851851851852,0.0,27,0,0,18.0,2.0,69.33333333333333
2018-09-04,71.0,88.0,0.01740740740740741,0.0,27,0,0,17.0,0.0,70.33333333333333
2018-09-05,71.0,90.0,0.0011538461538461537,0.0,26,0,0,19.0,0.0,71.0
2018-09-06,72.0,90.0,0.015384615384615385,0.0,26,0,0,18.0,1.0,71.33333333333333
2018-09-07,68.0,82.0,0.283448275862069,0.0,29,0,0,14.0,-4.0,70.33333333333333
2018-09-08,59.0,69.0,1.1926666666666668,0.0,30,0,0,10.0,-9.0,66.33333333333333
2018-09-09,54.0,60.0,1.1080645161290323,0.0,31,0,0,6.0,-5.0,60.333333333333336
2018-09-10,58.0,69.0,0.8821875,0.0,32,0,0,11.0,4.0,57.0
2018-09-11,66.0,69.0,0.12366666666666666,0.0,30,0,0,3.0,8.0,59.333333333333336
2018-09-12,65.0,77.0,0.1596551724137931,0.0,29,0,0,12.0,-1.0,63.0
2018-09-13,70.0,77.0,0.6758620689655173,0.0,29,0,0,7.0,5.0,67.0
2018-09-14,68.0,72.0,0.02896551724137931,0.0,29,0,0,4.0,-2.0,67.66666666666667
2018-09-15,66.0,77.0,0.012857142857142857,0.0,28,0,0,11.0,-2.0,68.0
2018-09-16,68.0,74.0,0.026153846153846156,0.0,26,0,0,6.0,2.0,67.33333333333333
2018-09-17,68.0,78.0,0.15037037037037038,0.0,27,0,0,10.0,0.0,67.33333333333333
2018-09-18,64.0,81.0,1.196206896551724,0.0,29,0,0,17.0,-4.0,66.66666666666667
2018-09-19,62.0,79.0,0.1575,0.0,28,0,0,17.0,-2.0,64.66666666666667
2018-09-20,66.0,71.0,0.0008,0.0,25,0,0,5.0,4.0,64.0
2018-09-21,57.0,72.0,0.0011538461538461537,0.0,26,0,0,15.0,-9.0,61.666666666666664
2018-09-22,57.0,72.0,0.16482758620689655,0.0,29,0,0,15.0,0.0,60.0
2018-09-23,55.0,59.0,0.27464285714285713,0.0,28,0,0,4.0,-2.0,56.333333333333336
2018-09-24,58.0,62.0,0.8624999999999999,0.0,29,0,0,4.0,3.0,56.666666666666664
2018-09-25,60.0,73.0,0.46535714285714286,0.0,28,0,0,13.0,2.0,57.666666666666664
2018-09-26,68.0,83.0,0.17925925925925926,0.0,28,0,0,15.0,8.0,62.0
2018-09-27,53.0,68.0,0.6485185185185186,0.0,27,0,0,15.0,-15.0,60.333333333333336
2018-09-28,54.0,71.0,1.4514814814814814,0.0,28,0,0,17.0,1.0,58.333333333333336
2018-09-29,57.0,73.0,0.00409090909090909,0.0,23,0,0,16.0,3.0,54.666666666666664
2018-09-30,53.0,72.0,0.0,0.0,26,0,0,19.0,-4.0,54.666666666666664
2018-10-01,61.0,80.0,0.0007692307692307692,0.0,27,0,0,19.0,8.0,57.0
2018-10-02,63.0,78.0,0.0007407407407407407,0.0,27,0,0,15.0,2.0,59.0
2018-10-03,64.0,79.0,0.00035714285714285714,0.0,28,0,0,15.0,1.0,62.666666666666664
2018-10-04,62.0,85.0,0.029285714285714286,0.0,28,0,0,23.0,-2.0,63.0
2018-10-05,61.0,71.0,0.13899999999999998,0.0,30,0,0,10.0,-1.0,62.333333333333336
2018-10-06,61.0,69.0,0.0068000000000000005,0.0,25,0,0,8.0,0.0,61.333333333333336
2018-10-07,66.0,83.0,0.0,0.0,26,0,0,17.0,5.0,62.666666666666664
2018-10-08,69.0,81.0,0.0,0.0,26,0,0,12.0,3.0,65.33333333333333
2018-10-09,69.0,79.0,0.01,0.0,27,0,0,10.0,0.0,68.0
2018-10-10,68.0,80.0,0.012592592592592591,0.0,27,0,0,12.0,-1.0,68.66666666666667
2018-10-11,68.0,78.0,0.2482758620689655,0.0,29,0,0,10.0,0.0,68.33333333333333
2018-10-12,47.0,68.0,0.7993103448275862,0.0,29,0,0,21.0,-21.0,61.0
2018-10-13,43.0,54.0,0.09892857142857144,0.0,28,0,0,11.0,-4.0,52.666666666666664
2018-10-14,40.0,54.0,0.016,0.0,25,0,0,14.0,-3.0,43.333333333333336
2018-10-15,52.0,65.0,0.15625,0.0,25,0,0,13.0,12.0,45.0
2018-10-16,48.0,66.0,0.1408,0.0,28,0,0,18.0,-4.0,46.666666666666664
2018-10-17,45.0,63.0,0.0003846153846153846,0.0,26,0,0,18.0,-3.0,48.333333333333336
2018-10-18,40.0,52.0,0.0,0.0,26,0,0,12.0,-5.0,44.333333333333336
2018-10-19,36.0,60.0,0.0008,0.0,25,0,0,24.0,-4.0,40.333333333333336
2018-10-20,49.0,64.0,0.09111111111111111,0.0,27,0,0,15.0,13.0,41.666666666666664
2018-10-21,39.0,50.0,0.01958333333333333,0.0,24,0,0,11.0,-10.0,41.333333333333336
2018-10-22,31.0,53.0,0.0,0.0,23,1,1,22.0,-8.0,39.666666666666664
2018-10-23,41.0,66.0,0.0013636363636363635,0.0,25,0,0,25.0,10.0,37.0
2018-10-24,40.0,52.0,0.0,0.0,25,0,0,12.0,-1.0,37.333333333333336
2018-10-25,32.0,50.0,0.0,0.0,26,1,1,18.0,-8.0,37.666666666666664
2018-10-26,37.0,45.0,0.12208333333333334,0.0,24,0,0,8.0,5.0,36.333333333333336
2018-10-27,41.0,47.0,0.9181481481481482,0.0,27,0,0,6.0,4.0,36.666666666666664
2018-10-28,44.0,53.0,0.2653846153846154,0.0,26,0,0,9.0,3.0,40.666666666666664
2018-10-29,43.0,56.0,0.027200000000000002,0.0,25,0,0,13.0,-1.0,42.666666666666664
2018-10-30,37.0,58.0,0.00125,0.0,25,0,0,21.0,-6.0,41.333333333333336
2018-10-31,42.0,67.0,0.0,0.0,24,0,0,25.0,5.0,40.666666666666664
2018-11-01,53.0,72.0,0.0,0.0,26,0,0,19.0,11.0,44.0
2018-11-02,52.0,68.0,0.1867857142857143,0.0,28,0,0,16.0,-1.0,49.0
2018-11-03,40.0,54.0,0.9486666666666667,0.0,30,0,0,14.0,-12.0,48.333333333333336
2018-11-04,34.0,54.0,0.004814814814814815,0.0,27,0,0,20.0,-6.0,42.0
2018-11-05,47.0,49.0,0.5037931034482759,0.0,29,0,0,2.0,13.0,40.333333333333336
2018-11-06,49.0,57.0,0.6962962962962963,0.0,27,0,0,8.0,2.0,43.333333333333336
2018-11-07,47.0,59.0,0.4553846153846154,0.0,27,0,0,12.0,-2.0,47.666666666666664
2018-11-08,41.0,55.0,0.0008695652173913044,0.0,23,0,0,14.0,-6.0,45.666666666666664
2018-11-09,41.0,46.0,0.09869565217391305,0.0,23,0,0,5.0,0.0,43.0
2018-11-10,29.0,42.0,0.4296,0.0,25,1,1,13.0,-12.0,37.0
2018-11-11,25.0,43.0,0.0004166666666666667,0.0,24,1,1,18.0,-4.0,31.666666666666668
2018-11-12,30.0,43.0,0.06875,0.0,25,1,1,13.0,5.0,28.0
2018-11-13,38.0,43.0,0.9548148148148149,0.0,28,0,0,5.0,8.0,31.0
2018-11-14,32.0,40.0,0.013846153846153845,0.0,26,1,1,8.0,-6.0,33.333333333333336
2018-11-15,27.0,34.0,0.1823076923076923,0.9875,26,1,1,7.0,-5.0,32.333333333333336
2018-11-16,31.0,41.0,1.1048,1.6421052631578947,26,1,1,10.0,4.0,30.0
2018-11-17,32.0,44.0,0.0,0.0,25,1,1,12.0,1.0,30.0
2018-11-18,30.0,46.0,0.0,0.0,22,1,1,16.0,-2.0,31.0
2018-11-19,36.0,58.0,0.0,0.0,22,0,0,22.0,6.0,32.666666666666664
2018-11-20,37.0,47.0,0.003913043478260869,0.0,23,0,0,10.0,1.0,34.333333333333336
2018-11-21,29.0,48.0,0.0,0.0,24,1,1,19.0,-8.0,34.0
2018-11-22,22.0,37.0,0.0,0.0,23,1,1,15.0,-7.0,29.333333333333332
2018-11-23,22.0,30.0,0.0004347826086956522,0.0,23,1,0,8.0,0.0,24.333333333333332
2018-11-24,28.0,44.0,0.331304347826087,0.0,23,1,1,16.0,6.0,24.0
2018-11-25,32.0,57.0,1.4529166666666666,0.0,26,1,1,25.0,4.0,27.333333333333332
2018-11-26,32.0,48.0,0.0626086956521739,0.0,23,1,1,16.0,0.0,30.666666666666668
2018-11-27,31.0,39.0,0.2236,0.0,26,1,1,8.0,-1.0,31.666666666666668
2018-11-28,28.0,34.0,0.0,0.0,24,1,1,6.0,-3.0,30.333333333333332
2018-11-29,26.0,35.0,0.0,0.0,24,1,1,9.0,-2.0,28.333333333333332
2018-11-30,30.0,39.0,0.0013043478260869566,0.0,23,1,1,9.0,4.0,28.0
2018-12-01,31.0,40.0,0.0425,0.0,24,1,1,9.0,1.0,29.0
2018-12-02,40.0,53.0,0.3632,0.0,26,0,0,13.0,9.0,33.666666666666664
2018-12-03,42.0,54.0,0.0068,0.0,26,0,0,12.0,2.0,37.666666666666664
2018-12-04,28.0,42.0,0.0,0.0,25,1,1,14.0,-14.0,36.666666666666664
2018-12-05,25.0,33.0,0.0,0.0,24,1,1,8.0,-3.0,31.666666666666668
2018-12-06,25.0,39.0,0.0,0.0,25,1,1,14.0,0.0,26.0
2018-12-07,26.0,37.0,0.0,0.0,23,1,1,11.0,1.0,25.333333333333332
2018-12-08,20.0,33.0,0.0,0.0,24,1,1,13.0,-6.0,23.666666666666668
2018-12-09,25.0,30.0,0.0,0.0,22,1,0,5.0,5.0,23.666666666666668
2018-12-10,22.0,34.0,0.0,0.0,25,1,1,12.0,-3.0,22.333333333333332
2018-12-11,20.0,40.0,0.0,0.0,25,1,1,20.0,-2.0,22.333333333333332
2018-12-12,29.0,41.0,0.0,0.0,24,1,1,12.0,9.0,23.666666666666668
2018-12-13,31.0,45.0,0.0,0.0,24,1,1,14.0,2.0,26.666666666666668
2018-12-14,34.0,42.0,0.03916666666666666,0.0,24,0,0,8.0,3.0,31.333333333333332
2018-12-15,41.0,52.0,0.8515999999999999,0.0,25,0,0,11.0,7.0,35.333333333333336
2018-12-16,36.0,49.0,2.3223076923076924,0.0,26,0,0,13.0,-5.0,37.0
2018-12-17,36.0,51.0,0.08961538461538462,0.0,27,0,0,15.0,0.0,37.666666666666664
2018-12-18,29.0,40.0,0.0,0.0,24,1,1,11.0,-7.0,33.666666666666664
2018-12-19,25.0,45.0,0.0,0.0,24,1,1,20.0,-4.0,30.0
2018-12-20,30.0,50.0,0.0536,0.0,25,1,1,20.0,5.0,28.0
2018-12-21,50.0,64.0,0.5696153846153846,0.0,26,0,0,14.0,20.0,35.0
2018-12-22,36.0,50.0,0.20269230769230767,0.0,26,0,0,14.0,-14.0,38.666666666666664
2018-12-23,29.0,45.0,0.0036,0.0,25,1,1,16.0,-7.0,38.333333333333336
2018-12-24,34.0,42.0,0.020384615384615386,0.0,26,0,0,8.0,5.0,33.0
2018-12-25,27.0,37.0,0.0,0.0,24,1,1,10.0,-7.0,30.0
2018-12-26,24.0,43.0,0.0,0.0,24,1,1,19.0,-3.0,28.333333333333332
2018-12-27,29.0,47.0,0.0008,0.0,25,1,1,18.0,5.0,26.666666666666668
2018-12-28,39.0,49.0,0.7196296296296296,0.0,27,0,0,10.0,10.0,30.666666666666668
2018-12-29,35.0,49.0,0.3403703703703704,0.0,27,0,0,14.0,-4.0,34.333333333333336
2018-12-30,29.0,43.0,0.0,0.0,25,1,1,14.0,-6.0,34.333333333333336
2018-12-31,32.0,43.0,0.10124999999999999,0.0,24,1,1,11.0,3.0,32.0
2019-01-01,42.0,57.0,0.5142857142857143,0.0,28,0,0,15.0,10.0,34.333333333333336
2019-01-02,38.0,42.0,0.0003846153846153846,0.0,26,0,0,4.0,-4.0,37.333333333333336
2019-01-03,31.0,44.0,0.0012,0.0,25,1,1,13.0,-7.0,37.0
2019-01-04,30.0,45.0,0.02416666666666667,0.0,24,1,1,15.0,-1.0,33.0
2019-01-05,40.0,48.0,0.115,0.0,26,0,0,8.0,10.0,33.666666666666664
2019-01-06,35.0,49.0,0.02846153846153846,0.0,26,0,0,14.0,-5.0,35.0
2019-01-07,29.0,38.0,0.0,0.0,25,1,1,9.0,-6.0,34.666666666666664
2019-01-08,32.0,50.0,0.09961538461538463,0.0,27,1,1,18.0,3.0,32.0
2019-01-09,29.0,48.0,0.11481481481481481,0.016666666666666666,27,1,1,19.0,-3.0,30.0
2019-01-10,25.0,31.0,0.015000000000000001,0.011764705882352941,26,1,0,6.0,-4.0,28.666666666666668
2019-01-11,22.0,32.0,0.0,0.0,25,1,0,10.0,-3.0,25.333333333333332
2019-01-12,22.0,32.0,0.030416666666666665,0.3611111111111111,24,1,0,10.0,0.0,23.0
2019-01-13,24.0,28.0,0.44583333333333336,5.9818181818181815,24,1,0,4.0,2.0,22.666666666666668
2019-01-14,20.0,31.0,0.35541666666666666,4.7272727272727275,25,1,0,11.0,-4.0,22.0
2019-01-15,19.0,34.0,0.0004,0.0,25,1,1,15.0,-1.0,21.0
2019-01-16,20.0,37.0,0.0,0.0,27,1,1,17.0,1.0,19.666666666666668
2019-01-17,28.0,34.0,0.008400000000000001,0.13,25,1,1,6.0,8.0,22.333333333333332
2019-01-18,28.0,40.0,0.12423076923076923,1.4000000000000001,26,1,1,12.0,0.0,25.333333333333332
2019-01-19,31.0,35.0,0.14083333333333334,0.0,24,1,1,4.0,3.0,29.0
2019-01-20,14.0,37.0,0.9359999999999999,0.0,25,1,1,23.0,-17.0,24.333333333333332
2019-01-21,8.0,16.0,0.0023076923076923075,0.0,26,1,0,8.0,-6.0,17.666666666666668
2019-01-22,8.0,28.0,0.0,0.0,26,1,0,20.0,0.0,10.0
2019-01-23,25.0,44.0,0.0,0.0,26,1,1,19.0,17.0,13.666666666666666
2019-01-24,32.0,56.0,0.3926923076923077,0.0,26,1,1,24.0,7.0,21.666666666666668
2019-01-25,26.0,37.0,0.662,0.0,25,1,1,11.0,-6.0,27.666666666666668
2019-01-26,19.0,35.0,0.0,0.0,23,1,1,16.0,-7.0,25.666666666666668
2019-01-27,24.0,43.0,0.0,0.0,23,1,1,19.0,5.0,23.0
2019-01-28,22.0,35.0,0.0,0.0,24,1,1,13.0,-2.0,21.666666666666668
2019-01-29,22.0,34.0,0.03260869565217391,0.5266666666666667,23,1,1,12.0,0.0,22.666666666666668
2019-01-30,4.0,29.0,0.142,1.3727272727272728,25,1,0,25.0,-18.0,16.0
2019-01-31,-1.0,16.0,0.0004166666666666667,0.011111111111111112,25,1,0,17.0,-5.0,8.333333333333334
2019-02-01,7.0,18.0,0.033846153846153845,0.34444444444444444,26,1,0,11.0,8.0,3.3333333333333335
2019-02-02,9.0,35.0,0.07440000000000001,1.0636363636363635,25,1,1,26.0,2.0,5.0
2019-02-03,28.0,50.0,0.0,0.0,26,1,1,22.0,19.0,14.666666666666666
2019-02-04,31.0,58.0,0.0,0.0,26,1,1,27.0,3.0,22.666666666666668
2019-02-05,43.0,65.0,0.0012,0.0,25,0,0,22.0,12.0,34.0
2019-02-06,41.0,52.0,0.0272,0.0,25,0,0,11.0,-2.0,38.333333333333336
2019-02-07,40.0,53.0,0.08538461538461539,0.0,26,0,0,13.0,-1.0,41.333333333333336
2019-02-08,31.0,52.0,0.01846153846153846,0.0,26,1,1,21.0,-9.0,37.333333333333336
2019-02-09,21.0,31.0,0.004074074074074074,0.0,27,1,0,10.0,-10.0,30.666666666666668
2019-02-10,16.0,35.0,0.006538461538461539,0.1111111111111111,26,1,1,19.0,-5.0,22.666666666666668
2019-02-11,29.0,31.0,0.38280000000000003,0.3055555555555556,25,1,0,2.0,13.0,22.0
2019-02-12,30.0,32.0,0.6029166666666667,0.0,24,1,0,2.0,1.0,25.0
2019-02-13,31.0,41.0,0.5191666666666667,0.0,26,1,1,10.0,1.0,30.0
2019-02-14,30.0,48.0,0.0008333333333333334,0.0,24,1,1,18.0,-1.0,30.333333333333332
2019-02-15,40.0,64.0,0.0004166666666666667,0.0,24,0,0,24.0,10.0,33.666666666666664
2019-02-16,29.0,48.0,0.0,0.0,24,1,1,19.0,-11.0,33.0
2019-02-17,23.0,37.0,0.027083333333333334,0.0,24,1,1,14.0,-6.0,30.666666666666668
2019-02-18,31.0,43.0,0.4268,0.0,25,1,1,12.0,8.0,27.666666666666668
2019-02-19,22.0,36.0,0.0013043478260869566,0.0,23,1,1,14.0,-9.0,25.333333333333332
2019-02-20,25.0,30.0,0.1575,1.675,25,1,0,5.0,3.0,26.0
2019-02-21,29.0,51.0,0.5573913043478261,3.3722222222222222,25,1,1,22.0,4.0,25.333333333333332
2019-02-22,36.0,45.0,0.0024000000000000002,0.0,26,0,0,9.0,7.0,30.0
2019-02-23,33.0,37.0,0.011250000000000001,0.0,24,0,0,4.0,-3.0,32.666666666666664
2019-02-24,33.0,53.0,0.6392307692307693,0.0,27,0,0,20.0,0.0,34.0
2019-02-25,34.0,43.0,0.07037037037037037,0.0,27,0,0,9.0,1.0,33.333333333333336
2019-02-26,28.0,46.0,0.0,0.0,26,1,1,18.0,-6.0,31.666666666666668
2019-02-27,25.0,36.0,0.0,0.0,25,1,1,11.0,-3.0,29.0
2019-02-28,30.0,40.0,0.0,0.0,25,1,1,10.0,5.0,27.666666666666668
2019-03-01,28.0,34.0,0.2576923076923077,1.2,26,1,1,6.0,-2.0,27.666666666666668
2019-03-02,30.0,41.0,0.5269230769230769,0.0,26,1,1,11.0,2.0,29.333333333333332
2019-03-03,31.0,40.0,0.07583333333333334,0.1125,24,1,1,9.0,1.0,29.666666666666668
2019-03-04,26.0,35.0,0.5684,0.03333333333333333,26,1,1,9.0,-5.0,29.0
2019-03-05,19.0,36.0,0.0,0.0,25,1,1,17.0,-7.0,25.333333333333332
2019-03-06,15.0,26.0,0.0,0.0,25,1,0,11.0,-4.0,20.0
2019-03-07,15.0,37.0,0.0,0.0,25,1,1,22.0,0.0,16.333333333333332
2019-03-08,25.0,35.0,0.0248,0.21666666666666667,25,1,1,10.0,10.0,18.333333333333332
2019-03-09,29.0,37.0,0.1503846153846154,0.5777777777777778,26,1,1,8.0,4.0,23.0
2019-03-10,33.0,54.0,0.502,0.0,25,0,0,21.0,4.0,29.0
2019-03-11,40.0,58.0,0.0068000000000000005,0.0,25,0,0,18.0,7.0,34.0
2019-03-12,32.0,48.0,0.0,0.0,25,1,1,16.0,-8.0,35.0
2019-03-13,29.0,55.0,0.0,0.0,24,1,1,26.0,-3.0,33.666666666666664
2019-03-14,39.0,72.0,0.0004166666666666667,0.0,24,0,0,33.0,10.0,33.333333333333336
2019-03-15,59.0,76.0,0.0,0.0,26,0,0,17.0,20.0,42.333333333333336
2019-03-16,39.0,59.0,0.0011111111111111111,0.0,27,0,0,20.0,-20.0,45.666666666666664
2019-03-17,29.0,48.0,0.0,0.0,25,1,1,19.0,-10.0,42.333333333333336
2019-03-18,30.0,45.0,0.0,0.0,27,1,1,15.0,1.0,32.666666666666664
2019-03-19,25.0,48.0,0.0,0.0,27,1,1,23.0,-5.0,28.0
2019-03-20,30.0,51.0,0.0,0.0,26,1,1,21.0,5.0,28.333333333333332
2019-03-21,39.0,42.0,0.5879166666666666,0.0,24,0,0,3.0,9.0,31.333333333333332
2019-03-22,37.0,48.0,2.029166666666667,0.0,27,0,0,11.0,-2.0,35.333333333333336
2019-03-23,31.0,48.0,0.060740740740740734,0.0,27,1,1,17.0,-6.0,35.666666666666664
2019-03-24,35.0,62.0,0.0,0.0,26,0,0,27.0,4.0,34.333333333333336
2019-03-25,39.0,57.0,0.001153846153846154,0.0,26,0,0,18.0,4.0,35.0
2019-03-26,30.0,44.0,0.002962962962962963,0.0,27,1,1,14.0,-9.0,34.666666666666664
2019-03-27,24.0,51.0,0.0,0.0,27,1,1,27.0,-6.0,31.0
2019-03-28,30.0,60.0,0.0,0.0,27,1,1,30.0,6.0,28.0
2019-03-29,48.0,65.0,0.0,0.0,27,0,0,17.0,18.0,34.0
2019-03-30,49.0,74.0,0.0015384615384615385,0.0,26,0,0,25.0,1.0,42.333333333333336
2019-03-31,34.0,66.0,0.0208,0.0,25,0,0,32.0,-15.0,43.666666666666664
2019-04-01,27.0,45.0,0.02,0.0,28,1,1,18.0,-7.0,36.666666666666664
2019-04-02,30.0,46.0,0.0007692307692307692,0.0,26,1,1,16.0,3.0,30.333333333333332
2019-04-03,30.0,66.0,0.0075,0.0,28,1,1,36.0,0.0,29.0
2019-04-04,42.0,65.0,0.0,0.0,27,0,0,23.0,12.0,34.0
2019-04-05,41.0,53.0,0.048214285714285716,0.0,28,0,0,12.0,-1.0,37.666666666666664
2019-04-06,39.0,64.0,0.09857142857142857,0.0,28,0,0,25.0,-2.0,40.666666666666664
2019-04-07,48.0,71.0,0.0019230769230769232,0.0,26,0,0,23.0,9.0,42.666666666666664
2019-04-08,56.0,80.0,0.027037037037037037,0.0,27,0,0,24.0,8.0,47.666666666666664
2019-04-09,57.0,77.0,0.016428571428571428,0.0,29,0,0,20.0,1.0,53.666666666666664
2019-04-10,43.0,66.0,0.0,0.0,27,0,0,23.0,-14.0,52.0
2019-04-11,41.0,57.0,0.0,0.0,27,0,0,16.0,-2.0,47.0
2019-04-12,45.0,68.0,0.06555555555555556,0.0,27,0,0,23.0,4.0,43.0
2019-04-13,60.0,75.0,0.44466666666666665,0.0,30,0,0,15.0,15.0,48.666666666666664
2019-04-14,57.0,71.0,0.02185185185185185,0.0,27,0,0,14.0,-3.0,54.0
2019-04-15,43.0,72.0,0.18178571428571427,0.0,28,0,0,29.0,-14.0,53.333333333333336
2019-04-16,39.0,64.0,0.0068000000000000005,0.0,25,0,0,25.0,-4.0,46.333333333333336
2019-04-17,48.0,65.0,0.0,0.0,22,0,0,17.0,9.0,43.333333333333336
2019-04-18,50.0,76.0,0.0,0.0,23,0,0,26.0,2.0,45.666666666666664
2019-04-19,64.0,71.0,0.085,0.0,24,0,0,7.0,14.0,54.0
2019-04-20,58.0,72.0,0.5488888888888889,0.0,27,0,0,14.0,-6.0,57.333333333333336
2019-04-21,46.0,66.0,0.0016666666666666668,0.0,25,0,0,20.0,-12.0,56.0
2019-04-22,48.0,70.0,0.0,0.0,26,0,0,22.0,2.0,50.666666666666664
2019-04-23,50.0,81.0,0.0,0.0,26,0,0,31.0,2.0,48.0
2019-04-24,58.0,72.0,0.0,0.0,26,0,0,14.0,8.0,52.0
2019-04-25,55.0,73.0,0.007407407407407408,0.0,27,0,0,18.0,-3.0,54.333333333333336
2019-04-26,52.0,71.0,0.25482758620689655,0.0,29,0,0,19.0,-3.0,55.0
2019-04-27,46.0,67.0,0.33,0.0,27,0,0,21.0,-6.0,51.0
2019-04-28,48.0,67.0,0.07307692307692308,0.0,26,0,0,19.0,2.0,48.666666666666664
2019-04-29,38.0,61.0,0.02076923076923077,0.0,27,0,0,23.0,-10.0,44.0
2019-04-30,50.0,78.0,0.030000000000000002,0.0,26,0,0,28.0,12.0,45.333333333333336
2019-05-01,54.0,62.0,0.09777777777777778,0.0,27,0,0,8.0,4.0,47.333333333333336
2019-05-02,56.0,83.0,0.05555555555555555,0.0,27,0,0,27.0,2.0,53.333333333333336
2019-05-03,61.0,74.0,0.4596551724137931,0.0,29,0,0,13.0,5.0,57.0
2019-05-04,60.0,73.0,0.19321428571428573,0.0,28,0,0,13.0,-1.0,59.0
2019-05-05,54.0,65.0,0.5863333333333334,0.0,30,0,0,11.0,-6.0,58.333333333333336
2019-05-06,54.0,74.0,0.6579310344827587,0.0,29,0,0,20.0,0.0,56.0
2019-05-07,55.0,80.0,0.0011538461538461537,0.0,26,0,0,25.0,1.0,54.333333333333336
2019-05-08,58.0,66.0,0.0003846153846153846,0.0,26,0,0,8.0,3.0,55.666666666666664
2019-05-09,57.0,73.0,0.0,0.0,26,0,0,16.0,-1.0,56.666666666666664
2019-05-10,61.0,78.0,0.1744,0.0,25,0,0,17.0,4.0,58.666666666666664
2019-05-11,52.0,63.0,0.9041379310344827,0.0,29,0,0,11.0,-9.0,56.666666666666664
2019-05-12,46.0,55.0,0.4979310344827586,0.0,29,0,0,9.0,-6.0,53.0
2019-05-13,44.0,51.0,0.7079310344827586,0.0,29,0,0,7.0,-2.0,47.333333333333336
2019-05-14,44.0,56.0,0.3213793103448276,0.0,29,0,0,12.0,0.0,44.666666666666664
2019-05-15,41.0,70.0,0.003461538461538461,0.0,26,0,0,29.0,-3.0,43.0
2019-05-16,49.0,75.0,0.011851851851851851,0.0,27,0,0,26.0,8.0,44.666666666666664
2019-05-17,55.0,79.0,0.012307692307692308,0.0,27,0,0,24.0,6.0,48.333333333333336
2019-05-18,62.0,81.0,0.0003846153846153846,0.0,26,0,0,19.0,7.0,55.333333333333336
2019-05-19,61.0,88.0,0.004615384615384615,0.0,26,0,0,27.0,-1.0,59.333333333333336
2019-05-20,69.0,85.0,0.0007407407407407407,0.0,27,0,0,16.0,8.0,64.0
2019-05-21,55.0,75.0,0.002,0.0,25,0,0,20.0,-14.0,61.666666666666664
2019-05-22,48.0,72.0,0.0,0.0,24,0,0,24.0,-7.0,57.333333333333336
2019-05-23,58.0,80.0,0.08192307692307692,0.0,26,0,0,22.0,10.0,53.666666666666664
2019-05-24,66.0,79.0,0.5185714285714286,0.0,28,0,0,13.0,8.0,57.333333333333336
2019-05-25,61.0,81.0,0.005833333333333334,0.0,24,0,0,20.0,-5.0,61.666666666666664
2019-05-26,64.0,84.0,0.046799999999999994,0.0,25,0,0,20.0,3.0,63.666666666666664
2019-05-27,63.0,80.0,0.054400000000000004,0.0,25,0,0,17.0,-1.0,62.666666666666664
2019-05-28,64.0,87.0,0.4184615384615385,0.0,26,0,0,23.0,1.0,63.666666666666664
2019-05-29,65.0,88.0,0.1322222222222222,0.0,27,0,0,23.0,1.0,64.0
2019-05-30,66.0,83.0,0.062400000000000004,0.0,25,0,0,17.0,1.0,65.0
2019-05-31,60.0,80.0,0.14666666666666667,0.0,27,0,0,20.0,-6.0,63.666666666666664
2019-06-01,60.0,81.0,0.0008333333333333334,0.0,24,0,0,21.0,0.0,62.0
2019-06-02,57.0,78.0,0.10600000000000001,0.0,26,0,0,21.0,-3.0,59.0
2019-06-03,50.0,69.0,0.4731034482758621,0.0,29,0,0,19.0,-7.0,55.666666666666664
2019-06-04,45.0,74.0,0.00037037037037037035,0.0,27,0,0,29.0,-5.0,50.666666666666664
2019-06-05,60.0,76.0,0.0026923076923076926,0.0,26,0,0,16.0,15.0,51.666666666666664
2019-06-06,66.0,84.0,0.045,0.0,28,0,0,18.0,6.0,57.0
2019-06-07,66.0,76.0,0.0,0.0,28,0,0,10.0,0.0,64.0
2019-06-08,63.0,79.0,0.0,0.0,24,0,0,16.0,-3.0,65.0
2019-06-09,60.0,72.0,0.004,0.0,25,0,0,12.0,-3.0,63.0
2019-06-10,59.0,68.0,0.14076923076923079,0.0,27,0,0,9.0,-1.0,60.666666666666664
2019-06-11,58.0,75.0,0.20592592592592596,0.0,28,0,0,17.0,-1.0,59.0
2019-06-12,58.0,75.0,0.0048000000000000004,0.0,25,0,0,17.0,0.0,58.333333333333336
2019-06-13,57.0,72.0,0.7255555555555555,0.0,27,0,0,15.0,-1.0,57.666666666666664
2019-06-14,53.0,73.0,0.14076923076923079,0.0,26,0,0,20.0,-4.0,56.0
2019-06-15,53.0,78.0,0.0,0.0,24,0,0,25.0,0.0,54.333333333333336
2019-06-16,64.0,84.0,0.0032,0.0,27,0,0,20.0,11.0,56.666666666666664
2019-06-17,67.0,83.0,0.05285714285714286,0.0,28,0,0,16.0,3.0,61.333333333333336
2019-06-18,69.0,80.0,0.18535714285714286,0.0,28,0,0,11.0,2.0,66.66666666666667
2019-06-19,67.0,84.0,0.2689655172413793,0.0,29,0,0,17.0,-2.0,67.66666666666667
2019-06-20,70.0,85.0,0.45296296296296296,0.0,27,0,0,15.0,3.0,68.66666666666667
2019-06-21,68.0,78.0,0.041379310344827586,0.0,29,0,0,10.0,-2.0,68.33333333333333
2019-06-22,57.0,78.0,0.0,0.0,27,0,0,21.0,-11.0,65.0
2019-06-23,56.0,81.0,0.0,0.0,27,0,0,25.0,-1.0,60.333333333333336
2019-06-24,63.0,86.0,0.0,0.0,27,0,0,23.0,7.0,58.666666666666664
2019-06-25,68.0,84.0,0.38034482758620686,0.0,29,0,0,16.0,5.0,62.333333333333336
2019-06-26,62.0,87.0,0.0,0.0,24,0,0,25.0,-6.0,64.33333333333333
2019-06-27,67.0,90.0,0.0,0.0,26,0,0,23.0,5.0,65.66666666666667
2019-06-28,67.0,89.0,0.0026923076923076926,0.0,26,0,0,22.0,0.0,65.33333333333333
2019-06-29,66.0,90.0,0.08583333333333333,0.0,24,0,0,24.0,-1.0,66.66666666666667
2019-06-30,67.0,85.0,0.15739130434782608,0.0,24,0,0,18.0,1.0,66.66666666666667
2019-07-01,58.0,82.0,0.0,0.0,21,0,0,24.0,-9.0,63.666666666666664
2019-07-02,62.0,91.0,0.1742857142857143,0.0,21,0,0,29.0,4.0,62.333333333333336
2019-07-03,67.0,87.0,0.5695454545454545,0.0,23,0,0,20.0,5.0,62.333333333333336
2019-07-04,70.0,85.0,0.10900000000000001,0.0,21,0,0,15.0,3.0,66.33333333333333
2019-07-05,71.0,87.0,0.31782608695652176,0.0,23,0,0,16.0,1.0,69.33333333333333
2019-07-06,70.0,88.0,0.22826086956521738,0.0,26,0,0,18.0,-1.0,70.33333333333333
2019-07-07,69.0,80.0,0.3807142857142857,0.0,29,0,0,11.0,-1.0,70.0
2019-07-08,67.0,74.0,0.6466666666666666,0.0,30,0,0,7.0,-2.0,68.66666666666667
2019-07-09,62.0,83.0,1.5453333333333332,0.0,30,0,0,21.0,-5.0,66.0
2019-07-10,66.0,86.0,0.0015384615384615385,0.0,26,0,0,20.0,4.0,65.0
2019-07-11,70.0,85.0,0.0452,0.0,25,0,0,15.0,4.0,66.0
2019-07-12,67.0,86.0,0.5878571428571429,0.0,28,0,0,19.0,-3.0,67.66666666666667
2019-07-13,64.0,85.0,0.0016,0.0,25,0,0,21.0,-3.0,67.0
2019-07-14,67.0,88.0,0.0,0.0,25,0,0,21.0,3.0,66.0
2019-07-15,63.0,85.0,0.0,0.0,24,0,0,22.0,-4.0,64.66666666666667
2019-07-16,67.0,90.0,0.0,0.0,26,0,0,23.0,4.0,65.66666666666667
2019-07-17,71.0,93.0,0.05185185185185185,0.0,27,0,0,22.0,4.0,67.0
2019-07-18,71.0,87.0,0.2927586206896552,0.0,29,0,0,16.0,0.0,69.66666666666667
2019-07-19,70.0,92.0,0.0016666666666666668,0.0,24,0,0,22.0,-1.0,70.66666666666667
2019-07-20,73.0,92.0,0.0,0.0,23,0,0,19.0,3.0,71.33333333333333
2019-07-21,74.0,93.0,0.00125,0.0,24,0,0,19.0,1.0,72.33333333333333
2019-07-22,64.0,89.0,0.1104,0.0,26,0,0,25.0,-10.0,70.33333333333333
2019-07-23,64.0,73.0,0.8888888888888888,0.0,27,0,0,9.0,0.0,67.33333333333333
2019-07-24,61.0,79.0,0.041923076923076924,0.0,26,0,0,18.0,-3.0,63.0
2019-07-25,58.0,80.0,0.00125,0.0,24,0,0,22.0,-3.0,61.0
2019-07-26,60.0,83.0,0.0,0.0,24,0,0,23.0,2.0,59.666666666666664
2019-07-27,63.0,86.0,0.0,0.0,24,0,0,23.0,3.0,60.333333333333336
2019-07-28,65.0,87.0,0.0,0.0,24,0,0,22.0,2.0,62.666666666666664
2019-07-29,67.0,88.0,0.0,0.0,23,0,0,21.0,2.0,65.0
2019-07-30,70.0,90.0,0.0033333333333333335,0.0,24,0,0,20.0,3.0,67.33333333333333
2019-07-31,67.0,79.0,0.0020833333333333333,0.0,25,0,0,12.0,-3.0,68.0
2019-08-01,64.0,87.0,0.0008,0.0,25,0,0,23.0,-3.0,67.0
2019-08-02,69.0,85.0,0.0004166666666666667,0.0,24,0,0,16.0,5.0,66.66666666666667
2019-08-03,68.0,85.0,0.0984,0.0,25,0,0,17.0,-1.0,67.0
2019-08-04,66.0,85.0,0.7513793103448275,0.0,29,0,0,19.0,-2.0,67.66666666666667
2019-08-05,65.0,83.0,0.0,0.0,24,0,0,18.0,-1.0,66.33333333333333
2019-08-06,65.0,88.0,0.06280000000000001,0.0,26,0,0,23.0,0.0,65.33333333333333
2019-08-07,68.0,86.0,0.696896551724138,0.0,29,0,0,18.0,3.0,66.0
2019-08-08,65.0,86.0,0.9,0.0,29,0,0,21.0,-3.0,66.0
2019-08-09,65.0,84.0,0.0011538461538461537,0.0,26,0,0,19.0,0.0,66.0
2019-08-10,57.0,80.0,0.0032,0.0,25,0,0,23.0,-8.0,62.333333333333336
2019-08-11,61.0,80.0,0.0,0.0,25,0,0,19.0,4.0,61.0
2019-08-12,61.0,88.0,0.0,0.0,24,0,0,27.0,0.0,59.666666666666664
2019-08-13,70.0,78.0,0.03304347826086956,0.0,23,0,0,8.0,9.0,64.0
2019-08-14,70.0,82.0,0.10439999999999999,0.0,25,0,0,12.0,0.0,67.0
2019-08-15,70.0,79.0,0.007391304347826088,0.0,23,0,0,9.0,0.0,70.0
2019-08-16,69.0,84.0,0.033600000000000005,0.0,25,0,0,15.0,-1.0,69.66666666666667
2019-08-17,70.0,87.0,0.0008333333333333334,0.0,24,0,0,17.0,1.0,69.66666666666667
2019-08-18,70.0,92.0,0.03833333333333334,0.0,25,0,0,22.0,0.0,69.66666666666667
2019-08-19,67.0,89.0,0.08076923076923077,0.0,26,0,0,22.0,-3.0,69.0
2019-08-20,70.0,91.0,0.10923076923076923,0.0,26,0,0,21.0,3.0,69.0
2019-08-21,67.0,87.0,0.32074074074074077,0.0,28,0,0,20.0,-3.0,68.0
2019-08-22,68.0,87.0,0.6206896551724138,0.0,30,0,0,19.0,1.0,68.33333333333333
2019-08-23,62.0,71.0,0.43000000000000005,0.0,28,0,0,9.0,-6.0,65.66666666666667
2019-08-24,56.0,74.0,0.13,0.0,29,0,0,18.0,-6.0,62.0
2019-08-25,58.0,74.0,0.0011538461538461537,0.0,26,0,0,16.0,2.0,58.666666666666664
2019-08-26,54.0,72.0,0.0,0.0,27,0,0,18.0,-4.0,56.0
2019-08-27,60.0,75.0,0.0,0.0,26,0,0,15.0,6.0,57.333333333333336
2019-08-28,64.0,76.0,0.046296296296296294,0.0,27,0,0,12.0,4.0,59.333333333333336
2019-08-29,57.0,78.0,0.25107142857142856,0.0,28,0,0,21.0,-7.0,60.333333333333336
2019-08-30,57.0,85.0,0.002307692307692308,0.0,27,0,0,28.0,0.0,59.333333333333336
2019-08-31,64.0,81.0,0.0,0.0,26,0,0,17.0,7.0,59.333333333333336
2019-09-01,65.0,78.0,0.006923076923076922,0.0,26,0,0,13.0,1.0,62.0
2019-09-02,66.0,83.0,0.046000000000000006,0.0,25,0,0,17.0,1.0,65.0
2019-09-03,63.0,83.0,0.039259259259259265,0.0,28,0,0,20.0,-3.0,64.66666666666667
2019-09-04,67.0,88.0,0.0,0.0,27,0,0,21.0,4.0,65.33333333333333
2019-09-05,63.0,75.0,0.04074074074074074,0.0,27,0,0,12.0,-4.0,64.33333333333333
2019-09-06,61.0,72.0,0.0,0.0,27,0,0,11.0,-2.0,63.666666666666664
2019-09-07,54.0,78.0,0.0,0.0,26,0,0,24.0,-7.0,59.333333333333336
2019-09-08,57.0,78.0,0.0,0.0,26,0,0,21.0,3.0,57.333333333333336
2019-09-09,63.0,80.0,0.0,0.0,25,0,0,17.0,6.0,58.0
2019-09-10,63.0,84.0,0.0,0.0,26,0,0,21.0,0.0,61.0
2019-09-11,66.0,91.0,0.0,0.0,26,0,0,25.0,3.0,64.0
2019-09-12,68.0,89.0,0.03153846153846154,0.0,26,0,0,21.0,2.0,65.66666666666667
2019-09-13,63.0,73.0,0.14103448275862068,0.0,29,0,0,10.0,-5.0,65.66666666666667
2019-09-14,62.0,76.0,0.0007692307692307692,0.0,26,0,0,14.0,-1.0,64.33333333333333
2019-09-15,64.0,81.0,0.0,0.0,26,0,0,17.0,2.0,63.0
2019-09-16,61.0,86.0,0.0,0.0,26,0,0,25.0,-3.0,62.333333333333336
2019-09-17,63.0,76.0,0.002307692307692308,0.0,26,0,0,13.0,2.0,62.666666666666664
2019-09-18,51.0,73.0,0.0,0.0,26,0,0,22.0,-12.0,58.333333333333336
2019-09-19,50.0,70.0,0.0,0.0,26,0,0,20.0,-1.0,54.666666666666664
2019-09-20,50.0,76.0,0.0,0.0,26,0,0,26.0,0.0,50.333333333333336
2019-09-21,55.0,85.0,0.0,0.0,26,0,0,30.0,5.0,51.666666666666664
2019-09-22,63.0,87.0,0.0,0.0,26,0,0,24.0,8.0,56.0
2019-09-23,65.0,89.0,0.0,0.0,26,0,0,24.0,2.0,61.0
2019-09-24,60.0,76.0,0.0028000000000000004,0.0,25,0,0,16.0,-5.0,62.666666666666664
2019-09-25,53.0,79.0,0.0,0.0,27,0,0,26.0,-7.0,59.333333333333336
2019-09-26,59.0,80.0,0.0,0.0,27,0,0,21.0,6.0,57.333333333333336
2019-09-27,54.0,79.0,0.0008,0.0,25,0,0,25.0,-5.0,55.333333333333336
2019-09-28,61.0,83.0,0.0,0.0,27,0,0,22.0,7.0,58.0
2019-09-29,67.0,83.0,0.0,0.0,25,0,0,16.0,6.0,60.666666666666664
2019-09-30,65.0,70.0,0.026296296296296293,0.0,27,0,0,5.0,-2.0,64.33333333333333
2019-10-01,63.0,83.0,0.164,0.0,30,0,0,20.0,-2.0,65.0
2019-10-02,68.0,90.0,0.0,0.0,26,0,0,22.0,5.0,65.33333333333333
2019-10-03,68.0,76.0,0.0,0.0,27,0,0,8.0,0.0,66.33333333333333
2019-10-04,52.0,72.0,0.0,0.0,27,0,0,20.0,-16.0,62.666666666666664
2019-10-05,39.0,62.0,0.0,0.0,25,0,0,23.0,-13.0,53.0
2019-10-06,55.0,67.0,0.0017391304347826088,0.0,23,0,0,12.0,16.0,48.666666666666664
2019-10-07,58.0,73.0,0.016923076923076923,0.0,27,0,0,15.0,3.0,50.666666666666664
2019-10-08,52.0,62.0,0.07275862068965516,0.0,30,0,0,10.0,-6.0,55.0
2019-10-09,50.0,64.0,0.07,0.0,25,0,0,14.0,-2.0,53.333333333333336
2019-10-10,47.0,71.0,0.002916666666666667,0.0,24,0,0,24.0,-3.0,49.666666666666664
2019-10-11,46.0,69.0,0.0,0.0,24,0,0,23.0,-1.0,47.666666666666664
2019-10-12,47.0,65.0,0.0,0.0,24,0,0,18.0,1.0,46.666666666666664
2019-10-13,45.0,61.0,0.0004,0.0,26,0,0,16.0,-2.0,46.0
2019-10-14,44.0,72.0,0.0,0.0,27,0,0,28.0,-1.0,45.333333333333336
2019-10-15,43.0,69.0,0.0,0.0,25,0,0,26.0,-1.0,44.0
2019-10-16,49.0,60.0,0.1975,0.0,24,0,0,11.0,6.0,45.333333333333336
2019-10-17,47.0,55.0,1.0817857142857144,0.0,28,0,0,8.0,-2.0,46.333333333333336
2019-10-18,44.0,59.0,0.0004166666666666667,0.0,24,0,0,15.0,-3.0,46.666666666666664
2019-10-19,37.0,62.0,0.0,0.0,24,0,0,25.0,-7.0,42.666666666666664
2019-10-20,49.0,52.0,0.24600000000000002,0.0,25,0,0,3.0,12.0,43.333333333333336
2019-10-21,50.0,65.0,0.9024,0.0,27,0,0,15.0,1.0,45.333333333333336
2019-10-22,54.0,58.0,0.07714285714285715,0.0,28,0,0,4.0,4.0,51.0
2019-10-23,44.0,62.0,0.3975862068965517,0.0,29,0,0,18.0,-10.0,49.333333333333336
2019-10-24,39.0,66.0,0.00045454545454545455,0.0,22,0,0,27.0,-5.0,45.666666666666664
2019-10-25,47.0,65.0,0.0,0.0,23,0,0,18.0,8.0,43.333333333333336
2019-10-26,54.0,59.0,0.0013636363636363635,0.0,22,0,0,5.0,7.0,46.666666666666664
2019-10-27,55.0,75.0,0.7180769230769232,0.0,27,0,0,20.0,1.0,52.0
2019-10-28,48.0,66.0,0.5585185185185185,0.0,30,0,0,18.0,-7.0,52.333333333333336
2019-10-29,51.0,62.0,0.0011538461538461537,0.0,26,0,0,11.0,3.0,51.333333333333336
2019-10-30,54.0,62.0,0.04583333333333334,0.0,25,0,0,8.0,3.0,51.0
2019-10-31,57.0,74.0,0.7999999999999999,0.0,30,0,0,17.0,3.0,54.0
2019-11-01,36.0,57.0,1.6810344827586208,0.0,30,0,0,21.0,-21.0,49.0
2019-11-02,29.0,50.0,0.0019230769230769232,0.0,26,1,1,21.0,-7.0,40.666666666666664
2019-11-03,33.0,50.0,0.0,0.0,26,0,0,17.0,4.0,32.666666666666664
2019-11-04,33.0,56.0,0.0,0.0,25,0,0,23.0,0.0,31.666666666666668
2019-11-05,39.0,61.0,0.0,0.0,25,0,0,22.0,6.0,35.0
2019-11-06,38.0,54.0,0.0016666666666666668,0.0,25,0,0,16.0,-1.0,36.666666666666664
2019-11-07,43.0,55.0,0.019615384615384614,0.0,26,0,0,12.0,5.0,40.0
2019-11-08,28.0,44.0,0.10785714285714286,0.0,28,1,1,16.0,-15.0,36.333333333333336
2019-11-09,24.0,40.0,0.0,0.0,27,1,1,16.0,-4.0,31.666666666666668
2019-11-10,31.0,54.0,0.0,0.0,24,1,1,23.0,7.0,27.666666666666668
2019-11-11,40.0,66.0,0.0,0.0,26,0,0,26.0,9.0,31.666666666666668
2019-11-12,27.0,58.0,0.13407407407407407,0.0,27,1,1,31.0,-13.0,32.666666666666664
2019-11-13,20.0,32.0,0.006086956521739131,0.0,23,1,0,12.0,-7.0,29.0
2019-11-14,22.0,40.0,0.0,0.0,23,1,1,18.0,2.0,23.0
2019-11-15,28.0,49.0,0.0,0.0,25,1,1,21.0,6.0,23.333333333333332
2019-11-16,30.0,41.0,0.0,0.0,25,1,1,11.0,2.0,26.666666666666668
2019-11-17,29.0,41.0,0.0,0.0,26,1,1,12.0,-1.0,29.0
2019-11-18,32.0,39.0,0.008148148148148147,0.0,27,1,1,7.0,3.0,30.333333333333332
2019-11-19,33.0,51.0,0.11296296296296297,0.0,27,0,0,18.0,1.0,31.333333333333332
2019-11-20,41.0,50.0,0.0004,0.0,25,0,0,9.0,8.0,35.333333333333336
2019-11-21,31.0,50.0,0.0,0.0,24,1,1,19.0,-10.0,35.0
2019-11-22,36.0,51.0,0.013076923076923078,0.0,26,0,0,15.0,5.0,36.0
2019-11-23,26.0,41.0,0.11592592592592592,0.0,27,1,1,15.0,-10.0,31.0
2019-11-24,35.0,47.0,0.8792857142857143,0.0,28,0,0,12.0,9.0,32.333333333333336
2019-11-25,36.0,54.0,0.01,0.0,26,0,0,18.0,1.0,32.333333333333336
2019-11-26,36.0,62.0,0.0,0.0,26,0,0,26.0,0.0,35.666666666666664
2019-11-27,44.0,54.0,0.007857142857142858,0.0,28,0,0,10.0,8.0,38.666666666666664
2019-11-28,38.0,51.0,0.0016666666666666668,0.0,24,0,0,13.0,-6.0,39.333333333333336
2019-11-29,32.0,45.0,0.0,0.0,25,1,1,13.0,-6.0,38.0
2019-11-30,33.0,41.0,0.0,0.0,25,0,0,8.0,1.0,34.333333333333336
2019-12-01,34.0,40.0,0.12666666666666668,0.0,27,0,0,6.0,1.0,33.0
2019-12-02,34.0,39.0,0.36692307692307696,0.0,27,0,0,5.0,0.0,33.666666666666664
2019-12-03,34.0,42.0,0.04777777777777778,0.0,27,0,0,8.0,0.0,34.0
2019-12-04,31.0,42.0,0.0275,0.04,28,1,1,11.0,-3.0,33.0
2019-12-05,30.0,42.0,0.0004166666666666667,0.0,24,1,1,12.0,-1.0,31.666666666666668
2019-12-06,30.0,49.0,0.0008333333333333334,0.0,24,1,1,19.0,0.0,30.333333333333332
2019-12-07,28.0,44.0,0.0015384615384615385,0.0,26,1,1,16.0,-2.0,29.333333333333332
2019-12-08,25.0,42.0,0.0,0.0,25,1,1,17.0,-3.0,27.666666666666668
2019-12-09,38.0,48.0,0.10785714285714286,0.0,29,0,0,10.0,13.0,30.333333333333332
2019-12-10,36.0,53.0,0.6325000000000001,0.0,28,0,0,17.0,-2.0,33.0
2019-12-11,28.0,36.0,0.2884,0.29545454545454547,27,1,1,8.0,-8.0,34.0
2019-12-12,23.0,35.0,0.0008,0.0,25,1,1,12.0,-5.0,29.0
2019-12-13,26.0,34.0,0.03666666666666667,0.0,27,1,1,8.0,3.0,25.666666666666668
2019-12-14,33.0,45.0,0.3381481481481482,0.0,27,0,0,12.0,7.0,27.333333333333332
2019-12-15,33.0,48.0,0.16291666666666668,0.0,25,0,0,15.0,0.0,30.666666666666668
2019-12-16,30.0,34.0,0.1659090909090909,0.8894736842105262,22,1,1,4.0,-3.0,32.0
2019-12-17,31.0,36.0,0.42130434782608694,0.05,26,1,1,5.0,1.0,31.333333333333332
2019-12-18,24.0,35.0,0.011153846153846153,0.0,27,1,1,11.0,-7.0,28.333333333333332
2019-12-19,16.0,28.0,0.0,0.0,26,1,0,12.0,-8.0,23.666666666666668
2019-12-20,19.0,34.0,0.0,0.0,25,1,1,15.0,3.0,19.666666666666668
2019-12-21,21.0,34.0,0.0,0.0,25,1,1,13.0,2.0,18.666666666666668
2019-12-22,23.0,46.0,0.0,0.0,25,1,1,23.0,2.0,21.0
2019-12-23,30.0,53.0,0.0,0.0,25,1,1,23.0,7.0,24.666666666666668
2019-12-24,33.0,47.0,0.0,0.0,25,0,0,14.0,3.0,28.666666666666668
2019-12-25,30.0,46.0,0.0,0.0,25,1,1,16.0,-3.0,31.0
2019-12-26,30.0,51.0,0.0,0.0,24,1,1,21.0,0.0,31.0
2019-12-27,37.0,54.0,0.0007692307692307692,0.0,26,0,0,17.0,7.0,32.333333333333336
2019-12-28,44.0,59.0,0.0,0.0,25,0,0,15.0,7.0,37.0
2019-12-29,42.0,48.0,0.06791666666666667,0.0,24,0,0,6.0,-2.0,41.0
2019-12-30,41.0,59.0,0.5216,0.0,25,0,0,18.0,-1.0,42.333333333333336
2019-12-31,38.0,48.0,0.11038461538461539,0.0,28,0,0,10.0,-3.0,40.333333333333336
2020-01-01,33.0,44.0,0.0003846153846153846,0.0,26,0,0,11.0,-5.0,37.333333333333336
2020-01-02,29.0,49.0,0.0,0.0,26,1,1,20.0,-4.0,33.333333333333336
2020-01-03,43.0,49.0,0.19740740740740742,0.0,27,0,0,6.0,14.0,35.0
2020-01-04,42.0,55.0,0.2126923076923077,0.0,26,0,0,13.0,-1.0,38.0
2020-01-05,28.0,42.0,0.14,0.0,27,1,1,14.0,-14.0,37.666666666666664
2020-01-06,28.0,49.0,0.0,0.0,25,1,1,21.0,0.0,32.666666666666664
2020-01-07,27.0,40.0,0.0444,0.48235294117647065,26,1,1,13.0,-1.0,27.666666666666668
2020-01-08,25.0,39.0,0.2576923076923077,1.1956521739130435,26,1,1,14.0,-2.0,26.666666666666668
2020-01-09,20.0,35.0,0.00037037037037037035,0.0,27,1,1,15.0,-5.0,24.0
2020-01-10,29.0,52.0,0.0,0.0,29,1,1,23.0,9.0,24.666666666666668
2020-01-11,49.0,67.0,0.0,0.0,27,0,0,18.0,20.0,32.666666666666664
2020-01-12,44.0,65.0,0.35185185185185186,0.0,27,0,0,21.0,-5.0,40.666666666666664
2020-01-13,35.0,48.0,0.0038461538461538464,0.0,27,0,0,13.0,-9.0,42.666666666666664
2020-01-14,39.0,44.0,0.018518518518518517,0.0,27,0,0,5.0,4.0,39.333333333333336
2020-01-15,36.0,55.0,0.053214285714285714,0.0,28,0,0,19.0,-3.0,36.666666666666664
2020-01-16,32.0,51.0,0.003076923076923077,0.0,26,1,1,19.0,-4.0,35.666666666666664
2020-01-17,23.0,32.0,0.0,0.0,24,1,0,9.0,-9.0,30.333333333333332
2020-01-18,22.0,33.0,0.058095238095238096,0.013333333333333334,21,1,1,11.0,-1.0,25.666666666666668
2020-01-19,23.0,38.0,0.3804347826086957,0.0,25,1,1,15.0,1.0,22.666666666666668
2020-01-20,18.0,30.0,0.0009523809523809524,0.0,23,1,0,12.0,-5.0,21.0
2020-01-21,15.0,31.0,0.0,0.0,25,1,0,16.0,-3.0,18.666666666666668
2020-01-22,15.0,36.0,0.0,0.0,24,1,1,21.0,0.0,16.0
2020-01-23,24.0,41.0,0.0,0.0,25,1,1,17.0,9.0,18.0
2020-01-24,31.0,49.0,0.0008,0.0,27,1,1,18.0,7.0,23.333333333333332
2020-01-25,37.0,46.0,1.511,0.0,30,0,0,9.0,6.0,30.666666666666668
2020-01-26,33.0,44.0,0.054000000000000006,0.0,25,0,0,11.0,-4.0,33.666666666666664
2020-01-27,34.0,44.0,0.0,0.0,27,0,0,10.0,1.0,34.666666666666664
2020-01-28,35.0,42.0,0.0,0.0,26,0,0,7.0,1.0,34.0
2020-01-29,30.0,40.0,0.0,0.0,24,1,1,10.0,-5.0,33.0
2020-01-30,21.0,37.0,0.0,0.0,25,1,1,16.0,-9.0,28.666666666666668
2020-01-31,30.0,42.0,0.0016666666666666668,0.0,25,1,1,12.0,9.0,27.0
2020-02-01,27.0,44.0,0.016785714285714286,0.0,28,1,1,17.0,-3.0,26.0
2020-02-02,33.0,53.0,0.11275862068965517,0.0,29,0,0,20.0,6.0,30.0
2020-02-03,44.0,64.0,0.0035714285714285718,0.0,28,0,0,20.0,11.0,34.666666666666664
2020-02-04,51.0,64.0,0.01620689655172414,0.0,29,0,0,13.0,7.0,42.666666666666664
2020-02-05,33.0,54.0,0.02793103448275862,0.0,29,0,0,21.0,-18.0,42.666666666666664
2020-02-06,34.0,41.0,0.2210344827586207,0.0,29,0,0,7.0,1.0,39.333333333333336
2020-02-07,31.0,55.0,0.6914285714285714,0.0,28,1,1,24.0,-3.0,32.666666666666664
2020-02-08,28.0,40.0,0.2748148148148148,0.0,28,1,1,12.0,-3.0,31.0
2020-02-09,26.0,45.0,0.0,0.0,26,1,1,19.0,-2.0,28.333333333333332
2020-02-10,39.0,44.0,0.08714285714285715,0.0,29,0,0,5.0,13.0,31.0
2020-02-11,43.0,49.0,0.626,0.0,30,0,0,6.0,4.0,36.0
2020-02-12,33.0,45.0,0.09642857142857143,0.0,29,0,0,12.0,-10.0,38.333333333333336
2020-02-13,36.0,49.0,0.18612903225806451,0.0,31,0,0,13.0,3.0,37.333333333333336
2020-02-14,21.0,38.0,0.061724137931034484,0.0,29,1,1,17.0,-15.0,30.0
2020-02-15,15.0,32.0,0.0,0.0,25,1,0,17.0,-6.0,24.0
2020-02-16,27.0,49.0,0.0,0.0,26,1,1,22.0,12.0,21.0
2020-02-17,33.0,50.0,0.0,0.0,25,0,0,17.0,6.0,25.0
2020-02-18,36.0,55.0,0.0,0.0,26,0,0,19.0,3.0,32.0
2020-02-19,33.0,49.0,0.0067857142857142855,0.0,28,0,0,16.0,-3.0,34.0
2020-02-20,28.0,36.0,0.0,0.0,26,1,1,8.0,-5.0,32.333333333333336
2020-02-21,18.0,34.0,0.0,0.0,26,1,1,16.0,-10.0,26.333333333333332
2020-02-22,23.0,50.0,0.0,0.0,25,1,1,27.0,5.0,23.0
2020-02-23,29.0,55.0,0.0,0.0,25,1,1,26.0,6.0,23.333333333333332
2020-02-24,34.0,58.0,0.0,0.0,27,0,0,24.0,5.0,28.666666666666668
2020-02-25,42.0,48.0,0.1374074074074074,0.0,28,0,0,6.0,8.0,35.0
2020-02-26,44.0,49.0,0.23142857142857146,0.0,28,0,0,5.0,2.0,40.0
2020-02-27,28.0,44.0,0.4726666666666667,0.0,30,1,1,16.0,-16.0,38.0
2020-02-28,28.0,40.0,0.001153846153846154,0.0,26,1,1,12.0,0.0,33.333333333333336
2020-02-29,24.0,32.0,0.0,0.0,28,1,0,8.0,-4.0,26.666666666666668
2020-03-01,22.0,47.0,0.0,0.0,28,1,1,25.0,-2.0,24.666666666666668
2020-03-02,35.0,62.0,0.023571428571428573,0.0,28,0,0,27.0,13.0,27.0
2020-03-03,43.0,59.0,0.14103448275862068,0.0,29,0,0,16.0,8.0,33.333333333333336
2020-03-04,40.0,60.0,0.036551724137931035,0.0,29,0,0,20.0,-3.0,39.333333333333336
2020-03-05,33.0,51.0,0.0007407407407407407,0.0,27,0,0,18.0,-7.0,38.666666666666664
2020-03-06,30.0,47.0,0.001851851851851852,0.0,27,1,1,17.0,-3.0,34.333333333333336
2020-03-07,34.0,47.0,0.0071428571428571435,0.0,28,0,0,13.0,4.0,32.333333333333336
2020-03-08,30.0,59.0,0.0,0.0,27,1,1,29.0,-4.0,31.333333333333332
2020-03-09,41.0,71.0,0.0,0.0,26,0,0,30.0,11.0,35.0
2020-03-10,51.0,67.0,0.006666666666666666,0.0,27,0,0,16.0,10.0,40.666666666666664
2020-03-11,38.0,56.0,0.029310344827586206,0.0,29,0,0,18.0,-13.0,43.333333333333336
2020-03-12,39.0,63.0,0.0008,0.0,26,0,0,24.0,1.0,42.666666666666664
2020-03-13,47.0,70.0,0.2720689655172414,0.0,30,0,0,23.0,8.0,41.333333333333336
2020-03-14,39.0,55.0,0.021379310344827585,0.0,29,0,0,16.0,-8.0,41.666666666666664
2020-03-15,35.0,47.0,0.26966666666666667,0.0,30,0,0,12.0,-4.0,40.333333333333336
2020-03-16,30.0,52.0,0.004482758620689655,0.0,29,1,1,22.0,-5.0,34.666666666666664
2020-03-17,40.0,60.0,0.0044444444444444444,0.0,27,0,0,20.0,10.0,35.0
2020-03-18,37.0,54.0,0.016071428571428573,0.0,28,0,0,17.0,-3.0,35.666666666666664
2020-03-19,44.0,67.0,0.6519999999999999,0.0,30,0,0,23.0,7.0,40.333333333333336
2020-03-20,54.0,76.0,0.020344827586206895,0.0,29,0,0,22.0,10.0,45.0
2020-03-21,42.0,65.0,0.012413793103448275,0.0,29,0,0,23.0,-12.0,46.666666666666664
2020-03-22,30.0,49.0,0.00035714285714285714,0.0,29,1,1,19.0,-12.0,42.0
2020-03-23,36.0,41.0,0.1110344827586207,0.0,29,0,0,5.0,6.0,36.0
2020-03-24,39.0,51.0,0.146,0.0,30,0,0,12.0,3.0,35.0
2020-03-25,41.0,45.0,0.06862068965517241,0.0,29,0,0,4.0,2.0,38.666666666666664
2020-03-26,40.0,60.0,0.22266666666666665,0.0,30,0,0,20.0,-1.0,40.0
2020-03-27,45.0,61.0,0.009642857142857144,0.0,28,0,0,16.0,5.0,42.0
2020-03-28,48.0,57.0,0.40758620689655173,0.0,29,0,0,9.0,3.0,44.333333333333336
2020-03-29,47.0,64.0,0.13758620689655174,0.0,30,0,0,17.0,-1.0,46.666666666666664
2020-03-30,46.0,71.0,0.005714285714285714,0.0,28,0,0,25.0,-1.0,47.0
2020-03-31,41.0,53.0,0.019285714285714288,0.0,28,0,0,12.0,-5.0,44.666666666666664
2020-04-01,36.0,51.0,0.18,0.0,29,0,0,15.0,-5.0,41.0
2020-04-02,36.0,58.0,0.002142857142857143,0.0,28,0,0,22.0,0.0,37.666666666666664
2020-04-03,41.0,63.0,0.0,0.0,27,0,0,22.0,5.0,37.666666666666664
2020-04-04,44.0,56.0,0.00035714285714285714,0.0,28,0,0,12.0,3.0,40.333333333333336
2020-04-05,43.0,67.0,0.0017857142857142859,0.0,28,0,0,24.0,-1.0,42.666666666666664
2020-04-06,49.0,66.0,0.015000000000000001,0.0,27,0,0,17.0,6.0,45.333333333333336
2020-04-07,50.0,67.0,0.02793103448275862,0.0,29,0,0,17.0,1.0,47.333333333333336
2020-04-08,53.0,73.0,0.20800000000000002,0.0,30,0,0,20.0,3.0,50.666666666666664
2020-04-09,43.0,68.0,0.12066666666666667,0.0,30,0,0,25.0,-10.0,48.666666666666664
2020-04-10,36.0,48.0,0.03206896551724138,0.0,29,0,0,12.0,-7.0,44.0
2020-04-11,34.0,58.0,0.0,0.0,28,0,0,24.0,-2.0,37.666666666666664
2020-04-12,41.0,69.0,0.024074074074074074,0.0,27,0,0,28.0,7.0,37.0
2020-04-13,54.0,73.0,1.5703225806451613,0.0,31,0,0,19.0,13.0,43.0
2020-04-14,39.0,55.0,0.622,0.0,30,0,0,16.0,-15.0,44.666666666666664
2020-04-15,34.0,50.0,0.2823333333333334,0.0,30,0,0,16.0,-5.0,42.333333333333336
2020-04-16,36.0,49.0,0.0010714285714285715,0.0,28,0,0,13.0,2.0,36.333333333333336
2020-04-17,31.0,54.0,0.00035714285714285714,0.0,28,1,1,23.0,-5.0,33.666666666666664
2020-04-18,40.0,51.0,0.056,0.0,30,0,0,11.0,9.0,35.666666666666664
2020-04-19,32.0,60.0,0.021,0.0,30,1,1,28.0,-8.0,34.333333333333336
2020-04-20,48.0,59.0,0.0007142857142857143,0.0,28,0,0,11.0,16.0,40.0
2020-04-21,41.0,63.0,0.003448275862068966,0.0,29,0,0,22.0,-7.0,40.333333333333336
2020-04-22,33.0,56.0,0.025,0.0,30,0,0,23.0,-8.0,40.666666666666664
2020-04-23,40.0,55.0,0.055185185185185184,0.0,27,0,0,15.0,7.0,38.0
2020-04-24,48.0,54.0,0.7799999999999999,0.0,30,0,0,6.0,8.0,40.333333333333336
2020-04-25,40.0,63.0,0.060333333333333336,0.0,30,0,0,23.0,-8.0,42.666666666666664
2020-04-26,45.0,52.0,0.4489655172413793,0.0,29,0,0,7.0,5.0,44.333333333333336
2020-04-27,39.0,54.0,0.2036666666666667,0.0,30,0,0,15.0,-6.0,41.333333333333336
2020-04-28,37.0,54.0,0.007586206896551724,0.0,29,0,0,17.0,-2.0,40.333333333333336
2020-04-29,43.0,73.0,0.030000000000000002,0.0,31,0,0,30.0,6.0,39.666666666666664
2020-04-30,55.0,63.0,0.2385714285714286,0.0,29,0,0,8.0,12.0,45.0
2020-05-01,48.0,64.0,1.2148275862068967,0.0,30,0,0,16.0,-7.0,48.666666666666664
2020-05-02,45.0,70.0,0.05241379310344828,0.0,29,0,0,25.0,-3.0,49.333333333333336
2020-05-03,56.0,77.0,0.02586206896551724,0.0,29,0,0,21.0,11.0,49.666666666666664
2020-05-04,54.0,69.0,0.4168965517241379,0.0,30,0,0,15.0,-2.0,51.666666666666664
2020-05-05,42.0,55.0,0.00896551724137931,0.0,29,0,0,13.0,-12.0,50.666666666666664
2020-05-06,42.0,51.0,0.249,0.0,30,0,0,9.0,0.0,46.0
2020-05-07,37.0,64.0,0.263,0.0,30,0,0,27.0,-5.0,40.333333333333336
2020-05-08,40.0,56.0,0.03344827586206897,0.0,29,0,0,16.0,3.0,39.666666666666664
2020-05-09,31.0,47.0,0.2306896551724138,0.0,29,1,1,16.0,-9.0,36.0
2020-05-10,31.0,62.0,0.0011111111111111111,0.0,27,1,1,31.0,0.0,34.0
2020-05-11,44.0,55.0,0.016,0.0,30,0,0,11.0,13.0,35.333333333333336
2020-05-12,38.0,59.0,0.001724137931034483,0.0,29,0,0,21.0,-6.0,37.666666666666664
2020-05-13,36.0,67.0,0.0,0.0,28,0,0,31.0,-2.0,39.333333333333336
2020-05-14,45.0,68.0,0.0,0.0,29,0,0,23.0,9.0,39.666666666666664
2020-05-15,60.0,85.0,0.0010344827586206897,0.0,29,0,0,25.0,15.0,47.0
2020-05-16,62.0,77.0,0.0,0.0,29,0,0,15.0,2.0,55.666666666666664
2020-05-17,57.0,64.0,0.0,0.0,29,0,0,7.0,-5.0,59.666666666666664
2020-05-18,54.0,65.0,0.0003333333333333333,0.0,30,0,0,11.0,-3.0,57.666666666666664
2020-05-19,53.0,65.0,0.0,0.0,28,0,0,12.0,-1.0,54.666666666666664
2020-05-20,48.0,61.0,0.0,0.0,28,0,0,13.0,-5.0,51.666666666666664
2020-05-21,44.0,67.0,0.0,0.0,30,0,0,23.0,-4.0,48.333333333333336
2020-05-22,57.0,67.0,0.16357142857142856,0.0,28,0,0,10.0,13.0,49.666666666666664
2020-05-23,59.0,77.0,0.5227586206896552,0.0,30,0,0,18.0,2.0,53.333333333333336
2020-05-24,58.0,69.0,0.0071428571428571435,0.0,28,0,0,11.0,-1.0,58.0
2020-05-25,58.0,74.0,0.0,0.0,29,0,0,16.0,0.0,58.333333333333336
2020-05-26,56.0,80.0,0.0,0.0,29,0,0,24.0,-2.0,57.333333333333336
2020-05-27,60.0,75.0,0.00035714285714285714,0.0,28,0,0,15.0,4.0,58.0
2020-05-28,66.0,80.0,0.05733333333333333,0.0,30,0,0,14.0,6.0,60.666666666666664
2020-05-29,72.0,83.0,0.07793103448275861,0.0,29,0,0,11.0,6.0,66.0
2020-05-30,62.0,77.0,0.06107142857142857,0.0,29,0,0,15.0,-10.0,66.66666666666667
2020-05-31,51.0,70.0,0.00035714285714285714,0.0,29,0,0,19.0,-11.0,61.666666666666664
2020-06-01,44.0,71.0,0.0,0.0,30,0,0,27.0,-7.0,52.333333333333336
2020-06-02,52.0,76.0,0.0,0.0,29,0,0,24.0,8.0,49.0
2020-06-03,65.0,90.0,0.0003125,0.0,32,0,0,25.0,13.0,53.666666666666664
2020-06-04,66.0,88.0,0.0803225806451613,0.0,31,0,0,22.0,1.0,61.0
2020-06-05,66.0,82.0,1.3618181818181818,0.0,33,0,0,16.0,0.0,65.66666666666667
2020-06-06,66.0,86.0,1.0518181818181818,0.0,33,0,0,20.0,0.0,66.0
2020-06-07,57.0,77.0,0.01125,0.0,33,0,0,20.0,-9.0,63.0
2020-06-08,58.0,79.0,0.00037037037037037035,0.0,27,0,0,21.0,1.0,60.333333333333336
2020-06-09,59.0,87.0,0.0,0.0,29,0,0,28.0,1.0,58.0
2020-06-10,71.0,88.0,0.05689655172413793,0.0,29,0,0,17.0,12.0,62.666666666666664
2020-06-11,70.0,80.0,0.9509375,0.0,33,0,0,10.0,-1.0,66.66666666666667
2020-06-12,58.0,83.0,0.1403448275862069,0.0,30,0,0,25.0,-12.0,66.33333333333333
2020-06-13,58.0,72.0,0.0,0.0,28,0,0,14.0,0.0,62.0
2020-06-14,55.0,69.0,0.0,0.0,29,0,0,14.0,-3.0,57.0
2020-06-15,54.0,73.0,0.0,0.0,29,0,0,19.0,-1.0,55.666666666666664
2020-06-16,57.0,72.0,0.0,0.0,29,0,0,15.0,3.0,55.333333333333336
2020-06-17,59.0,69.0,0.06379310344827586,0.0,29,0,0,10.0,2.0,56.666666666666664
2020-06-18,64.0,75.0,0.4646875,0.0,32,0,0,11.0,5.0,60.0
2020-06-19,64.0,77.0,0.07533333333333334,0.0,30,0,0,13.0,0.0,62.333333333333336
2020-06-20,63.0,74.0,0.25625,0.0,32,0,0,11.0,-1.0,63.666666666666664
2020-06-21,64.0,83.0,0.3990322580645161,0.0,32,0,0,19.0,1.0,63.666666666666664
2020-06-22,67.0,85.0,0.08586206896551724,0.0,29,0,0,18.0,3.0,64.66666666666667
2020-06-23,65.0,86.0,0.3184375,0.0,32,0,0,21.0,-2.0,65.33333333333333
2020-06-24,64.0,82.0,0.1753333333333333,0.0,31,0,0,18.0,-1.0,65.33333333333333
2020-06-25,61.0,81.0,0.10600000000000001,0.0,30,0,0,20.0,-3.0,63.333333333333336
2020-06-26,59.0,84.0,0.5641935483870968,0.0,31,0,0,25.0,-2.0,61.333333333333336
2020-06-27,65.0,86.0,0.0059375,0.0,32,0,0,21.0,6.0,61.666666666666664
2020-06-28,68.0,84.0,0.1270967741935484,0.0,31,0,0,16.0,3.0,64.0
2020-06-29,65.0,86.0,0.000967741935483871,0.0,31,0,0,21.0,-3.0,66.0
2020-06-30,66.0,84.0,0.0003333333333333333,0.0,30,0,0,18.0,1.0,66.33333333333333
2020-07-01,64.0,81.0,0.20032258064516129,0.0,31,0,0,17.0,-2.0,65.0
2020-07-02,64.0,85.0,0.020000000000000004,0.0,29,0,0,21.0,0.0,64.66666666666667
2020-07-03,67.0,90.0,0.0,0.0,29,0,0,23.0,3.0,65.0
2020-07-04,70.0,87.0,0.0,0.0,30,0,0,17.0,3.0,67.0
2020-07-05,71.0,89.0,0.004137931034482759,0.0,30,0,0,18.0,1.0,69.33333333333333
2020-07-06,71.0,91.0,0.02129032258064516,0.0,31,0,0,20.0,0.0,70.66666666666667
2020-07-07,68.0,83.0,0.4948484848484848,0.0,33,0,0,15.0,-3.0,70.0
2020-07-08,71.0,88.0,0.23322580645161292,0.0,31,0,0,17.0,3.0,70.0
2020-07-09,68.0,86.0,0.0,0.0,32,0,0,18.0,-3.0,69.0
2020-07-10,68.0,83.0,0.02064516129032258,0.0,31,0,0,15.0,0.0,69.0
2020-07-11,69.0,84.0,0.14451612903225805,0.0,31,0,0,15.0,1.0,68.33333333333333
2020-07-12,64.0,85.0,0.07258064516129033,0.0,31,0,0,21.0,-5.0,67.0
2020-07-13,64.0,84.0,0.19666666666666668,0.0,33,0,0,20.0,0.0,65.66666666666667
2020-07-14,64.0,85.0,0.0003225806451612903,0.0,32,0,0,21.0,0.0,64.0
2020-07-15,64.0,87.0,0.0,0.0,32,0,0,23.0,0.0,64.0
2020-07-16,70.0,83.0,0.0,0.0,31,0,0,13.0,6.0,66.0
2020-07-17,71.0,90.0,0.039310344827586205,0.0,29,0,0,19.0,1.0,68.33333333333333
2020-07-18,67.0,91.0,0.0,0.0,31,0,0,24.0,-4.0,69.33333333333333
2020-07-19,72.0,93.0,0.0,0.0,31,0,0,21.0,5.0,70.0
2020-07-20,73.0,94.0,0.007931034482758621,0.0,30,0,0,21.0,1.0,70.66666666666667
2020-07-21,70.0,93.0,0.053870967741935484,0.0,31,0,0,23.0,-3.0,71.66666666666667
2020-07-22,69.0,91.0,0.48033333333333333,0.0,30,0,0,22.0,-1.0,70.66666666666667
2020-07-23,69.0,88.0,0.9349999999999999,0.0,32,0,0,19.0,0.0,69.33333333333333
2020-07-24,70.0,83.0,0.386,0.0,32,0,0,13.0,1.0,69.33333333333333
2020-07-25,67.0,88.0,0.0806896551724138,0.0,29,0,0,21.0,-3.0,68.66666666666667
2020-07-26,73.0,90.0,0.0058620689655172415,0.0,29,0,0,17.0,6.0,70.0
2020-07-27,68.0,93.0,0.0,0.0,27,0,0,25.0,-5.0,69.33333333333333
2020-07-28,72.0,88.0,0.0,0.0,29,0,0,16.0,4.0,71.0
2020-07-29,67.0,90.0,0.0,0.0,29,0,0,23.0,-5.0,69.0
2020-07-30,69.0,93.0,0.030689655172413795,0.0,29,0,0,24.0,2.0,69.33333333333333
2020-07-31,69.0,76.0,0.37870967741935485,0.0,32,0,0,7.0,0.0,68.33333333333333
2020-08-01,68.0,82.0,0.3234375,0.0,32,0,0,14.0,-1.0,68.66666666666667
2020-08-02,72.0,89.0,0.009642857142857144,0.0,28,0,0,17.0,4.0,69.66666666666667
2020-08-03,68.0,82.0,0.05851851851851852,0.0,27,0,0,14.0,-4.0,69.33333333333333
2020-08-04,67.0,84.0,1.535625,0.0,34,0,0,17.0,-1.0,69.0
2020-08-05,64.0,83.0,1.1484375,0.0,32,0,0,19.0,-3.0,66.33333333333333
2020-08-06,68.0,80.0,0.6975,0.0,33,0,0,12.0,4.0,66.33333333333333
2020-08-07,68.0,84.0,0.19931034482758622,0.0,30,0,0,16.0,0.0,66.66666666666667
2020-08-08,66.0,81.0,0.17515151515151517,0.0,34,0,0,15.0,-2.0,67.33333333333333
2020-08-09,68.0,87.0,0.000625,0.0,33,0,0,19.0,2.0,67.33333333333333
2020-08-10,70.0,90.0,0.024848484848484845,0.0,33,0,0,20.0,2.0,68.0
2020-08-11,71.0,90.0,0.005757575757575757,0.0,34,0,0,19.0,1.0,69.66666666666667
2020-08-12,71.0,88.0,0.09857142857142857,0.0,35,0,0,17.0,0.0,70.66666666666667
2020-08-13,70.0,79.0,0.6517142857142857,0.0,36,0,0,9.0,-1.0,70.66666666666667
2020-08-14,68.0,82.0,0.28405405405405404,0.0,37,0,0,14.0,-2.0,69.66666666666667
2020-08-15,65.0,74.0,0.22342857142857145,0.0,35,0,0,9.0,-3.0,67.66666666666667
2020-08-16,64.0,71.0,0.9445714285714286,0.0,35,0,0,7.0,-1.0,65.66666666666667
2020-08-17,60.0,81.0,0.04441176470588235,0.0,35,0,0,21.0,-4.0,63.0
2020-08-18,61.0,82.0,0.1122857142857143,0.0,35,0,0,21.0,1.0,61.666666666666664
2020-08-19,63.0,80.0,0.14545454545454545,0.0,33,0,0,17.0,2.0,61.333333333333336
2020-08-20,58.0,79.0,0.09057142857142857,0.0,35,0,0,21.0,-5.0,60.666666666666664
2020-08-21,64.0,81.0,0.00029411764705882356,0.0,34,0,0,17.0,6.0,61.666666666666664
2020-08-22,69.0,82.0,0.02885714285714286,0.0,35,0,0,13.0,5.0,63.666666666666664
2020-08-23,69.0,87.0,0.03970588235294118,0.0,35,0,0,18.0,0.0,67.33333333333333
2020-08-24,68.0,85.0,0.055151515151515146,0.0,33,0,0,17.0,-1.0,68.66666666666667
2020-08-25,68.0,87.0,0.038,0.0,35,0,0,19.0,0.0,68.33333333333333
2020-08-26,64.0,83.0,0.020857142857142855,0.0,35,0,0,19.0,-4.0,66.66666666666667
2020-08-27,69.0,90.0,0.0,0.0,32,0,0,21.0,5.0,67.0
2020-08-28,69.0,86.0,0.04727272727272727,0.0,35,0,0,17.0,0.0,67.33333333333333
2020-08-29,70.0,82.0,0.6266666666666666,0.0,36,0,0,12.0,1.0,69.33333333333333
2020-08-30,60.0,77.0,0.22428571428571428,0.0,35,0,0,17.0,-10.0,66.33333333333333
2020-08-31,63.0,70.0,0.03705882352941176,0.0,34,0,0,7.0,3.0,64.33333333333333
2020-09-01,63.0,75.0,0.38771428571428573,0.0,35,0,0,12.0,0.0,62.0
2020-09-02,70.0,85.0,0.13117647058823528,0.0,34,0,0,15.0,7.0,65.33333333333333
2020-09-03,68.0,86.0,0.5203125000000001,0.0,32,0,0,18.0,-2.0,67.0
2020-09-04,65.0,82.0,1.106,0.0,36,0,0,17.0,-3.0,67.66666666666667
2020-09-05,54.0,76.0,0.001142857142857143,0.0,35,0,0,22.0,-11.0,62.333333333333336
2020-09-06,57.0,81.0,0.0,0.0,34,0,0,24.0,3.0,58.666666666666664
2020-09-07,60.0,82.0,0.0,0.0,34,0,0,22.0,3.0,57.0
2020-09-08,60.0,81.0,0.0,0.0,34,0,0,21.0,0.0,59.0
2020-09-09,68.0,77.0,0.008125,0.0,33,0,0,9.0,8.0,62.666666666666664
2020-09-10,71.0,77.0,0.31142857142857144,0.0,36,0,0,6.0,3.0,66.33333333333333
2020-09-11,67.0,75.0,1.363235294117647,0.0,35,0,0,8.0,-4.0,68.66666666666667
2020-09-12,64.0,70.0,0.006875,0.0,32,0,0,6.0,-3.0,67.33333333333333
2020-09-13,57.0,78.0,0.020625,0.0,34,0,0,21.0,-7.0,62.666666666666664
2020-09-14,60.0,74.0,0.0,0.0,34,0,0,14.0,3.0,60.333333333333336
2020-09-15,46.0,64.0,0.0,0.0,34,0,0,18.0,-14.0,54.333333333333336
2020-09-16,47.0,70.0,0.0,0.0,34,0,0,23.0,1.0,51.0
2020-09-17,54.0,71.0,0.0059375,0.0,32,0,0,17.0,7.0,49.0
2020-09-18,57.0,69.0,0.10972222222222222,0.0,36,0,0,12.0,3.0,52.666666666666664
2020-09-19,42.0,61.0,0.0,0.0,34,0,0,19.0,-15.0,51.0
2020-09-20,38.0,64.0,0.0,0.0,33,0,0,26.0,-4.0,45.666666666666664
2020-09-21,38.0,62.0,0.0,0.0,34,0,0,24.0,0.0,39.333333333333336
2020-09-22,40.0,68.0,0.0,0.0,33,0,0,28.0,2.0,38.666666666666664
2020-09-23,48.0,77.0,0.0,0.0,35,0,0,29.0,8.0,42.0
2020-09-24,56.0,70.0,0.0,0.0,34,0,0,14.0,8.0,48.0
2020-09-25,56.0,67.0,0.003529411764705882,0.0,34,0,0,11.0,0.0,53.333333333333336
2020-09-26,59.0,68.0,0.3369444444444445,0.0,37,0,0,9.0,3.0,57.0
2020-09-27,62.0,75.0,0.052121212121212124,0.0,34,0,0,13.0,3.0,59.0
2020-09-28,63.0,77.0,0.005,0.0,31,0,0,14.0,1.0,61.333333333333336
2020-09-29,54.0,71.0,0.01696969696969697,0.0,33,0,0,17.0,-9.0,59.666666666666664
2020-09-30,51.0,68.0,0.3397058823529412,0.0,35,0,0,17.0,-3.0,56.0
2020-10-01,52.0,69.0,0.0025,0.0,33,0,0,17.0,1.0,52.333333333333336
2020-10-02,47.0,63.0,0.13058823529411767,0.0,36,0,0,16.0,-5.0,50.0
2020-10-03,41.0,63.0,0.006363636363636363,0.0,33,0,0,22.0,-6.0,46.666666666666664
2020-10-04,42.0,66.0,0.0006060606060606061,0.0,33,0,0,24.0,1.0,43.333333333333336
2020-10-05,48.0,63.0,0.058823529411764705,0.0,34,0,0,15.0,6.0,43.666666666666664
2020-10-06,43.0,69.0,0.0019354838709677422,0.0,31,0,0,26.0,-5.0,44.333333333333336
2020-10-07,52.0,79.0,0.0,0.0,29,0,0,27.0,9.0,47.666666666666664
2020-10-08,48.0,68.0,0.0,0.0,32,0,0,20.0,-4.0,47.666666666666664
2020-10-09,44.0,69.0,0.0,0.0,32,0,0,25.0,-4.0,48.0
2020-10-10,54.0,73.0,0.0,0.0,31,0,0,19.0,10.0,48.666666666666664
2020-10-11,60.0,70.0,0.0471875,0.0,33,0,0,10.0,6.0,52.666666666666664
2020-10-12,54.0,61.0,0.9997297297297297,0.0,37,0,0,7.0,-6.0,56.0
2020-10-13,52.0,66.0,0.18621621621621623,0.0,37,0,0,14.0,-2.0,55.333333333333336
2020-10-14,44.0,70.0,0.013437500000000002,0.0,32,0,0,26.0,-8.0,50.0
2020-10-15,52.0,74.0,0.0,0.0,32,0,0,22.0,8.0,49.333333333333336
2020-10-16,47.0,64.0,0.011470588235294118,0.0,34,0,0,17.0,-5.0,47.666666666666664
2020-10-17,36.0,58.0,0.0390625,0.0,32,0,0,22.0,-11.0,45.0
2020-10-18,39.0,62.0,0.0,0.0,31,0,0,23.0,3.0,40.666666666666664
2020-10-19,51.0,67.0,0.0,0.0,34,0,0,16.0,12.0,42.0
2020-10-20,54.0,74.0,0.0,0.0,31,0,0,20.0,3.0,48.0
2020-10-21,59.0,76.0,0.004827586206896552,0.0,31,0,0,17.0,5.0,54.666666666666664
2020-10-22,58.0,77.0,0.0028125,0.0,33,0,0,19.0,-1.0,57.0
2020-10-23,60.0,75.0,0.000625,0.0,32,0,0,15.0,2.0,59.0
2020-10-24,54.0,68.0,0.0009375,0.0,32,0,0,14.0,-6.0,57.333333333333336
2020-10-25,41.0,54.0,0.06625,0.0,32,0,0,13.0,-13.0,51.666666666666664
2020-10-26,43.0,58.0,0.14903225806451614,0.0,34,0,0,15.0,2.0,46.0
2020-10-27,54.0,61.0,0.004,0.0,30,0,0,7.0,11.0,46.0
2020-10-28,56.0,67.0,0.0058620689655172415,0.0,29,0,0,11.0,2.0,51.0
2020-10-29,47.0,59.0,0.6590625,0.0,32,0,0,12.0,-9.0,52.333333333333336
2020-10-30,44.0,48.0,1.436,0.0,30,0,0,4.0,-3.0,49.0
2020-10-31,32.0,49.0,0.012857142857142857,0.0,29,1,1,17.0,-12.0,41.0
2020-11-01,39.0,52.0,0.0375,0.0,28,0,0,13.0,7.0,38.333333333333336
2020-11-02,35.0,44.0,0.30612903225806454,0.0,33,0,0,9.0,-4.0,35.333333333333336
2020-11-03,41.0,58.0,0.0003225806451612903,0.0,31,0,0,17.0,6.0,38.333333333333336
2020-11-04,40.0,66.0,0.0,0.0,31,0,0,26.0,-1.0,38.666666666666664
2020-11-05,46.0,67.0,0.0,0.0,32,0,0,21.0,6.0,42.333333333333336
2020-11-06,48.0,71.0,0.0,0.0,32,0,0,23.0,2.0,44.666666666666664
2020-11-07,49.0,76.0,0.0,0.0,30,0,0,27.0,1.0,47.666666666666664
2020-11-08,49.0,74.0,0.0,0.0,31,0,0,25.0,0.0,48.666666666666664
2020-11-09,52.0,72.0,0.0,0.0,31,0,0,20.0,3.0,50.0
2020-11-10,53.0,74.0,0.0,0.0,30,0,0,21.0,1.0,51.333333333333336
2020-11-11,60.0,67.0,0.16566666666666666,0.0,30,0,0,7.0,7.0,55.0
2020-11-12,44.0,66.0,1.7374193548387096,0.0,31,0,0,22.0,-16.0,52.333333333333336
2020-11-13,42.0,56.0,0.1829032258064516,0.0,32,0,0,14.0,-2.0,48.666666666666664
2020-11-14,37.0,53.0,0.0006896551724137932,0.0,29,0,0,16.0,-5.0,41.0
2020-11-15,42.0,66.0,0.013846153846153845,0.0,27,0,0,24.0,5.0,40.333333333333336
2020-11-16,44.0,56.0,0.061000000000000006,0.0,30,0,0,12.0,2.0,41.0
2020-11-17,34.0,52.0,0.0,0.0,29,0,0,18.0,-10.0,40.0
2020-11-18,27.0,39.0,0.0,0.0,31,1,1,12.0,-7.0,35.0
2020-11-19,26.0,50.0,0.0,0.0,31,1,1,24.0,-1.0,29.0
2020-11-20,38.0,63.0,0.0,0.0,30,0,0,25.0,12.0,30.333333333333332
2020-11-21,49.0,63.0,0.0,0.0,29,0,0,14.0,11.0,37.666666666666664
2020-11-22,47.0,55.0,0.0010714285714285715,0.0,28,0,0,8.0,-2.0,44.666666666666664
2020-11-23,40.0,55.0,0.07843750000000001,0.0,32,0,0,15.0,-7.0,45.333333333333336
2020-11-24,31.0,46.0,0.002413793103448276,0.0,29,1,1,15.0,-9.0,39.333333333333336
2020-11-25,38.0,55.0,0.0,0.0,31,0,0,17.0,7.0,36.333333333333336
2020-11-26,47.0,65.0,0.1571875,0.0,32,0,0,18.0,9.0,38.666666666666664
2020-11-27,45.0,56.0,0.010370370370370372,0.0,27,0,0,11.0,-2.0,43.333333333333336
2020-11-28,40.0,54.0,0.0,0.0,30,0,0,14.0,-5.0,44.0
2020-11-29,33.0,54.0,0.0,0.0,29,0,0,21.0,-7.0,39.333333333333336
2020-11-30,44.0,60.0,0.7454545454545455,0.0,33,0,0,16.0,11.0,39.0
2020-12-01,35.0,45.0,0.6415625,0.0,32,0,0,10.0,-9.0,37.333333333333336
2020-12-02,33.0,43.0,0.018787878787878787,0.0,33,0,0,10.0,-2.0,37.333333333333336
2020-12-03,28.0,51.0,0.0,0.0,31,1,1,23.0,-5.0,32.0
2020-12-04,40.0,45.0,0.06290322580645161,0.0,32,0,0,5.0,12.0,33.666666666666664
2020-12-05,38.0,44.0,0.9736363636363637,0.0,34,0,0,6.0,-2.0,35.333333333333336
2020-12-06,28.0,40.0,0.01310344827586207,0.0,29,1,1,12.0,-10.0,35.333333333333336
2020-12-07,24.0,36.0,0.0,0.0,32,1,1,12.0,-4.0,30.0
2020-12-08,28.0,41.0,0.0,0.0,31,1,1,13.0,4.0,26.666666666666668
2020-12-09,28.0,41.0,0.0,0.0,31,1,1,13.0,0.0,26.666666666666668
2020-12-10,29.0,48.0,0.0,0.0,33,1,1,19.0,1.0,28.333333333333332
2020-12-11,35.0,57.0,0.0,0.0,31,0,0,22.0,6.0,30.666666666666668
2020-12-12,43.0,60.0,0.0012903225806451613,0.0,31,0,0,17.0,8.0,35.666666666666664
2020-12-13,40.0,60.0,0.0070967741935483875,0.0,31,0,0,20.0,-3.0,39.333333333333336
2020-12-14,32.0,40.0,0.28515151515151516,0.025,33,1,1,8.0,-8.0,38.333333333333336
2020-12-15,27.0,36.0,0.8403030303030303,0.0,33,1,1,9.0,-5.0,33.0
2020-12-16,26.0,32.0,0.1423333333333333,0.6318181818181818,31,1,0,6.0,-1.0,28.333333333333332
2020-12-17,22.0,31.0,1.2083870967741936,1.9208333333333334,31,1,0,9.0,-4.0,25.0
2020-12-18,24.0,31.0,0.005862068965517241,0.08695652173913043,29,1,0,7.0,2.0,24.0
2020-12-19,18.0,31.0,0.0013333333333333333,0.012499999999999999,30,1,0,13.0,-6.0,21.333333333333332
2020-12-20,27.0,40.0,0.004666666666666667,0.0,30,1,1,13.0,9.0,23.0
2020-12-21,31.0,40.0,0.002857142857142857,0.0,28,1,1,9.0,4.0,25.333333333333332
2020-12-22,36.0,44.0,0.028571428571428574,0.0,28,0,0,8.0,5.0,31.333333333333332
2020-12-23,28.0,44.0,0.0007692307692307692,0.0,28,1,1,16.0,-8.0,31.666666666666668
2020-12-24,38.0,58.0,0.16925925925925928,0.0,27,0,0,20.0,10.0,34.0
2020-12-25,21.0,58.0,1.7072413793103447,0.011111111111111112,29,1,1,37.0,-17.0,29.0
2020-12-26,19.0,29.0,0.0003448275862068966,0.0,30,1,0,10.0,-2.0,26.0
2020-12-27,20.0,37.0,0.0,0.0,28,1,1,17.0,1.0,20.0
2020-12-28,29.0,52.0,0.0,0.0,28,1,1,23.0,9.0,22.666666666666668
2020-12-29,25.0,43.0,0.0,0.0,28,1,1,18.0,-4.0,24.666666666666668
2020-12-30,25.0,44.0,0.0,0.0,26,1,1,19.0,0.0,26.333333333333332
2020-12-31,34.0,46.0,0.0007142857142857143,0.0,29,0,0,12.0,9.0,28.0
2021-01-01,27.0,34.0,0.12892857142857145,0.0,28,1,1,7.0,-7.0,28.666666666666668
2021-01-02,32.0,51.0,0.871,0.0,31,1,1,19.0,5.0,31.0
2021-01-03,33.0,40.0,0.2009375,0.0,32,0,0,7.0,1.0,30.666666666666668
2021-01-04,29.0,41.0,0.07517241379310345,0.0,29,1,1,12.0,-4.0,31.333333333333332
2021-01-05,34.0,37.0,0.008571428571428572,0.0,28,0,0,3.0,5.0,32.0
2021-01-06,34.0,38.0,0.00896551724137931,0.0,29,0,0,4.0,0.0,32.333333333333336
2021-01-07,31.0,41.0,0.00035714285714285714,0.0,28,1,1,10.0,-3.0,33.0
2021-01-08,27.0,33.0,0.0,0.0,28,1,1,6.0,-4.0,30.666666666666668
2021-01-09,25.0,41.0,0.0,0.0,27,1,1,16.0,-2.0,27.666666666666668
2021-01-10,30.0,43.0,0.0,0.0,28,1,1,13.0,5.0,27.333333333333332
2021-01-11,27.0,40.0,0.0,0.0,29,1,1,13.0,-3.0,27.333333333333332
2021-01-12,26.0,41.0,0.0,0.0,27,1,1,15.0,-1.0,27.666666666666668
2021-01-13,26.0,46.0,0.0,0.0,28,1,1,20.0,0.0,26.333333333333332
2021-01-14,32.0,49.0,0.0,0.0,28,1,1,17.0,6.0,28.0
2021-01-15,33.0,47.0,0.017241379310344827,0.0,29,0,0,14.0,1.0,30.333333333333332
2021-01-16,30.0,42.0,0.14483870967741935,0.0,31,1,1,12.0,-3.0,31.666666666666668
2021-01-17,31.0,43.0,0.0,0.0,27,1,1,12.0,1.0,31.333333333333332
2021-01-18,30.0,41.0,0.0,0.0,28,1,1,11.0,-1.0,30.333333333333332
2021-01-19,29.0,45.0,0.0,0.0,29,1,1,16.0,-1.0,30.0
2021-01-20,25.0,40.0,0.006129032258064516,0.005263157894736842,31,1,1,15.0,-4.0,28.0
2021-01-21,23.0,48.0,0.0006666666666666666,0.0,30,1,1,25.0,-2.0,25.666666666666668
2021-01-22,31.0,44.0,0.0,0.0,26,1,1,13.0,8.0,26.333333333333332
2021-01-23,21.0,35.0,0.0,0.0,29,1,1,14.0,-10.0,25.0
2021-01-24,18.0,32.0,0.0,0.0,28,1,0,14.0,-3.0,23.333333333333332
2021-01-25,27.0,32.0,0.012499999999999999,0.10454545454545454,28,1,0,5.0,9.0,22.0
2021-01-26,27.0,32.0,0.19,0.48571428571428565,29,1,0,5.0,0.0,24.0
2021-01-27,31.0,39.0,0.02142857142857143,0.0,28,1,1,8.0,4.0,28.333333333333332
2021-01-28,24.0,31.0,0.0,0.0,29,1,0,7.0,-7.0,27.333333333333332
2021-01-29,19.0,29.0,0.0,0.0,27,1,0,10.0,-5.0,24.666666666666668
2021-01-30,17.0,33.0,0.0,0.0,24,1,1,16.0,-2.0,20.0
2021-01-31,25.0,28.0,0.0692,0.7166666666666667,26,1,0,3.0,8.0,20.333333333333332
2021-02-01,22.0,29.0,0.3482142857142857,2.2181818181818183,29,1,0,7.0,-3.0,21.333333333333332
2021-02-02,27.0,32.0,0.2596296296296296,2.085,28,1,0,5.0,5.0,24.666666666666668
2021-02-03,27.0,38.0,0.033846153846153845,0.29500000000000004,28,1,1,11.0,0.0,25.333333333333332
2021-02-04,23.0,40.0,0.0,0.0032258064516129032,31,1,1,17.0,-4.0,25.666666666666668
2021-02-05,34.0,49.0,0.04275862068965517,0.0125,29,0,0,15.0,11.0,28.0
2021-02-06,29.0,42.0,0.0013793103448275863,0.0,32,1,1,13.0,-5.0,28.666666666666668
2021-02-07,26.0,35.0,0.2093103448275862,0.8142857142857144,29,1,1,9.0,-3.0,29.666666666666668
2021-02-08,17.0,34.0,0.24857142857142858,1.0047619047619047,31,1,1,17.0,-9.0,24.0
2021-02-09,25.0,40.0,0.0006451612903225806,0.0,31,1,1,15.0,8.0,22.666666666666668
2021-02-10,28.0,38.0,0.016129032258064516,0.10689655172413792,31,1,1,10.0,3.0,23.333333333333332
2021-02-11,27.0,31.0,0.4287096774193548,1.3045454545454545,31,1,0,4.0,-1.0,26.666666666666668
2021-02-12,22.0,27.0,0.02035714285714286,0.12352941176470589,28,1,0,5.0,-5.0,25.666666666666668
2021-02-13,23.0,26.0,0.02464285714285714,0.008,30,1,0,3.0,1.0,24.0
2021-02-14,23.0,33.0,0.2575862068965517,0.12666666666666668,29,1,1,10.0,0.0,22.666666666666668
2021-02-15,30.0,33.0,0.032,0.0,30,1,1,3.0,7.0,25.333333333333332
2021-02-16,25.0,43.0,0.7606896551724137,0.0,29,1,1,18.0,-5.0,26.0
2021-02-17,20.0,28.0,0.0007142857142857143,0.0,28,1,0,8.0,-5.0,25.0
2021-02-18,22.0,27.0,0.20192307692307693,0.2647058823529412,26,1,0,5.0,2.0,22.333333333333332
2021-02-19,25.0,34.0,0.46615384615384614,0.7842105263157895,28,1,1,9.0,3.0,22.333333333333332
2021-02-20,21.0,29.0,0.003461538461538461,0.021052631578947368,26,1,0,8.0,-4.0,22.666666666666668
2021-02-21,16.0,34.0,0.0,0.0,29,1,1,18.0,-5.0,20.666666666666668
2021-02-22,27.0,33.0,0.045,0.132,28,1,1,6.0,11.0,21.333333333333332
2021-02-23,30.0,49.0,0.37655172413793103,0.41578947368421054,29,1,1,19.0,3.0,24.333333333333332
2021-02-24,34.0,58.0,0.0,0.0,30,0,0,24.0,4.0,30.333333333333332
2021-02-25,34.0,54.0,0.0,0.0,29,0,0,20.0,0.0,32.666666666666664
2021-02-26,33.0,45.0,0.01074074074074074,0.014814814814814815,27,0,0,12.0,-1.0,33.666666666666664
2021-02-27,32.0,50.0,0.3241935483870968,0.024999999999999998,31,1,1,18.0,-1.0,33.0
2021-02-28,39.0,46.0,0.1796551724137931,0.0,29,0,0,7.0,7.0,34.666666666666664
2021-03-01,36.0,47.0,0.9458620689655173,0.0,32,0,0,11.0,-3.0,35.666666666666664
2021-03-02,25.0,39.0,0.04774193548387097,0.0,31,1,1,14.0,-11.0,33.333333333333336
2021-03-03,27.0,55.0,0.0,0.0,31,1,1,28.0,2.0,29.333333333333332
2021-03-04,31.0,50.0,0.0,0.0,32,1,1,19.0,4.0,27.666666666666668
2021-03-05,22.0,37.0,0.0,0.0,32,1,1,15.0,-9.0,26.666666666666668
2021-03-06,27.0,43.0,0.0,0.0,32,1,1,16.0,5.0,26.666666666666668
2021-03-07,22.0,41.0,0.0,0.0,32,1,1,19.0,-5.0,23.666666666666668
2021-03-08,23.0,49.0,0.0,0.0,32,1,1,26.0,1.0,24.0
2021-03-09,40.0,67.0,0.0,0.0,31,0,0,27.0,17.0,28.333333333333332
2021-03-10,44.0,68.0,0.0,0.0,31,0,0,24.0,4.0,35.666666666666664
2021-03-11,49.0,76.0,0.0,0.0,32,0,0,27.0,5.0,44.333333333333336
2021-03-12,53.0,66.0,0.0,0.0,33,0,0,13.0,4.0,48.666666666666664
2021-03-13,38.0,54.0,0.0,0.0,33,0,0,16.0,-15.0,46.666666666666664
2021-03-14,40.0,60.0,0.0,0.0,31,0,0,20.0,2.0,43.666666666666664
2021-03-15,26.0,43.0,0.0,0.0,32,1,1,17.0,-14.0,34.666666666666664
2021-03-16,36.0,41.0,0.0003225806451612903,0.0,31,0,0,5.0,10.0,34.0
2021-03-17,37.0,46.0,0.0021212121212121214,0.0,33,0,0,9.0,1.0,33.0
2021-03-18,43.0,49.0,0.25545454545454543,0.0,33,0,0,6.0,6.0,38.666666666666664
2021-03-19,32.0,44.0,0.3339393939393939,0.0,33,1,1,12.0,-11.0,37.333333333333336
2021-03-20,27.0,53.0,0.0003225806451612903,0.0,31,1,1,26.0,-5.0,34.0
2021-03-21,32.0,61.0,0.0,0.0,30,1,1,29.0,5.0,30.333333333333332
2021-03-22,31.0,62.0,0.0,0.0,29,1,1,31.0,-1.0,30.0
2021-03-23,38.0,65.0,0.0,0.0,31,0,0,27.0,7.0,33.666666666666664
2021-03-24,50.0,56.0,0.2232258064516129,0.0,31,0,0,6.0,12.0,39.666666666666664
2021-03-25,53.0,61.0,0.9044827586206897,0.0,29,0,0,8.0,3.0,47.0
2021-03-26,57.0,78.0,0.014666666666666666,0.0,30,0,0,21.0,4.0,53.333333333333336
2021-03-27,44.0,70.0,0.0,0.0,29,0,0,26.0,-13.0,51.333333333333336
2021-03-28,50.0,66.0,0.21296296296296297,0.0,28,0,0,16.0,6.0,50.333333333333336
2021-03-29,40.0,54.0,0.355,0.0,29,0,0,14.0,-10.0,44.666666666666664
2021-03-30,39.0,66.0,0.0,0.0,28,0,0,27.0,-1.0,43.0
2021-03-31,51.0,62.0,0.05857142857142857,0.0,28,0,0,11.0,12.0,43.333333333333336
2021-04-01,30.0,57.0,0.9116129032258065,0.06666666666666667,31,1,1,27.0,-21.0,40.0
2021-04-02,26.0,42.0,0.030344827586206897,0.0,30,1,1,16.0,-4.0,35.666666666666664
2021-04-03,25.0,51.0,0.0,0.0,29,1,1,26.0,-1.0,27.0
2021-04-04,40.0,68.0,0.0,0.0,31,0,0,28.0,15.0,30.333333333333332
2021-04-05,40.0,69.0,0.0,0.0,32,0,0,29.0,0.0,35.0
2021-04-06,53.0,73.0,0.0,0.0,33,0,0,20.0,13.0,44.333333333333336
2021-04-07,52.0,80.0,0.000625,0.0,32,0,0,28.0,-1.0,48.333333333333336
2021-04-08,50.0,70.0,0.005757575757575757,0.0,33,0,0,20.0,-2.0,51.666666666666664
2021-04-09,48.0,57.0,0.39676470588235296,0.0,34,0,0,9.0,-2.0,50.0
2021-04-10,50.0,66.0,0.10727272727272727,0.0,33,0,0,16.0,2.0,49.333333333333336
2021-04-11,56.0,76.0,0.28903225806451616,0.0,31,0,0,20.0,6.0,51.333333333333336
2021-04-12,48.0,61.0,0.1064516129032258,0.0,32,0,0,13.0,-8.0,51.333333333333336
2021-04-13,46.0,63.0,0.20545454545454547,0.0,33,0,0,17.0,-2.0,50.0
2021-04-14,49.0,57.0,0.0325,0.0,28,0,0,8.0,3.0,47.666666666666664
2021-04-15,44.0,61.0,0.2903448275862069,0.0,31,0,0,17.0,-5.0,46.333333333333336
2021-04-16,40.0,54.0,0.0,0.0,29,0,0,14.0,-4.0,44.333333333333336
2021-04-17,39.0,57.0,0.0,0.0,29,0,0,18.0,-1.0,41.0
2021-04-18,37.0,63.0,0.0,0.0,29,0,0,26.0,-2.0,38.666666666666664
2021-04-19,46.0,64.0,0.0,0.0,30,0,0,18.0,9.0,40.666666666666664
2021-04-20,47.0,74.0,0.0053125,0.0,32,0,0,27.0,1.0,43.333333333333336
2021-04-21,38.0,63.0,0.0,0.0,29,0,0,25.0,-9.0,43.666666666666664
2021-04-22,31.0,49.0,0.003,0.0,30,1,1,18.0,-7.0,38.666666666666664
2021-04-23,32.0,63.0,0.0,0.0,27,1,1,31.0,1.0,33.666666666666664
2021-04-24,39.0,62.0,0.031785714285714285,0.0,29,0,0,23.0,7.0,34.0
2021-04-25,46.0,63.0,0.5971875,0.0,32,0,0,17.0,7.0,39.0
2021-04-26,39.0,65.0,0.009642857142857144,0.0,29,0,0,26.0,-7.0,41.333333333333336
2021-04-27,48.0,82.0,0.0,0.0,27,0,0,34.0,9.0,44.333333333333336
2021-04-28,60.0,85.0,0.0003333333333333333,0.0,30,0,0,25.0,12.0,49.0
2021-04-29,64.0,78.0,0.0265625,0.0,32,0,0,14.0,4.0,57.333333333333336
2021-04-30,50.0,68.0,0.056969696969696976,0.0,33,0,0,18.0,-14.0,58.0
2021-05-01,42.0,65.0,0.001,0.0,30,0,0,23.0,-8.0,52.0
2021-05-02,52.0,84.0,0.0,0.0,28,0,0,32.0,10.0,48.0
2021-05-03,58.0,71.0,0.02875,0.0,32,0,0,13.0,6.0,50.666666666666664
2021-05-04,62.0,82.0,0.08303030303030304,0.0,33,0,0,20.0,4.0,57.333333333333336
2021-05-05,54.0,74.0,0.1525,0.0,32,0,0,20.0,-8.0,58.0
2021-05-06,42.0,61.0,0.18612903225806454,0.0,33,0,0,19.0,-12.0,52.666666666666664
2021-05-07,43.0,60.0,0.015357142857142857,0.0,28,0,0,17.0,1.0,46.333333333333336
2021-05-08,38.0,57.0,0.219,0.0,31,0,0,19.0,-5.0,41.0
2021-05-09,39.0,62.0,0.105,0.0,31,0,0,23.0,1.0,40.0
2021-05-10,48.0,62.0,0.005,0.0,32,0,0,14.0,9.0,41.666666666666664
2021-05-11,45.0,64.0,0.0,0.0,32,0,0,19.0,-3.0,44.0
2021-05-12,42.0,66.0,0.0,0.0,32,0,0,24.0,-3.0,45.0
2021-05-13,44.0,66.0,0.0,0.0,31,0,0,22.0,2.0,43.666666666666664
2021-05-14,44.0,69.0,0.0,0.0,32,0,0,25.0,0.0,43.333333333333336
2021-05-15,45.0,75.0,0.0,0.0,30,0,0,30.0,1.0,44.333333333333336
2021-05-16,49.0,68.0,0.004333333333333333,0.0,30,0,0,19.0,4.0,46.0
2021-05-17,46.0,70.0,0.03645161290322581,0.0,32,0,0,24.0,-3.0,46.666666666666664
2021-05-18,50.0,77.0,0.0,0.0,33,0,0,27.0,4.0,48.333333333333336
2021-05-19,53.0,84.0,0.0,0.0,33,0,0,31.0,3.0,49.666666666666664
2021-05-20,58.0,86.0,0.0,0.0,32,0,0,28.0,5.0,53.666666666666664
2021-05-21,53.0,82.0,0.0,0.0,30,0,0,29.0,-5.0,54.666666666666664
2021-05-22,59.0,83.0,0.0,0.0,30,0,0,24.0,6.0,56.666666666666664
2021-05-23,65.0,87.0,0.0,0.0,30,0,0,22.0,6.0,59.0
2021-05-24,54.0,78.0,0.133125,0.0,32,0,0,24.0,-11.0,59.333333333333336
2021-05-25,53.0,77.0,0.35696969696969694,0.0,34,0,0,24.0,-1.0,57.333333333333336
2021-05-26,63.0,89.0,0.006333333333333333,0.0,30,0,0,26.0,10.0,56.666666666666664
2021-05-27,61.0,80.0,0.18212121212121213,0.0,34,0,0,19.0,-2.0,59.0
2021-05-28,58.0,68.0,0.03464285714285714,0.0,28,0,0,10.0,-3.0,60.666666666666664
2021-05-29,47.0,58.0,1.3143333333333334,0.0,30,0,0,11.0,-11.0,55.333333333333336
2021-05-30,46.0,50.0,0.12633333333333333,0.0,30,0,0,4.0,-1.0,50.333333333333336
2021-05-31,44.0,71.0,0.011851851851851851,0.0,29,0,0,27.0,-2.0,45.666666666666664
2021-06-01,54.0,75.0,0.0,0.0,31,0,0,21.0,10.0,48.0
2021-06-02,60.0,80.0,0.0,0.0,31,0,0,20.0,6.0,52.666666666666664
2021-06-03,63.0,80.0,0.07176470588235294,0.0,34,0,0,17.0,3.0,59.0
2021-06-04,65.0,81.0,0.36088235294117643,0.0,34,0,0,16.0,2.0,62.666666666666664
2021-06-05,61.0,88.0,0.01,0.0,31,0,0,27.0,-4.0,63.0
2021-06-06,65.0,91.0,0.0006666666666666666,0.0,30,0,0,26.0,4.0,63.666666666666664
2021-06-07,73.0,89.0,0.0,0.0,31,0,0,16.0,8.0,66.33333333333333
2021-06-08,72.0,87.0,0.0026666666666666666,0.0,30,0,0,15.0,-1.0,70.0
2021-06-09,70.0,82.0,0.03967741935483871,0.0,31,0,0,12.0,-2.0,71.66666666666667
2021-06-10,66.0,81.0,0.018965517241379314,0.0,30,0,0,15.0,-4.0,69.33333333333333
2021-06-11,62.0,68.0,0.511,0.0,30,0,0,6.0,-4.0,66.0
2021-06-12,59.0,73.0,0.651,0.0,31,0,0,14.0,-3.0,62.333333333333336
2021-06-13,62.0,76.0,0.025666666666666667,0.0,30,0,0,14.0,3.0,61.0
2021-06-14,64.0,84.0,0.18161290322580645,0.0,32,0,0,20.0,2.0,61.666666666666664
2021-06-15,60.0,75.0,0.851764705882353,0.0,34,0,0,15.0,-4.0,62.0
2021-06-16,56.0,76.0,0.0006451612903225806,0.0,31,0,0,20.0,-4.0,60.0
2021-06-17,52.0,76.0,0.0,0.0,32,0,0,24.0,-4.0,56.0
2021-06-18,54.0,82.0,0.0,0.0,28,0,0,28.0,2.0,54.0
2021-06-19,69.0,81.0,0.0014814814814814814,0.0,27,0,0,12.0,15.0,58.333333333333336
2021-06-20,65.0,88.0,0.012592592592592591,0.0,27,0,0,23.0,-4.0,62.666666666666664
2021-06-21,69.0,90.0,0.040740740740740744,0.0,31,0,0,21.0,4.0,67.66666666666667
2021-06-22,56.0,70.0,0.47852941176470587,0.0,34,0,0,14.0,-13.0,63.333333333333336
2021-06-23,47.0,72.0,0.2944117647058824,0.0,34,0,0,25.0,-9.0,57.333333333333336
2021-06-24,52.0,75.0,0.000967741935483871,0.0,31,0,0,23.0,5.0,51.666666666666664
2021-06-25,54.0,79.0,0.0,0.0,31,0,0,25.0,2.0,51.0
2021-06-26,67.0,83.0,0.014705882352941176,0.0,34,0,0,16.0,13.0,57.666666666666664
2021-06-27,69.0,88.0,0.02333333333333333,0.0,30,0,0,19.0,2.0,63.333333333333336
2021-06-28,71.0,90.0,0.0,0.0,31,0,0,19.0,2.0,69.0
2021-06-29,71.0,92.0,0.0,0.0,30,0,0,21.0,0.0,70.33333333333333
2021-06-30,70.0,93.0,0.01096774193548387,0.0,31,0,0,23.0,-1.0,70.66666666666667
2021-07-01,68.0,83.0,0.11636363636363636,0.0,34,0,0,15.0,-2.0,69.66666666666667
2021-07-02,64.0,77.0,0.8360606060606061,0.0,33,0,0,13.0,-4.0,67.33333333333333
2021-07-03,56.0,76.0,0.011785714285714287,0.0,28,0,0,20.0,-8.0,62.666666666666664
2021-07-04,58.0,82.0,0.07518518518518519,0.0,27,0,0,24.0,2.0,59.333333333333336
2021-07-05,63.0,83.0,0.0,0.0,25,0,0,20.0,5.0,59.0
2021-07-06,69.0,91.0,0.002962962962962963,0.0,30,0,0,22.0,6.0,63.333333333333336
2021-07-07,70.0,90.0,0.0,0.0,29,0,0,20.0,1.0,67.33333333333333
2021-07-08,68.0,85.0,0.08533333333333333,0.0,30,0,0,17.0,-2.0,69.0
2021-07-09,66.0,84.0,0.32,0.0,30,0,0,18.0,-2.0,68.0
2021-07-10,64.0,79.0,0.21642857142857141,0.0,29,0,0,15.0,-2.0,66.0
2021-07-11,68.0,88.0,0.00037037037037037035,0.0,29,0,0,20.0,4.0,66.0
2021-07-12,72.0,91.0,0.014482758620689656,0.0,30,0,0,19.0,4.0,68.0
2021-07-13,71.0,91.0,0.2121875,0.0,32,0,0,20.0,-1.0,70.33333333333333
2021-07-14,70.0,87.0,0.0007142857142857143,0.0,28,0,0,17.0,-1.0,71.0
2021-07-15,67.0,88.0,0.0,0.0,29,0,0,21.0,-3.0,69.33333333333333
2021-07-16,69.0,90.0,0.0,0.0,27,0,0,21.0,2.0,68.66666666666667
2021-07-17,69.0,91.0,0.12692307692307692,0.0,26,0,0,22.0,0.0,68.33333333333333
2021-07-18,65.0,75.0,0.7093103448275863,0.0,29,0,0,10.0,-4.0,67.66666666666667
2021-07-19,63.0,83.0,0.0007692307692307692,0.0,26,0,0,20.0,-2.0,65.66666666666667
2021-07-20,63.0,85.0,0.0,0.0,27,0,0,22.0,0.0,63.666666666666664
2021-07-21,67.0,84.0,0.0011111111111111111,0.0,27,0,0,17.0,4.0,64.33333333333333
2021-07-22,58.0,77.0,0.10250000000000001,0.0,28,0,0,19.0,-9.0,62.666666666666664
2021-07-23,60.0,79.0,0.0,0.0,28,0,0,19.0,2.0,61.666666666666664
2021-07-24,62.0,83.0,0.0,0.0,28,0,0,21.0,2.0,60.0
2021-07-25,70.0,87.0,0.04241379310344828,0.0,29,0,0,17.0,8.0,64.0
2021-07-26,69.0,88.0,0.04357142857142857,0.0,28,0,0,19.0,-1.0,67.0
2021-07-27,68.0,89.0,0.3148275862068966,0.0,29,0,0,21.0,-1.0,69.0
2021-07-28,67.0,86.0,0.035,0.0,30,0,0,19.0,-1.0,68.0
2021-07-29,67.0,82.0,0.31129032258064515,0.0,31,0,0,15.0,0.0,67.33333333333333
2021-07-30,67.0,83.0,0.195,0.0,28,0,0,16.0,0.0,67.0
2021-07-31,59.0,78.0,0.0,0.0,26,0,0,19.0,-8.0,64.33333333333333
2021-08-01,65.0,77.0,0.05037037037037037,0.0,27,0,0,12.0,6.0,63.666666666666664
2021-08-02,57.0,75.0,0.5186206896551725,0.0,30,0,0,18.0,-8.0,60.333333333333336
2021-08-03,59.0,76.0,0.0014285714285714286,0.0,28,0,0,17.0,2.0,60.333333333333336
2021-08-04,61.0,77.0,0.0,0.0,28,0,0,16.0,2.0,59.0
2021-08-05,58.0,83.0,0.0,0.0,29,0,0,25.0,-3.0,59.333333333333336
2021-08-06,64.0,87.0,0.0,0.0,28,0,0,23.0,6.0,61.0
2021-08-07,65.0,76.0,0.0,0.0,26,0,0,11.0,1.0,62.333333333333336
2021-08-08,60.0,84.0,0.007037037037037037,0.0,27,0,0,24.0,-5.0,63.0
2021-08-09,68.0,87.0,0.0019230769230769232,0.0,27,0,0,19.0,8.0,64.33333333333333
2021-08-10,70.0,92.0,1.0748275862068966,0.0,30,0,0,22.0,2.0,66.0
2021-08-11,68.0,93.0,0.4224137931034483,0.0,30,0,0,25.0,-2.0,68.66666666666667
2021-08-12,68.0,94.0,0.2916666666666667,0.0,31,0,0,26.0,0.0,68.66666666666667
2021-08-13,70.0,92.0,0.0452,0.0,25,0,0,22.0,2.0,68.66666666666667
2021-08-14,69.0,84.0,0.31148148148148147,0.0,27,0,0,15.0,-1.0,69.0
2021-08-15,65.0,76.0,0.5218518518518519,0.0,29,0,0,11.0,-4.0,68.0
2021-08-16,67.0,77.0,0.17857142857142858,0.0,28,0,0,10.0,2.0,67.0
2021-08-17,69.0,83.0,1.4089655172413793,0.0,31,0,0,14.0,2.0,67.0
2021-08-18,71.0,84.0,0.37129032258064515,0.0,31,0,0,13.0,2.0,69.0
2021-08-19,71.0,84.0,0.14838709677419354,0.0,31,0,0,13.0,0.0,70.33333333333333
2021-08-20,69.0,79.0,0.5158064516129033,0.0,31,0,0,10.0,-2.0,70.33333333333333
2021-08-21,67.0,82.0,0.6375000000000001,0.0,29,0,0,15.0,-2.0,69.0
2021-08-22,67.0,77.0,0.02107142857142857,0.0,29,0,0,10.0,0.0,67.66666666666667
2021-08-23,69.0,87.0,0.015517241379310345,0.0,31,0,0,18.0,2.0,67.66666666666667
2021-08-24,68.0,87.0,0.02642857142857143,0.0,28,0,0,19.0,-1.0,68.0
2021-08-25,68.0,91.0,0.002857142857142857,0.0,28,0,0,23.0,0.0,68.33333333333333
2021-08-26,68.0,89.0,0.064,0.0,30,0,0,21.0,0.0,68.0
2021-08-27,70.0,90.0,0.06103448275862069,0.0,30,0,0,20.0,2.0,68.66666666666667
2021-08-28,69.0,84.0,0.37133333333333335,0.0,30,0,0,15.0,-1.0,69.0
2021-08-29,68.0,82.0,0.012222222222222223,0.0,30,0,0,14.0,-1.0,69.0
2021-08-30,70.0,87.0,0.00035714285714285714,0.0,28,0,0,17.0,2.0,69.0
2021-08-31,69.0,77.0,0.0006666666666666666,0.0,32,0,0,8.0,-1.0,69.0
2021-09-01,63.0,74.0,1.626,0.0,35,0,0,11.0,-6.0,67.33333333333333
2021-09-02,56.0,74.0,0.6975757575757575,0.0,33,0,0,18.0,-7.0,62.666666666666664
2021-09-03,52.0,73.0,0.000625,0.0,32,0,0,21.0,-4.0,57.0
2021-09-04,55.0,76.0,0.0006666666666666666,0.0,30,0,0,21.0,3.0,54.333333333333336
2021-09-05,62.0,70.0,0.005666666666666667,0.0,31,0,0,8.0,7.0,56.333333333333336
2021-09-06,63.0,80.0,0.07757575757575758,0.0,33,0,0,17.0,1.0,60.0
2021-09-07,58.0,83.0,0.0012903225806451613,0.0,31,0,0,25.0,-5.0,61.0
2021-09-08,64.0,85.0,0.08354838709677419,0.0,31,0,0,21.0,6.0,61.666666666666664
2021-09-09,60.0,75.0,0.8096969696969697,0.0,33,0,0,15.0,-4.0,60.666666666666664
2021-09-10,54.0,72.0,0.0012903225806451613,0.0,31,0,0,18.0,-6.0,59.333333333333336
2021-09-11,53.0,76.0,0.0,0.0,29,0,0,23.0,-1.0,55.666666666666664
2021-09-12,59.0,84.0,0.0,0.0,30,0,0,25.0,6.0,55.333333333333336
2021-09-13,65.0,83.0,0.0034375,0.0,33,0,0,18.0,6.0,59.0
2021-09-14,66.0,83.0,0.0,0.0,31,0,0,17.0,1.0,63.333333333333336
2021-09-15,67.0,87.0,0.01032258064516129,0.0,31,0,0,20.0,1.0,66.0
2021-09-16,66.0,77.0,0.14806451612903226,0.0,31,0,0,11.0,-1.0,66.33333333333333
2021-09-17,68.0,76.0,0.6678787878787878,0.0,33,0,0,8.0,2.0,67.0
2021-09-18,67.0,83.0,0.02620689655172414,0.0,29,0,0,16.0,-1.0,67.0
2021-09-19,60.0,75.0,0.005,0.0,29,0,0,15.0,-7.0,65.0
2021-09-20,58.0,76.0,0.0006666666666666666,0.0,30,0,0,18.0,-2.0,61.666666666666664
2021-09-21,60.0,75.0,0.0,0.0,30,0,0,15.0,2.0,59.333333333333336
2021-09-22,67.0,74.0,0.06666666666666667,0.0,31,0,0,7.0,7.0,61.666666666666664
2021-09-23,56.0,71.0,2.2045454545454546,0.0,33,0,0,15.0,-11.0,61.0
2021-09-24,48.0,70.0,0.2932258064516129,0.0,32,0,0,22.0,-8.0,57.0
2021-09-25,49.0,72.0,0.000967741935483871,0.0,31,0,0,23.0,1.0,51.0
2021-09-26,52.0,70.0,0.0,0.0,29,0,0,18.0,3.0,49.666666666666664
2021-09-27,52.0,78.0,0.0,0.0,30,0,0,26.0,0.0,51.0
2021-09-28,58.0,74.0,0.0,0.0,30,0,0,16.0,6.0,54.0
2021-09-29,53.0,67.0,0.0065625,0.0,32,0,0,14.0,-5.0,54.333333333333336
2021-09-30,48.0,69.0,0.0,0.0,30,0,0,21.0,-5.0,53.0
2021-10-01,46.0,67.0,0.0,0.0,30,0,0,21.0,-2.0,49.0
2021-10-02,51.0,75.0,0.0014814814814814814,0.0,28,0,0,24.0,5.0,48.333333333333336
2021-10-03,58.0,82.0,0.0,0.0,27,0,0,24.0,7.0,51.666666666666664
2021-10-04,65.0,79.0,0.006896551724137932,0.0,29,0,0,14.0,7.0,58.0
2021-10-05,62.0,76.0,0.05903225806451613,0.0,31,0,0,14.0,-3.0,61.666666666666664
2021-10-06,63.0,67.0,0.03333333333333333,0.0,30,0,0,4.0,1.0,63.333333333333336
2021-10-07,61.0,73.0,0.014074074074074074,0.0,27,0,0,12.0,-2.0,62.0
2021-10-08,60.0,69.0,0.0,0.0,29,0,0,9.0,-1.0,61.333333333333336
2021-10-09,60.0,69.0,0.00035714285714285714,0.0,28,0,0,9.0,0.0,60.333333333333336
2021-10-10,61.0,67.0,0.005357142857142857,0.0,28,0,0,6.0,1.0,60.333333333333336
2021-10-11,59.0,64.0,0.013928571428571429,0.0,31,0,0,5.0,-2.0,60.0
2021-10-12,59.0,67.0,0.002413793103448276,0.0,30,0,0,8.0,0.0,59.666666666666664
2021-10-13,61.0,71.0,0.015000000000000001,0.0,30,0,0,10.0,2.0,59.666666666666664
2021-10-14,60.0,74.0,0.0011538461538461537,0.0,26,0,0,14.0,-1.0,60.0
2021-10-15,59.0,80.0,0.0,0.0,27,0,0,21.0,-1.0,60.0
2021-10-16,52.0,75.0,0.021481481481481483,0.0,28,0,0,23.0,-7.0,57.0
2021-10-17,47.0,60.0,0.3292857142857143,0.0,29,0,0,13.0,-5.0,52.666666666666664
2021-10-18,43.0,63.0,0.0007407407407407407,0.0,27,0,0,20.0,-4.0,47.333333333333336
2021-10-19,41.0,69.0,0.0,0.0,28,0,0,28.0,-2.0,43.666666666666664
2021-10-20,50.0,72.0,0.0,0.0,29,0,0,22.0,9.0,44.666666666666664
2021-10-21,49.0,75.0,0.0,0.0,28,0,0,26.0,-1.0,46.666666666666664
2021-10-22,54.0,66.0,0.0,0.0,27,0,0,12.0,5.0,51.0
2021-10-23,49.0,61.0,0.003703703703703704,0.0,27,0,0,12.0,-5.0,50.666666666666664
2021-10-24,45.0,64.0,0.008461538461538461,0.0,26,0,0,19.0,-4.0,49.333333333333336
2021-10-25,55.0,76.0,0.05964285714285714,0.0,30,0,0,21.0,10.0,49.666666666666664
2021-10-26,46.0,60.0,1.657,0.0,30,0,0,14.0,-9.0,48.666666666666664
2021-10-27,46.0,66.0,0.01892857142857143,0.0,28,0,0,20.0,0.0,49.0
2021-10-28,44.0,63.0,0.0,0.0,27,0,0,19.0,-2.0,45.333333333333336
2021-10-29,52.0,56.0,0.29133333333333333,0.0,30,0,0,4.0,8.0,47.333333333333336
2021-10-30,50.0,60.0,1.4203333333333332,0.0,31,0,0,10.0,-2.0,48.666666666666664
2021-10-31,48.0,63.0,0.009999999999999998,0.0,29,0,0,15.0,-2.0,50.0
2021-11-01,43.0,56.0,0.0016129032258064516,0.0,31,0,0,13.0,-5.0,47.0
2021-11-02,38.0,45.0,0.017586206896551725,0.0,30,0,0,7.0,-5.0,43.0
2021-11-03,31.0,48.0,0.13774193548387098,0.0,31,1,1,17.0,-7.0,37.333333333333336
2021-11-04,30.0,48.0,0.0003448275862068966,0.0,30,1,1,18.0,-1.0,33.0
2021-11-05,30.0,49.0,0.0,0.0,30,1,1,19.0,0.0,30.333333333333332
2021-11-06,28.0,52.0,0.0,0.0,30,1,1,24.0,-2.0,29.333333333333332
2021-11-07,31.0,53.0,0.0,0.0,30,1,1,22.0,3.0,29.666666666666668
2021-11-08,39.0,64.0,0.0003448275862068966,0.0,29,0,0,25.0,8.0,32.666666666666664
2021-11-09,44.0,70.0,0.0,0.0,29,0,0,26.0,5.0,38.0
2021-11-10,51.0,66.0,0.009333333333333334,0.0,31,0,0,15.0,7.0,44.666666666666664
2021-11-11,46.0,66.0,0.0003333333333333333,0.0,30,0,0,20.0,-5.0,47.0
2021-11-12,46.0,60.0,0.5864516129032258,0.0,31,0,0,14.0,0.0,47.666666666666664
2021-11-13,36.0,48.0,0.07172413793103448,0.0,29,0,0,12.0,-10.0,42.666666666666664
2021-11-14,30.0,45.0,0.015,0.0,28,1,1,15.0,-6.0,37.333333333333336
2021-11-15,35.0,46.0,0.0007692307692307692,0.0,27,0,0,11.0,5.0,33.666666666666664
2021-11-16,29.0,50.0,0.0,0.0,27,1,1,21.0,-6.0,31.333333333333332
2021-11-17,36.0,60.0,0.0,0.0,27,0,0,24.0,7.0,33.333333333333336
2021-11-18,44.0,70.0,0.00923076923076923,0.0,26,0,0,26.0,8.0,36.333333333333336
2021-11-19,31.0,44.0,0.06607142857142857,0.0,29,1,1,13.0,-13.0,37.0
2021-11-20,26.0,44.0,0.0,0.0,27,1,1,18.0,-5.0,33.666666666666664
2021-11-21,34.0,48.0,0.00037037037037037035,0.0,27,0,0,14.0,8.0,30.333333333333332
2021-11-22,32.0,47.0,0.0803448275862069,0.0,29,1,1,15.0,-2.0,30.666666666666668
2021-11-23,26.0,40.0,0.004074074074074074,0.0,27,1,1,14.0,-6.0,30.666666666666668
2021-11-24,24.0,44.0,0.0,0.0,29,1,1,20.0,-2.0,27.333333333333332
2021-11-25,31.0,55.0,0.0,0.0,28,1,1,24.0,7.0,27.0
2021-11-26,32.0,49.0,0.0496551724137931,0.0,29,1,1,17.0,1.0,29.0
2021-11-27,30.0,38.0,0.001851851851851852,0.0,27,1,1,8.0,-2.0,31.0
2021-11-28,30.0,52.0,0.0,0.0,28,1,1,22.0,0.0,30.666666666666668
2021-11-29,28.0,41.0,0.0,0.0,29,1,1,13.0,-2.0,29.333333333333332
2021-11-30,28.0,46.0,0.0,0.0,29,1,1,18.0,0.0,28.666666666666668
2021-12-01,32.0,54.0,0.0,0.0,31,1,1,22.0,4.0,29.333333333333332
2021-12-02,44.0,62.0,0.0,0.0,31,0,0,18.0,12.0,34.666666666666664
2021-12-03,36.0,57.0,0.0,0.0,30,0,0,21.0,-8.0,37.333333333333336
2021-12-04,42.0,54.0,0.0,0.0,29,0,0,12.0,6.0,40.666666666666664
2021-12-05,35.0,47.0,0.0,0.0,28,0,0,12.0,-7.0,37.666666666666664
2021-12-06,40.0,64.0,0.0003448275862068966,0.0,29,0,0,24.0,5.0,39.0
2021-12-07,29.0,40.0,0.004482758620689655,0.0,29,1,1,11.0,-11.0,34.666666666666664
2021-12-08,31.0,39.0,0.0003448275862068966,0.0,29,1,1,8.0,2.0,33.333333333333336
2021-12-09,24.0,39.0,0.0,0.0,30,1,1,15.0,-7.0,28.0
2021-12-10,34.0,48.0,0.0,0.0,26,0,0,14.0,10.0,29.666666666666668
2021-12-11,43.0,64.0,0.018620689655172416,0.0,29,0,0,21.0,9.0,33.666666666666664
2021-12-12,35.0,48.0,0.09586206896551723,0.0,30,0,0,13.0,-8.0,37.333333333333336
2021-12-13,29.0,52.0,0.0,0.0,28,1,1,23.0,-6.0,35.666666666666664
2021-12-14,36.0,54.0,0.0,0.0,27,0,0,18.0,7.0,33.333333333333336
2021-12-15,33.0,54.0,0.0,0.0,27,0,0,21.0,-3.0,32.666666666666664
2021-12-16,44.0,63.0,0.0,0.0,25,0,0,19.0,11.0,37.666666666666664
2021-12-17,49.0,59.0,0.0,0.0,26,0,0,10.0,5.0,42.0
2021-12-18,40.0,50.0,0.00923076923076923,0.0,26,0,0,10.0,-9.0,44.333333333333336
2021-12-19,29.0,51.0,0.006153846153846154,0.0,26,1,1,22.0,-11.0,39.333333333333336
2021-12-20,22.0,38.0,0.0,0.0,27,1,1,16.0,-7.0,30.333333333333332
2021-12-21,25.0,41.0,0.0,0.0,25,1,1,16.0,3.0,25.333333333333332
2021-12-22,29.0,44.0,0.013846153846153845,0.0,26,1,1,15.0,4.0,25.333333333333332
2021-12-23,24.0,36.0,0.0,0.0,23,1,1,12.0,-5.0,26.0
2021-12-24,32.0,53.0,0.0,0.0,23,1,1,21.0,8.0,28.333333333333332
2021-12-25,43.0,64.0,0.03565217391304348,0.0,23,0,0,21.0,11.0,33.0
2021-12-26,40.0,55.0,0.3044,0.0,25,0,0,15.0,-3.0,38.333333333333336
2021-12-27,34.0,40.0,0.0016666666666666668,0.0,25,0,0,6.0,-6.0,39.0
2021-12-28,34.0,50.0,0.0075,0.0,24,0,0,16.0,0.0,36.0
2021-12-29,41.0,54.0,0.006666666666666667,0.0,24,0,0,13.0,7.0,36.333333333333336
2021-12-30,44.0,50.0,0.25,0.0,24,0,0,6.0,3.0,39.666666666666664
2021-12-31,47.0,55.0,0.04125,0.0,24,0,0,8.0,3.0,44.0
2022-01-01,50.0,56.0,0.14400000000000002,0.0,27,0,0,6.0,3.0,47.0
2022-01-02,42.0,58.0,0.9125,0.0,30,0,0,16.0,-8.0,46.333333333333336
2022-01-03,24.0,42.0,0.283448275862069,1.047826086956522,30,1,1,18.0,-18.0,38.666666666666664
2022-01-04,18.0,32.0,0.35892857142857143,2.890909090909091,29,1,0,14.0,-6.0,28.0
2022-01-05,24.0,36.0,0.0,0.0,31,1,1,12.0,6.0,22.0
2022-01-06,30.0,39.0,0.0,0.0,31,1,1,9.0,6.0,24.0
2022-01-07,20.0,30.0,0.2238709677419355,3.8423076923076924,31,1,0,10.0,-10.0,24.666666666666668
2022-01-08,14.0,29.0,0.01,0.17142857142857143,28,1,0,15.0,-6.0,21.333333333333332
2022-01-09,25.0,41.0,0.01689655172413793,0.0,29,1,1,16.0,11.0,19.666666666666668
2022-01-10,23.0,40.0,0.3593103448275862,0.0,29,1,1,17.0,-2.0,20.666666666666668
2022-01-11,15.0,23.0,0.0,0.0,30,1,0,8.0,-8.0,21.0
2022-01-12,17.0,43.0,0.0,0.0,30,1,1,26.0,2.0,18.333333333333332
2022-01-13,30.0,47.0,0.0,0.0,30,1,1,17.0,13.0,20.666666666666668
2022-01-14,30.0,42.0,0.0,0.0,29,1,1,12.0,0.0,25.666666666666668
2022-01-15,14.0,32.0,0.0,0.0,30,1,0,18.0,-16.0,24.666666666666668
2022-01-16,8.0,33.0,0.06137931034482758,0.25517241379310346,29,1,1,25.0,-6.0,17.333333333333332
2022-01-17,29.0,40.0,1.0372413793103448,2.2772727272727273,30,1,1,11.0,21.0,17.0
2022-01-18,26.0,34.0,0.0006896551724137932,0.016,29,1,1,8.0,-3.0,21.0
2022-01-19,25.0,46.0,0.0014814814814814814,0.0,27,1,1,21.0,-1.0,26.666666666666668
2022-01-20,23.0,43.0,0.3613793103448276,0.01,29,1,1,20.0,-2.0,24.666666666666668
2022-01-21,10.0,23.0,0.12862068965517243,0.0,29,1,0,13.0,-13.0,19.333333333333332
2022-01-22,9.0,26.0,0.0,0.0,27,1,0,17.0,-1.0,14.0
2022-01-23,17.0,34.0,0.0,0.0,28,1,1,17.0,8.0,12.0
2022-01-24,24.0,37.0,0.0,0.0,28,1,1,13.0,7.0,16.666666666666668
2022-01-25,24.0,44.0,0.0,0.0,27,1,1,20.0,0.0,21.666666666666668
2022-01-26,14.0,28.0,0.0,0.0,28,1,0,14.0,-10.0,20.666666666666668
2022-01-27,11.0,32.0,0.0,0.0,28,1,0,21.0,-3.0,16.333333333333332
2022-01-28,27.0,36.0,0.005,0.04615384615384615,26,1,1,9.0,16.0,17.333333333333332
2022-01-29,16.0,28.0,0.09222222222222223,0.5782608695652174,27,1,0,12.0,-11.0,18.0
2022-01-30,12.0,26.0,0.0,0.0,27,1,0,14.0,-4.0,18.333333333333332
2022-01-31,18.0,33.0,0.0,0.0,28,1,1,15.0,6.0,15.333333333333334
2022-02-01,18.0,39.0,0.0,0.0,29,1,1,21.0,0.0,16.0
2022-02-02,27.0,46.0,0.00035714285714285714,0.0,29,1,1,19.0,9.0,21.0
2022-02-03,38.0,50.0,0.31766666666666665,0.0,30,0,0,12.0,11.0,27.666666666666668
2022-02-04,30.0,58.0,0.5843333333333334,0.0,31,1,1,28.0,-8.0,31.666666666666668
2022-02-05,20.0,30.0,0.39366666666666666,0.0,30,1,0,10.0,-10.0,29.333333333333332
2022-02-06,15.0,33.0,0.0,0.0,29,1,1,18.0,-5.0,21.666666666666668
2022-02-07,23.0,40.0,0.0,0.0,28,1,1,17.0,8.0,19.333333333333332
2022-02-08,27.0,40.0,0.023448275862068966,0.0,29,1,1,13.0,4.0,21.666666666666668
2022-02-09,26.0,52.0,0.0,0.0,27,1,1,26.0,-1.0,25.333333333333332
2022-02-10,35.0,54.0,0.0,0.0,28,0,0,19.0,9.0,29.333333333333332
2022-02-11,34.0,62.0,0.0,0.0,29,0,0,28.0,-1.0,31.666666666666668
2022-02-12,42.0,57.0,0.0,0.0,29,0,0,15.0,8.0,37.0
2022-02-13,22.0,42.0,0.19,0.985,26,1,1,20.0,-20.0,32.666666666666664
2022-02-14,19.0,26.0,0.031538461538461536,0.18421052631578946,28,1,0,7.0,-3.0,27.666666666666668
2022-02-15,13.0,34.0,0.0,0.0,28,1,1,21.0,-6.0,18.0
2022-02-16,24.0,48.0,0.0,0.0,29,1,1,24.0,11.0,18.666666666666668
2022-02-17,43.0,64.0,0.00035714285714285714,0.0,29,0,0,21.0,19.0,26.666666666666668
2022-02-18,27.0,64.0,0.05333333333333334,0.0,30,1,1,37.0,-16.0,31.333333333333332
2022-02-19,22.0,43.0,0.003928571428571429,0.0,28,1,1,21.0,-5.0,30.666666666666668
2022-02-20,14.0,38.0,0.0,0.0,27,1,1,24.0,-8.0,21.0
2022-02-21,29.0,62.0,0.0,0.0,26,1,1,33.0,15.0,21.666666666666668
2022-02-22,42.0,62.0,0.008888888888888889,0.0,28,0,0,20.0,13.0,28.333333333333332
2022-02-23,37.0,70.0,0.069,0.0,30,0,0,33.0,-5.0,36.0
2022-02-24,30.0,37.0,0.017777777777777778,0.0,27,1,1,7.0,-7.0,36.333333333333336
2022-02-25,30.0,51.0,0.6127586206896551,0.0,29,1,1,21.0,0.0,32.333333333333336
2022-02-26,28.0,39.0,0.05758620689655172,0.0,30,1,1,11.0,-2.0,29.333333333333332
2022-02-27,28.0,50.0,0.0,0.0,27,1,1,22.0,0.0,28.666666666666668
2022-02-28,32.0,43.0,0.0,0.0,27,1,1,11.0,4.0,29.333333333333332
2022-03-01,29.0,51.0,0.0,0.0,29,1,1,22.0,-3.0,29.666666666666668
2022-03-02,36.0,57.0,0.0,0.0,30,0,0,21.0,7.0,32.333333333333336
2022-03-03,32.0,54.0,0.0,0.0,28,1,1,22.0,-4.0,32.333333333333336
2022-03-04,19.0,41.0,0.0,0.0,29,1,1,22.0,-13.0,29.0
2022-03-05,30.0,58.0,0.0,0.0,30,1,1,28.0,11.0,27.0
2022-03-06,44.0,73.0,0.0,0.0,30,0,0,29.0,14.0,31.0
2022-03-07,55.0,72.0,0.012,0.0,30,0,0,17.0,11.0,43.0
2022-03-08,38.0,55.0,0.024193548387096774,0.0,31,0,0,17.0,-17.0,45.666666666666664
2022-03-09,35.0,40.0,0.19290322580645164,0.0,31,0,0,5.0,-3.0,42.666666666666664
2022-03-10,29.0,46.0,0.31225806451612903,0.0,31,1,1,17.0,-6.0,34.0
2022-03-11,33.0,59.0,0.0,0.0,30,0,0,26.0,4.0,32.333333333333336
2022-03-12,18.0,45.0,0.3196428571428571,0.7,28,1,1,27.0,-15.0,26.666666666666668
2022-03-13,15.0,37.0,0.29703703703703704,2.2181818181818183,29,1,1,22.0,-3.0,22.0
2022-03-14,30.0,58.0,0.0,0.0,31,1,1,28.0,15.0,21.0
2022-03-15,39.0,69.0,0.0,0.0,31,0,0,30.0,9.0,28.0
2022-03-16,45.0,70.0,0.0,0.0,27,0,0,25.0,6.0,38.0
2022-03-17,46.0,57.0,0.067,0.0,30,0,0,11.0,1.0,43.333333333333336
2022-03-18,47.0,73.0,0.035,0.0,30,0,0,26.0,1.0,46.0
2022-03-19,55.0,72.0,0.0,0.0,30,0,0,17.0,8.0,49.333333333333336
2022-03-20,44.0,61.0,0.0,0.0,30,0,0,17.0,-11.0,48.666666666666664
2022-03-21,39.0,66.0,0.0,0.0,30,0,0,27.0,-5.0,46.0
2022-03-22,46.0,63.0,0.0,0.0,29,0,0,17.0,7.0,43.0
2022-03-23,44.0,50.0,0.021666666666666664,0.0,30,0,0,6.0,-2.0,43.0
2022-03-24,43.0,52.0,0.42677419354838714,0.0,31,0,0,9.0,-1.0,44.333333333333336
2022-03-25,39.0,57.0,0.3164516129032258,0.0,31,0,0,18.0,-4.0,42.0
2022-03-26,37.0,48.0,0.0014285714285714286,0.0,28,0,0,11.0,-2.0,39.666666666666664
2022-03-27,28.0,40.0,0.010333333333333333,0.0,30,1,1,12.0,-9.0,34.666666666666664
2022-03-28,23.0,33.0,0.0,0.0,29,1,1,10.0,-5.0,29.333333333333332
2022-03-29,19.0,42.0,0.0,0.0,30,1,1,23.0,-4.0,23.333333333333332
2022-03-30,29.0,57.0,0.0012903225806451613,0.0,31,1,1,28.0,10.0,23.666666666666668
2022-03-31,46.0,71.0,0.011666666666666667,0.0,31,0,0,25.0,17.0,31.333333333333332
2022-04-01,40.0,62.0,0.4910344827586207,0.0,29,0,0,22.0,-6.0,38.333333333333336
2022-04-02,33.0,54.0,0.003928571428571429,0.0,29,0,0,21.0,-7.0,39.666666666666664
2022-04-03,40.0,55.0,0.0006896551724137932,0.0,29,0,0,15.0,7.0,37.666666666666664
2022-04-04,30.0,51.0,0.0,0.0,30,1,1,21.0,-10.0,34.333333333333336
2022-04-05,41.0,53.0,0.03133333333333333,0.0,30,0,0,12.0,11.0,37.0
2022-04-06,47.0,58.0,1.26375,0.0,32,0,0,11.0,6.0,39.333333333333336
2022-04-07,45.0,53.0,0.21600000000000003,0.0,32,0,0,8.0,-2.0,44.333333333333336
2022-04-08,38.0,61.0,0.4180645161290323,0.0,31,0,0,23.0,-7.0,43.333333333333336
2022-04-09,39.0,52.0,0.10400000000000001,0.0,30,0,0,13.0,1.0,40.666666666666664
2022-04-10,37.0,49.0,0.004333333333333333,0.0,30,0,0,12.0,-2.0,38.0
2022-04-11,32.0,64.0,0.0,0.0,29,1,1,32.0,-5.0,36.0
2022-04-12,48.0,74.0,0.0,0.0,28,0,0,26.0,16.0,39.0
2022-04-13,54.0,84.0,0.0,0.0,27,0,0,30.0,6.0,44.666666666666664
2022-04-14,54.0,80.0,0.006000000000000001,0.0,25,0,0,26.0,0.0,52.0
2022-04-15,42.0,70.0,0.02923076923076923,0.0,26,0,0,28.0,-12.0,50.0
2022-04-16,55.0,74.0,0.0,0.0,27,0,0,19.0,13.0,50.333333333333336
2022-04-17,42.0,57.0,0.03,0.0,29,0,0,15.0,-13.0,46.333333333333336
2022-04-18,35.0,43.0,0.04310344827586207,0.0,29,0,0,8.0,-7.0,44.0
2022-04-19,34.0,48.0,0.7736666666666667,0.0,30,0,0,14.0,-1.0,37.0
2022-04-20,32.0,57.0,0.0033333333333333335,0.0,30,1,1,25.0,-2.0,33.666666666666664
2022-04-21,42.0,64.0,0.001851851851851852,0.0,27,0,0,22.0,10.0,36.0
2022-04-22,48.0,72.0,0.005,0.0,29,0,0,24.0,6.0,40.666666666666664
2022-04-23,48.0,76.0,0.0,0.0,27,0,0,28.0,0.0,46.0
2022-04-24,48.0,81.0,0.0,0.0,28,0,0,33.0,0.0,48.0
2022-04-25,49.0,67.0,0.0,0.0,28,0,0,18.0,1.0,48.333333333333336
2022-04-26,52.0,63.0,0.007037037037037037,0.0,28,0,0,11.0,3.0,49.666666666666664
2022-04-27,41.0,57.0,0.114,0.0,31,0,0,16.0,-11.0,47.333333333333336
2022-04-28,34.0,56.0,0.0,0.0,30,0,0,22.0,-7.0,42.333333333333336
2022-04-29,32.0,62.0,0.0,0.0,31,1,1,30.0,-2.0,35.666666666666664
2022-04-30,39.0,66.0,0.0,0.0,28,0,0,27.0,7.0,35.0
2022-05-01,48.0,61.0,0.014333333333333335,0.0,30,0,0,13.0,9.0,39.666666666666664
2022-05-02,47.0,76.0,0.23323529411764704,0.0,34,0,0,29.0,-1.0,44.666666666666664
2022-05-03,52.0,69.0,0.007941176470588236,0.0,34,0,0,17.0,5.0,49.0
2022-05-04,54.0,71.0,0.8723529411764706,0.0,34,0,0,17.0,2.0,51.0
2022-05-05,54.0,64.0,0.06272727272727273,0.0,34,0,0,10.0,0.0,53.333333333333336
2022-05-06,52.0,57.0,0.1932258064516129,0.0,31,0,0,5.0,-2.0,53.333333333333336
2022-05-07,42.0,52.0,1.6913333333333334,0.0,31,0,0,10.0,-10.0,49.333333333333336
2022-05-08,40.0,55.0,0.3419354838709677,0.0,32,0,0,15.0,-2.0,44.666666666666664
2022-05-09,37.0,67.0,0.0026666666666666666,0.0,33,0,0,30.0,-3.0,39.666666666666664
2022-05-10,45.0,71.0,0.0,0.0,33,0,0,26.0,8.0,40.666666666666664
2022-05-11,46.0,72.0,0.0,0.0,32,0,0,26.0,1.0,42.666666666666664
2022-05-12,53.0,72.0,0.0,0.0,32,0,0,19.0,7.0,48.0
2022-05-13,60.0,70.0,0.1457142857142857,0.0,35,0,0,10.0,7.0,53.0
2022-05-14,63.0,69.0,0.10290322580645161,0.0,31,0,0,6.0,3.0,58.666666666666664
2022-05-15,61.0,81.0,0.029666666666666668,0.0,31,0,0,20.0,-2.0,61.333333333333336
2022-05-16,61.0,77.0,0.12741935483870967,0.0,31,0,0,16.0,0.0,61.666666666666664
2022-05-17,52.0,79.0,0.1778125,0.0,35,0,0,27.0,-9.0,58.0
2022-05-18,48.0,70.0,0.0029032258064516127,0.0,31,0,0,22.0,-4.0,53.666666666666664
2022-05-19,56.0,80.0,0.17941176470588235,0.0,34,0,0,24.0,8.0,52.0
2022-05-20,62.0,84.0,0.007666666666666667,0.0,31,0,0,22.0,6.0,55.333333333333336
2022-05-21,67.0,90.0,0.0,0.0,31,0,0,23.0,5.0,61.666666666666664
2022-05-22,68.0,89.0,0.24482758620689654,0.0,29,0,0,21.0,1.0,65.66666666666667
2022-05-23,56.0,68.0,1.4351612903225808,0.0,32,0,0,12.0,-12.0,63.666666666666664
2022-05-24,53.0,60.0,0.23161290322580644,0.0,31,0,0,7.0,-3.0,59.0
2022-05-25,53.0,69.0,0.06999999999999999,0.0,32,0,0,16.0,0.0,54.0
2022-05-26,55.0,68.0,0.0007142857142857143,0.0,28,0,0,13.0,2.0,53.666666666666664
2022-05-27,62.0,70.0,0.08275862068965517,0.0,30,0,0,8.0,7.0,56.666666666666664
2022-05-28,58.0,73.0,0.6081818181818182,0.0,33,0,0,15.0,-4.0,58.333333333333336
2022-05-29,55.0,80.0,0.004333333333333333,0.0,30,0,0,25.0,-3.0,58.333333333333336
2022-05-30,62.0,88.0,0.0,0.0,31,0,0,26.0,7.0,58.333333333333336
2022-05-31,65.0,91.0,0.0,0.0,32,0,0,26.0,3.0,60.666666666666664
2022-06-01,67.0,89.0,0.0,0.0,31,0,0,22.0,2.0,64.66666666666667
2022-06-02,67.0,83.0,0.0228125,0.0,32,0,0,16.0,0.0,66.33333333333333
2022-06-03,62.0,75.0,0.8530303030303031,0.0,33,0,0,13.0,-5.0,65.33333333333333
2022-06-04,55.0,81.0,0.0,0.0,31,0,0,26.0,-7.0,61.333333333333336
2022-06-05,55.0,76.0,0.0,0.0,31,0,0,21.0,0.0,57.333333333333336
2022-06-06,55.0,80.0,0.0,0.0,32,0,0,25.0,0.0,55.0
2022-06-07,59.0,74.0,0.007419354838709678,0.0,31,0,0,15.0,4.0,56.333333333333336
2022-06-08,63.0,83.0,0.17666666666666667,0.0,33,0,0,20.0,4.0,59.0
2022-06-09,64.0,75.0,1.186470588235294,0.0,34,0,0,11.0,1.0,62.0
2022-06-10,53.0,77.0,0.021333333333333333,0.0,30,0,0,24.0,-11.0,60.0
2022-06-11,60.0,69.0,0.04911764705882353,0.0,34,0,0,9.0,7.0,59.0
2022-06-12,61.0,80.0,0.08411764705882352,0.0,34,0,0,19.0,1.0,58.0
2022-06-13,68.0,87.0,0.0059375,0.0,32,0,0,19.0,7.0,63.0
2022-06-14,69.0,76.0,0.1075,0.0,32,0,0,7.0,1.0,66.0
2022-06-15,64.0,87.0,0.021724137931034483,0.0,30,0,0,23.0,-5.0,67.0
2022-06-16,70.0,84.0,0.014242424242424244,0.0,33,0,0,14.0,6.0,67.66666666666667
2022-06-17,62.0,91.0,0.014193548387096775,0.0,31,0,0,29.0,-8.0,65.33333333333333
2022-06-18,62.0,77.0,0.0,0.0,30,0,0,15.0,0.0,64.66666666666667
2022-06-19,49.0,74.0,0.0,0.0,31,0,0,25.0,-13.0,57.666666666666664
2022-06-20,50.0,77.0,0.0,0.0,32,0,0,27.0,1.0,53.666666666666664
2022-06-21,58.0,81.0,0.0,0.0,29,0,0,23.0,8.0,52.333333333333336
2022-06-22,66.0,84.0,0.04454545454545455,0.0,33,0,0,18.0,8.0,58.0
2022-06-23,63.0,67.0,1.401142857142857,0.0,35,0,0,4.0,-3.0,62.333333333333336
2022-06-24,59.0,79.0,0.06705882352941177,0.0,34,0,0,20.0,-4.0,62.666666666666664
2022-06-25,63.0,85.0,0.0,0.0,30,0,0,22.0,4.0,61.666666666666664
2022-06-26,68.0,87.0,0.0006666666666666666,0.0,31,0,0,19.0,5.0,63.333333333333336
2022-06-27,67.0,78.0,0.09066666666666667,0.0,30,0,0,11.0,-1.0,66.0
2022-06-28,55.0,76.0,0.021724137931034483,0.0,30,0,0,21.0,-12.0,63.333333333333336
2022-06-29,60.0,84.0,0.0,0.0,31,0,0,24.0,5.0,60.666666666666664
2022-06-30,62.0,88.0,0.0,0.0,30,0,0,26.0,2.0,59.0
2022-07-01,68.0,88.0,0.0035714285714285718,0.0,28,0,0,20.0,6.0,63.333333333333336
2022-07-02,70.0,87.0,0.14193548387096774,0.0,31,0,0,17.0,2.0,66.66666666666667
2022-07-03,67.0,85.0,1.6617241379310344,0.0,30,0,0,18.0,-3.0,68.33333333333333
2022-07-04,59.0,85.0,0.00035714285714285714,0.0,29,0,0,26.0,-8.0,65.33333333333333
2022-07-05,66.0,81.0,0.004333333333333333,0.0,30,0,0,15.0,7.0,64.0
2022-07-06,68.0,88.0,0.09419354838709677,0.0,31,0,0,20.0,2.0,64.33333333333333
2022-07-07,67.0,77.0,0.618125,0.0,33,0,0,10.0,-1.0,67.0
2022-07-08,67.0,82.0,0.007586206896551724,0.0,29,0,0,15.0,0.0,67.33333333333333
2022-07-09,66.0,75.0,1.2993548387096774,0.0,31,0,0,9.0,-1.0,66.66666666666667
2022-07-10,62.0,79.0,0.315625,0.0,34,0,0,17.0,-4.0,65.0
2022-07-11,60.0,83.0,0.0003225806451612903,0.0,31,0,0,23.0,-2.0,62.666666666666664
2022-07-12,64.0,89.0,0.00375,0.0,32,0,0,25.0,4.0,62.0
2022-07-13,65.0,87.0,0.44060606060606056,0.0,33,0,0,22.0,1.0,63.0
2022-07-14,64.0,84.0,0.1774193548387097,0.0,31,0,0,20.0,-1.0,64.33333333333333
2022-07-15,65.0,84.0,0.008333333333333333,0.0,30,0,0,19.0,1.0,64.66666666666667
2022-07-16,67.0,78.0,0.0013333333333333333,0.0,30,0,0,11.0,2.0,65.33333333333333
2022-07-17,66.0,80.0,0.05709677419354839,0.0,31,0,0,14.0,-1.0,66.0
2022-07-18,70.0,89.0,0.05233333333333333,0.0,30,0,0,19.0,4.0,67.66666666666667
2022-07-19,68.0,87.0,0.389375,0.0,32,0,0,19.0,-2.0,68.0
2022-07-20,67.0,91.0,0.0006666666666666666,0.0,30,0,0,24.0,-1.0,68.33333333333333
2022-07-21,74.0,91.0,0.0,0.0,28,0,0,17.0,7.0,69.66666666666667
2022-07-22,69.0,92.0,0.009666666666666667,0.0,31,0,0,23.0,-5.0,70.0
2022-07-23,69.0,93.0,0.0,0.0,29,0,0,24.0,0.0,70.66666666666667
2022-07-24,66.0,95.0,0.0010714285714285715,0.0,29,0,0,29.0,-3.0,68.0
2022-07-25,74.0,85.0,0.0,0.0,29,0,0,11.0,8.0,69.66666666666667
2022-07-26,69.0,74.0,0.24766666666666667,0.0,30,0,0,5.0,-5.0,69.66666666666667
2022-07-27,66.0,86.0,0.019310344827586208,0.0,30,0,0,20.0,-3.0,69.66666666666667
2022-07-28,70.0,89.0,0.0032,0.0,25,0,0,19.0,4.0,68.33333333333333
2022-07-29,67.0,81.0,0.31857142857142856,0.0,29,0,0,14.0,-3.0,67.66666666666667
2022-07-30,65.0,84.0,0.2286206896551724,0.0,30,0,0,19.0,-2.0,67.33333333333333
2022-07-31,64.0,81.0,0.0737037037037037,0.0,27,0,0,17.0,-1.0,65.33333333333333
2022-08-01,66.0,82.0,0.35161290322580646,0.0,32,0,0,16.0,2.0,65.0
2022-08-02,68.0,87.0,0.0832258064516129,0.0,31,0,0,19.0,2.0,66.0
2022-08-03,66.0,88.0,0.005555555555555557,0.0,28,0,0,22.0,-2.0,66.66666666666667
2022-08-04,70.0,93.0,0.028571428571428574,0.0,28,0,0,23.0,4.0,68.0
2022-08-05,68.0,86.0,0.7809375,0.0,32,0,0,18.0,-2.0,68.0
2022-08-06,68.0,87.0,0.16032258064516128,0.0,31,0,0,19.0,0.0,68.66666666666667
2022-08-07,70.0,88.0,0.00035714285714285714,0.0,28,0,0,18.0,2.0,68.66666666666667
2022-08-08,72.0,91.0,0.005185185185185186,0.0,27,0,0,19.0,2.0,70.0
2022-08-09,71.0,93.0,0.004137931034482759,0.0,30,0,0,22.0,-1.0,71.0
2022-08-10,70.0,88.0,0.010000000000000002,0.0,31,0,0,18.0,-1.0,71.0
2022-08-11,68.0,83.0,0.8803225806451612,0.0,31,0,0,15.0,-2.0,69.66666666666667
2022-08-12,62.0,79.0,0.09200000000000001,0.0,31,0,0,17.0,-6.0,66.66666666666667
2022-08-13,55.0,80.0,0.0007142857142857143,0.0,28,0,0,25.0,-7.0,61.666666666666664
2022-08-14,60.0,80.0,0.003928571428571429,0.0,28,0,0,20.0,5.0,59.0
2022-08-15,61.0,71.0,0.17344827586206898,0.0,29,0,0,10.0,1.0,58.666666666666664
2022-08-16,61.0,78.0,0.02851851851851852,0.0,29,0,0,17.0,0.0,60.666666666666664
2022-08-17,58.0,81.0,0.0067857142857142855,0.0,28,0,0,23.0,-3.0,60.0
2022-08-18,57.0,82.0,0.054642857142857146,0.0,28,0,0,25.0,-1.0,58.666666666666664
2022-08-19,62.0,87.0,0.012307692307692308,0.0,26,0,0,25.0,5.0,59.0
2022-08-20,66.0,87.0,0.02,0.0,28,0,0,21.0,4.0,61.666666666666664
2022-08-21,67.0,77.0,0.011304347826086957,0.0,24,0,0,10.0,1.0,65.0
2022-08-22,69.0,84.0,0.3685714285714286,0.0,29,0,0,15.0,2.0,67.33333333333333
2022-08-23,64.0,84.0,0.08066666666666666,0.0,32,0,0,20.0,-5.0,66.66666666666667
2022-08-24,62.0,85.0,0.0003448275862068966,0.0,29,0,0,23.0,-2.0,65.0
