"Work Order Number","Date Received","Time of Day Received","AM or PM Received","DATE COMPLETED","TIME COMPLETED","AM PM COMPLETED","WORK DESCRIPTION CODE","WORK DESCRIPTION"
"3165008","06/30/2022","07:51","AM","06/30/2022","05:00","AM","212","REPAIR BROKEN MAIN"
"3165036","06/30/2022","09:28","AM","06/30/2022","10:45","AM","212","REPAIR BROKEN MAIN"
"3164958","06/29/2022","05:31","PM","06/30/2022","02:20","PM","212","REPAIR BROKEN MAIN"
"3164433","06/26/2022","07:44","PM","06/29/2022","11:15","PM","212","REPAIR BROKEN MAIN"
"3164403","06/25/2022","07:56","PM","06/26/2022","00:00","PM","212","REPAIR BROKEN MAIN"
"3163985","06/23/2022","08:35","AM","06/23/2022","02:00","AM","212","REPAIR BROKEN MAIN"
"3163987","06/23/2022","08:51","AM","06/23/2022","03:00","AM","212","REPAIR BROKEN MAIN"
"3163802","06/22/2022","05:57","AM","06/22/2022","02:45","AM","212","REPAIR BROKEN MAIN"
"3163803","06/22/2022","06:18","AM","06/27/2022","00:00","AM","212","REPAIR BROKEN MAIN"
"3163877","06/22/2022","11:35","AM","06/22/2022","07:00","AM","212","REPAIR BROKEN MAIN"
"3163928","06/22/2022","05:21","PM","06/22/2022","09:40","PM","212","REPAIR BROKEN MAIN"
"3163568","06/21/2022","07:10","AM","06/21/2022","02:20","AM","212","REPAIR BROKEN MAIN"
"3163418","06/18/2022","02:35","AM","06/18/2022","05:30","AM","212","REPAIR BROKEN MAIN"
"3163427","06/18/2022","08:28","AM","06/18/2022","05:30","AM","212","REPAIR BROKEN MAIN"
"3163293","06/17/2022","06:20","AM","06/17/2022","03:00","AM","212","REPAIR BROKEN MAIN"
"3163400","06/17/2022","05:40","PM","06/18/2022","09:00","PM","212","REPAIR BROKEN MAIN"
"3163146","06/16/2022","11:56","AM","06/16/2022","09:45","AM","212","REPAIR BROKEN MAIN"
"3162414","06/13/2022","06:09","AM","06/13/2022","00:00","AM","212","REPAIR BROKEN MAIN"
"3162502","06/13/2022","10:17","AM","06/13/2022","04:30","AM","212","REPAIR BROKEN MAIN"
"3162398","06/12/2022","07:28","AM","06/12/2022","02:00","AM","212","REPAIR BROKEN MAIN"
"3162359","06/11/2022","10:37","AM","06/11/2022","06:30","AM","212","REPAIR BROKEN MAIN"
"3162375","06/11/2022","02:28","PM","06/11/2022","10:00","PM","212","REPAIR BROKEN MAIN"
"3162232","06/10/2022","09:13","AM","06/10/2022","02:50","AM","212","REPAIR BROKEN MAIN"
"3161711","06/09/2022","10:35","AM","06/10/2022","01:00","AM","212","REPAIR BROKEN MAIN"
"3161726","06/09/2022","10:53","AM","06/09/2022","06:00","AM","212","REPAIR BROKEN MAIN"
"3161366","06/08/2022","08:27","AM","06/08/2022","08:00","AM","212","REPAIR BROKEN MAIN"
"3161643","06/08/2022","09:09","PM","06/09/2022","00:00","PM","212","REPAIR BROKEN MAIN"
"3161333","06/07/2022","07:53","PM","06/07/2022","12:25","PM","212","REPAIR BROKEN MAIN"
"3161100","06/06/2022","10:22","AM","06/07/2022","03:00","AM","212","REPAIR BROKEN MAIN"
"3160950","06/04/2022","01:49","AM","06/04/2022","04:00","AM","212","REPAIR BROKEN MAIN"
"3160797","06/03/2022","06:09","AM","06/03/2022","06:00","AM","212","REPAIR BROKEN MAIN"
"3160603","06/02/2022","07:59","AM","06/02/2022","02:30","AM","212","REPAIR BROKEN MAIN"
"3158854","05/31/2022","06:30","AM","05/31/2022","04:30","AM","212","REPAIR BROKEN MAIN"
"3158791","05/29/2022","08:06","AM","05/29/2022","06:15","AM","212","REPAIR BROKEN MAIN"
"3158747","05/28/2022","08:02","AM","05/28/2022","02:25","AM","212","REPAIR BROKEN MAIN"
"3158774","05/28/2022","02:54","PM","05/28/2022","11:00","PM","212","REPAIR BROKEN MAIN"
"3158779","05/28/2022","04:31","PM","05/28/2022","11:00","PM","212","REPAIR BROKEN MAIN"
"3158659","05/27/2022","10:24","AM","05/27/2022","04:35","AM","212","REPAIR BROKEN MAIN"
"3158708","05/27/2022","03:06","PM","05/27/2022","11:00","PM","212","REPAIR BROKEN MAIN"
"3158522","05/26/2022","02:20","PM","05/27/2022","04:00","PM","212","REPAIR BROKEN MAIN"
"3157952","05/24/2022","01:17","AM","05/24/2022","02:45","AM","212","REPAIR BROKEN MAIN"
"3158103","05/24/2022","07:12","PM","05/26/2022","08:20","PM","212","REPAIR BROKEN MAIN"
"3156629","05/23/2022","03:57","PM","05/24/2022","00:00","PM","212","REPAIR BROKEN MAIN"
"3156442","05/22/2022","06:34","AM","05/23/2022","12:00","AM","212","REPAIR BROKEN MAIN"
"3156446","05/22/2022","08:33","AM","05/23/2022","02:15","AM","212","REPAIR BROKEN MAIN"
"3156334","05/20/2022","12:32","PM","05/20/2022","03:00","PM","212","REPAIR BROKEN MAIN"
"3156009","05/19/2022","06:23","AM","05/19/2022","00:00","AM","212","REPAIR BROKEN MAIN"
"3156040","05/19/2022","08:25","AM","05/19/2022","12:20","AM","212","REPAIR BROKEN MAIN"
"3156161","05/19/2022","04:53","PM","05/20/2022","00:00","PM","212","REPAIR BROKEN MAIN"
"3155969","05/18/2022","07:13","PM","05/26/2022","06:15","PM","212","REPAIR BROKEN MAIN"
"3154966","05/16/2022","04:33","PM","05/17/2022","12:00","PM","212","REPAIR BROKEN MAIN"
"3154987","05/16/2022","07:17","PM","05/17/2022","12:30","PM","212","REPAIR BROKEN MAIN"
"3154191","05/12/2022","05:38","PM","05/12/2022","10:30","PM","212","REPAIR BROKEN MAIN"
"3153701","05/10/2022","05:25","AM","05/10/2022","03:30","AM","212","REPAIR BROKEN MAIN"
"3153728","05/10/2022","08:38","AM","05/10/2022","09:30","AM","212","REPAIR BROKEN MAIN"
"3153761","05/10/2022","09:29","AM","05/10/2022","08:45","AM","212","REPAIR BROKEN MAIN"
"3153615","05/09/2022","11:37","AM","05/10/2022","03:00","AM","212","REPAIR BROKEN MAIN"
"3153504","05/08/2022","08:03","PM","05/09/2022","02:45","PM","212","REPAIR BROKEN MAIN"
"3150640","05/05/2022","07:30","PM","05/11/2022","06:30","PM","212","REPAIR BROKEN MAIN"
"3150320","05/04/2022","08:14","AM","05/20/2022","12:00","AM","212","REPAIR BROKEN MAIN"
"3150355","05/04/2022","10:59","AM","05/04/2022","02:50","AM","212","REPAIR BROKEN MAIN"
"3150362","05/04/2022","11:15","AM","05/04/2022","05:45","AM","212","REPAIR BROKEN MAIN"
"3150065","05/03/2022","06:20","AM","05/03/2022","02:45","AM","212","REPAIR BROKEN MAIN"
"3150090","05/03/2022","08:30","AM","05/03/2022","12:00","AM","212","REPAIR BROKEN MAIN"
"3150255","05/03/2022","08:25","PM","05/05/2022","00:00","PM","212","REPAIR BROKEN MAIN"
"3147214","05/02/2022","09:45","AM","05/02/2022","11:40","AM","212","REPAIR BROKEN MAIN"
"3147093","05/01/2022","07:56","AM","05/01/2022","02:00","AM","212","REPAIR BROKEN MAIN"
"3147098","05/01/2022","12:20","PM","05/01/2022","08:45","PM","212","REPAIR BROKEN MAIN"
"3147041","04/30/2022","02:58","AM","04/30/2022","03:30","AM","212","REPAIR BROKEN MAIN"
"3147082","04/30/2022","06:38","PM","05/01/2022","03:00","PM","212","REPAIR BROKEN MAIN"
"3146578","04/29/2022","03:47","AM","04/29/2022","03:00","AM","212","REPAIR BROKEN MAIN"
"3146317","04/28/2022","07:08","AM","04/28/2022","02:00","AM","212","REPAIR BROKEN MAIN"
"3146424","04/28/2022","06:08","PM","04/28/2022","01:30","PM","212","REPAIR BROKEN MAIN"
"3146086","04/27/2022","05:06","AM","04/27/2022","12:00","AM","212","REPAIR BROKEN MAIN"
"3146163","04/27/2022","10:49","AM","04/27/2022","02:00","AM","212","REPAIR BROKEN MAIN"
"3146184","04/27/2022","12:09","PM","04/27/2022","04:00","PM","212","REPAIR BROKEN MAIN"
"3146201","04/27/2022","01:42","PM","04/28/2022","02:00","PM","212","REPAIR BROKEN MAIN"
"3145671","04/23/2022","10:58","PM","04/24/2022","08:30","PM","212","REPAIR BROKEN MAIN"
"3145413","04/21/2022","07:33","PM","04/22/2022","03:00","PM","212","REPAIR BROKEN MAIN"
"3145010","04/20/2022","09:23","AM","04/20/2022","02:30","AM","212","REPAIR BROKEN MAIN"
"3144782","04/19/2022","10:06","AM","04/19/2022","09:00","AM","212","REPAIR BROKEN MAIN"
"3144879","04/19/2022","04:36","PM","04/20/2022","12:00","PM","212","REPAIR BROKEN MAIN"
"3144942","04/19/2022","09:07","PM","04/20/2022","02:35","PM","212","REPAIR BROKEN MAIN"
"3144454","04/16/2022","06:11","AM","04/16/2022","05:40","AM","212","REPAIR BROKEN MAIN"
"3144458","04/16/2022","08:22","AM","04/16/2022","10:00","AM","212","REPAIR BROKEN MAIN"
"3144065","04/14/2022","06:59","AM","04/14/2022","02:00","AM","212","REPAIR BROKEN MAIN"
"3144075","04/14/2022","08:00","AM","04/14/2022","03:45","AM","212","REPAIR BROKEN MAIN"
"3143312","04/11/2022","02:51","PM","04/12/2022","08:30","PM","212","REPAIR BROKEN MAIN"
"3143089","04/09/2022","08:48","AM","04/09/2022","07:10","AM","212","REPAIR BROKEN MAIN"
"3143093","04/09/2022","09:23","AM","04/09/2022","10:00","AM","212","REPAIR BROKEN MAIN"
"3143099","04/09/2022","10:54","AM","04/09/2022","00:00","AM","212","REPAIR BROKEN MAIN"
"3142821","04/08/2022","10:40","AM","04/08/2022","00:00","AM","212","REPAIR BROKEN MAIN"
"3142062","04/06/2022","06:23","PM","04/07/2022","09:00","PM","212","REPAIR BROKEN MAIN"
"3141164","04/02/2022","09:13","AM","04/02/2022","07:00","AM","212","REPAIR BROKEN MAIN"
"3139602","04/01/2022","02:18","PM","04/01/2022","08:15","PM","212","REPAIR BROKEN MAIN"
"3139661","04/01/2022","06:42","PM","04/02/2022","02:00","PM","212","REPAIR BROKEN MAIN"
"3132576","03/31/2022","05:58","AM","03/31/2022","01:00","AM","212","REPAIR BROKEN MAIN"
"3132215","03/29/2022","08:59","AM","03/29/2022","09:15","AM","212","REPAIR BROKEN MAIN"
"3132227","03/29/2022","09:28","AM","03/29/2022","09:00","AM","212","REPAIR BROKEN MAIN"
"3132350","03/29/2022","07:44","PM","03/29/2022","11:30","PM","212","REPAIR BROKEN MAIN"
"3132070","03/28/2022","11:37","AM","03/29/2022","09:00","AM","212","REPAIR BROKEN MAIN"
"3132095","03/28/2022","12:59","PM","03/29/2022","12:45","PM","212","REPAIR BROKEN MAIN"
"3131975","03/27/2022","05:25","AM","03/29/2022","09:00","AM","212","REPAIR BROKEN MAIN"
"3131366","03/23/2022","02:25","AM","03/23/2022","02:30","AM","212","REPAIR BROKEN MAIN"
"3131419","03/23/2022","09:58","AM","03/23/2022","01:35","AM","212","REPAIR BROKEN MAIN"
"3131223","03/22/2022","09:57","AM","03/22/2022","00:00","AM","212","REPAIR BROKEN MAIN"
"3131334","03/22/2022","07:16","PM","03/23/2022","12:00","PM","212","REPAIR BROKEN MAIN"
"3131343","03/22/2022","07:45","PM","03/23/2022","05:00","PM","212","REPAIR BROKEN MAIN"
"3130914","03/20/2022","02:05","PM","03/20/2022","07:30","PM","212","REPAIR BROKEN MAIN"
"3130880","03/19/2022","12:48","PM","03/19/2022","10:00","PM","212","REPAIR BROKEN MAIN"
"3130706","03/18/2022","08:58","AM","03/18/2022","02:00","AM","212","REPAIR BROKEN MAIN"
"3130810","03/18/2022","04:50","PM","03/19/2022","03:15","PM","212","REPAIR BROKEN MAIN"
"3130340","03/16/2022","06:42","AM","03/16/2022","04:40","AM","212","REPAIR BROKEN MAIN"
"3130200","03/15/2022","10:10","AM","03/15/2022","07:30","AM","212","REPAIR BROKEN MAIN"
"3130260","03/15/2022","12:25","PM","03/15/2022","00:00","PM","212","REPAIR BROKEN MAIN"
"3130266","03/15/2022","12:56","PM","03/15/2022","09:10","PM","212","REPAIR BROKEN MAIN"
"3130074","03/14/2022","05:39","PM","03/15/2022","11:55","PM","212","REPAIR BROKEN MAIN"
"3129312","03/09/2022","07:59","AM","03/09/2022","03:00","AM","212","REPAIR BROKEN MAIN"
"3129225","03/08/2022","01:01","PM","03/08/2022","05:35","PM","212","REPAIR BROKEN MAIN"
"3128951","03/07/2022","06:35","PM","03/08/2022","02:00","PM","212","REPAIR BROKEN MAIN"
"3127661","03/04/2022","02:34","PM","03/04/2022","03:00","PM","212","REPAIR BROKEN MAIN"
"3127697","03/04/2022","06:36","PM","03/05/2022","09:30","PM","212","REPAIR BROKEN MAIN"
"3127353","03/03/2022","11:11","AM","03/03/2022","08:30","AM","212","REPAIR BROKEN MAIN"
"3126744","03/02/2022","08:59","AM","03/02/2022","04:00","AM","212","REPAIR BROKEN MAIN"
"3126879","03/02/2022","06:56","PM","03/07/2022","02:15","PM","212","REPAIR BROKEN MAIN"
"3125318","03/01/2022","07:12","PM","03/02/2022","02:30","PM","212","REPAIR BROKEN MAIN"
"3125329","03/01/2022","08:51","PM","03/02/2022","03:00","PM","212","REPAIR BROKEN MAIN"
"3124821","02/27/2022","08:14","AM","02/28/2022","03:15","AM","212","REPAIR BROKEN MAIN"
"3124833","02/27/2022","10:20","AM","02/28/2022","02:30","AM","212","REPAIR BROKEN MAIN"
"3124790","02/26/2022","02:00","PM","02/28/2022","03:45","PM","212","REPAIR BROKEN MAIN"
"3124509","02/24/2022","08:16","AM","02/24/2022","03:45","AM","212","REPAIR BROKEN MAIN"
"3124381","02/23/2022","10:55","AM","02/23/2022","04:45","AM","212","REPAIR BROKEN MAIN"
"3124109","02/22/2022","08:53","AM","02/22/2022","06:00","AM","212","REPAIR BROKEN MAIN"
"3124120","02/22/2022","09:25","AM","02/23/2022","07:00","AM","212","REPAIR BROKEN MAIN"
"3124023","02/21/2022","11:21","AM","02/22/2022","02:30","AM","212","REPAIR BROKEN MAIN"
"3123972","02/20/2022","09:30","AM","02/20/2022","05:30","AM","212","REPAIR BROKEN MAIN"
"3123937","02/19/2022","10:08","AM","02/19/2022","05:50","AM","212","REPAIR BROKEN MAIN"
"3123914","02/18/2022","07:24","PM","02/19/2022","03:30","PM","212","REPAIR BROKEN MAIN"
"3123568","02/17/2022","06:42","AM","02/17/2022","00:00","AM","212","REPAIR BROKEN MAIN"
"3123640","02/17/2022","12:20","PM","02/22/2022","10:30","PM","212","REPAIR BROKEN MAIN"
"3123668","02/17/2022","02:45","PM","02/17/2022","10:20","PM","212","REPAIR BROKEN MAIN"
"3123715","02/17/2022","07:16","PM","02/18/2022","02:30","PM","212","REPAIR BROKEN MAIN"
"3123434","02/16/2022","11:33","AM","02/16/2022","00:00","AM","212","REPAIR BROKEN MAIN"
"3123526","02/16/2022","05:52","PM","02/17/2022","12:45","PM","212","REPAIR BROKEN MAIN"
"3123215","02/15/2022","09:00","AM","02/15/2022","06:15","AM","212","REPAIR BROKEN MAIN"
"3123265","02/15/2022","10:58","AM","02/15/2022","07:30","AM","212","REPAIR BROKEN MAIN"
"3122970","02/14/2022","12:26","AM","02/14/2022","06:30","AM","212","REPAIR BROKEN MAIN"
"3122946","02/13/2022","02:47","PM","02/14/2022","03:00","PM","212","REPAIR BROKEN MAIN"
"3122881","02/12/2022","08:44","AM","02/12/2022","00:00","AM","212","REPAIR BROKEN MAIN"
"3122887","02/12/2022","09:39","AM","02/14/2022","12:45","AM","212","REPAIR BROKEN MAIN"
"3122682","02/11/2022","09:16","AM","02/11/2022","09:45","AM","212","REPAIR BROKEN MAIN"
"3122851","02/11/2022","07:35","PM","02/12/2022","05:00","PM","212","REPAIR BROKEN MAIN"
"3122861","02/11/2022","09:30","PM","02/12/2022","06:00","PM","212","REPAIR BROKEN MAIN"
"3122437","02/10/2022","08:13","AM","02/10/2022","01:45","AM","212","REPAIR BROKEN MAIN"
"3122445","02/10/2022","08:45","AM","02/11/2022","05:20","AM","212","REPAIR BROKEN MAIN"
"3122478","02/10/2022","10:58","AM","02/11/2022","11:45","AM","212","REPAIR BROKEN MAIN"
"3122579","02/10/2022","09:25","PM","02/11/2022","04:40","PM","212","REPAIR BROKEN MAIN"
"3122405","02/09/2022","08:25","PM","02/11/2022","11:00","PM","212","REPAIR BROKEN MAIN"
"3121924","02/08/2022","12:00","AM","02/08/2022","00:00","AM","212","REPAIR BROKEN MAIN"
"3122040","02/08/2022","12:45","PM","02/09/2022","02:15","PM","212","REPAIR BROKEN MAIN"
"3122160","02/08/2022","06:35","PM","02/09/2022","12:00","PM","212","REPAIR BROKEN MAIN"
"3121729","02/07/2022","06:19","AM","02/09/2022","12:30","AM","212","REPAIR BROKEN MAIN"
"3121730","02/07/2022","06:37","AM","02/07/2022","05:40","AM","212","REPAIR BROKEN MAIN"
"3121781","02/07/2022","09:53","AM","02/07/2022","03:00","AM","212","REPAIR BROKEN MAIN"
"3121808","02/07/2022","11:34","AM","02/09/2022","00:00","AM","212","REPAIR BROKEN MAIN"
"3121827","02/07/2022","01:00","PM","02/08/2022","12:00","PM","212","REPAIR BROKEN MAIN"
"3121845","02/07/2022","02:05","PM","02/08/2022","12:15","PM","212","REPAIR BROKEN MAIN"
"3121857","02/07/2022","02:48","PM","02/07/2022","00:00","PM","212","REPAIR BROKEN MAIN"
"3121896","02/07/2022","04:35","PM","02/08/2022","01:30","PM","212","REPAIR BROKEN MAIN"
"3121917","02/07/2022","10:13","PM","02/08/2022","00:00","PM","212","REPAIR BROKEN MAIN"
"3121661","02/06/2022","07:59","AM","02/07/2022","00:00","AM","212","REPAIR BROKEN MAIN"
"3121678","02/06/2022","11:31","AM","02/07/2022","02:45","AM","212","REPAIR BROKEN MAIN"
"3121684","02/06/2022","12:00","PM","02/06/2022","06:00","PM","212","REPAIR BROKEN MAIN"
"3121713","02/06/2022","08:43","PM","02/07/2022","03:00","PM","212","REPAIR BROKEN MAIN"
"3121721","02/06/2022","11:52","PM","02/07/2022","00:00","PM","212","REPAIR BROKEN MAIN"
"3121578","02/05/2022","03:14","AM","02/06/2022","01:15","AM","212","REPAIR BROKEN MAIN"
"3121586","02/05/2022","09:04","AM","02/05/2022","00:00","AM","212","REPAIR BROKEN MAIN"
"3121588","02/05/2022","09:43","AM","02/05/2022","10:00","AM","212","REPAIR BROKEN MAIN"
"3121603","02/05/2022","11:04","AM","02/06/2022","00:00","AM","212","REPAIR BROKEN MAIN"
"3121609","02/05/2022","11:58","AM","02/06/2022","00:00","AM","212","REPAIR BROKEN MAIN"
"3121616","02/05/2022","12:32","PM","02/07/2022","11:02","PM","212","REPAIR BROKEN MAIN"
"3121477","02/04/2022","08:56","AM","02/05/2022","06:00","AM","212","REPAIR BROKEN MAIN"
"3121494","02/04/2022","10:20","AM","02/04/2022","08:00","AM","212","REPAIR BROKEN MAIN"
"3121546","02/04/2022","04:32","PM","02/04/2022","00:00","PM","212","REPAIR BROKEN MAIN"
"3121570","02/04/2022","08:57","PM","02/05/2022","10:45","PM","212","REPAIR BROKEN MAIN"
"3121572","02/04/2022","09:18","PM","02/07/2022","11:30","PM","212","REPAIR BROKEN MAIN"
"3121573","02/04/2022","09:50","PM","02/05/2022","00:00","PM","212","REPAIR BROKEN MAIN"
"3121291","02/03/2022","06:28","AM","02/03/2022","10:35","AM","212","REPAIR BROKEN MAIN"
"3121409","02/03/2022","05:12","PM","02/04/2022","02:00","PM","212","REPAIR BROKEN MAIN"
"3121426","02/03/2022","09:06","PM","02/04/2022","12:00","PM","212","REPAIR BROKEN MAIN"
"3121151","02/02/2022","11:07","AM","02/02/2022","01:25","AM","212","REPAIR BROKEN MAIN"
"3121156","02/02/2022","11:31","AM","02/03/2022","12:50","AM","212","REPAIR BROKEN MAIN"
"3121178","02/02/2022","12:46","PM","02/03/2022","02:30","PM","212","REPAIR BROKEN MAIN"
"3121258","02/02/2022","06:19","PM","02/02/2022","12:00","PM","212","REPAIR BROKEN MAIN"
"3121275","02/02/2022","07:50","PM","02/04/2022","04:45","PM","212","REPAIR BROKEN MAIN"
"3120295","02/01/2022","06:00","AM","02/01/2022","03:45","AM","212","REPAIR BROKEN MAIN"
"3120305","02/01/2022","07:42","AM","02/01/2022","01:45","AM","212","REPAIR BROKEN MAIN"
"3120324","02/01/2022","08:31","AM","02/01/2022","09:15","AM","212","REPAIR BROKEN MAIN"
"3120328","02/01/2022","08:48","AM","02/02/2022","00:00","AM","212","REPAIR BROKEN MAIN"
"3120336","02/01/2022","09:06","AM","02/02/2022","00:00","AM","212","REPAIR BROKEN MAIN"
"3120337","02/01/2022","09:07","AM","02/01/2022","06:15","AM","212","REPAIR BROKEN MAIN"
"3120340","02/01/2022","09:16","AM","02/01/2022","06:15","AM","212","REPAIR BROKEN MAIN"
"3120348","02/01/2022","09:28","AM","02/02/2022","10:15","AM","212","REPAIR BROKEN MAIN"
"3120354","02/01/2022","09:47","AM","02/01/2022","03:30","AM","212","REPAIR BROKEN MAIN"
"3120361","02/01/2022","10:08","AM","02/01/2022","04:15","AM","212","REPAIR BROKEN MAIN"
"3120364","02/01/2022","10:17","AM","02/02/2022","01:30","AM","212","REPAIR BROKEN MAIN"
"3120403","02/01/2022","12:30","PM","02/02/2022","06:20","PM","212","REPAIR BROKEN MAIN"
"3120443","02/01/2022","02:32","PM","02/01/2022","00:00","PM","212","REPAIR BROKEN MAIN"
"3120489","02/01/2022","06:29","PM","02/01/2022","05:00","PM","212","REPAIR BROKEN MAIN"
"3120492","02/01/2022","06:20","PM","02/02/2022","02:30","PM","212","REPAIR BROKEN MAIN"
"3120501","02/01/2022","07:50","PM","02/02/2022","00:00","PM","212","REPAIR BROKEN MAIN"
"3120510","02/01/2022","08:38","PM","02/02/2022","00:00","PM","212","REPAIR BROKEN MAIN"
"3120528","02/01/2022","07:30","PM","02/03/2022","02:00","PM","212","REPAIR BROKEN MAIN"
"3120053","01/31/2022","04:09","AM","01/31/2022","03:15","AM","212","REPAIR BROKEN MAIN"
"3120058","01/31/2022","05:11","AM","01/31/2022","03:00","AM","212","REPAIR BROKEN MAIN"
"3120070","01/31/2022","08:05","AM","01/31/2022","07:15","AM","212","REPAIR BROKEN MAIN"
"3120073","01/31/2022","08:23","AM","01/31/2022","00:00","AM","212","REPAIR BROKEN MAIN"
"3120074","01/31/2022","08:23","AM","01/31/2022","03:00","AM","212","REPAIR BROKEN MAIN"
"3120121","01/31/2022","09:47","AM","01/31/2022","01:00","AM","212","REPAIR BROKEN MAIN"
"3120124","01/31/2022","10:05","AM","02/01/2022","12:00","AM","212","REPAIR BROKEN MAIN"
"3120135","01/31/2022","10:35","AM","01/31/2022","07:15","AM","212","REPAIR BROKEN MAIN"
"3120146","01/31/2022","11:00","AM","02/01/2022","02:00","AM","212","REPAIR BROKEN MAIN"
"3120246","01/31/2022","06:06","PM","02/01/2022","00:00","PM","212","REPAIR BROKEN MAIN"
"3120269","01/31/2022","07:30","PM","01/31/2022","04:45","PM","212","REPAIR BROKEN MAIN"
"3120282","01/31/2022","09:28","PM","02/02/2022","02:20","PM","212","REPAIR BROKEN MAIN"
"3120291","01/31/2022","11:31","PM","02/01/2022","02:00","PM","212","REPAIR BROKEN MAIN"
"3119982","01/30/2022","09:31","AM","02/01/2022","00:00","AM","212","REPAIR BROKEN MAIN"
"3119985","01/30/2022","09:50","AM","01/30/2022","04:45","AM","212","REPAIR BROKEN MAIN"
"3119995","01/30/2022","11:21","AM","01/31/2022","07:00","AM","212","REPAIR BROKEN MAIN"
"3120009","01/30/2022","12:30","PM","02/01/2022","00:00","PM","212","REPAIR BROKEN MAIN"
"3120019","01/30/2022","02:00","PM","01/31/2022","03:35","PM","212","REPAIR BROKEN MAIN"
"3120020","01/30/2022","02:20","PM","01/30/2022","08:00","PM","212","REPAIR BROKEN MAIN"
"3120030","01/30/2022","03:44","PM","01/31/2022","12:10","PM","212","REPAIR BROKEN MAIN"
"3120036","01/30/2022","07:24","PM","01/30/2022","01:30","PM","212","REPAIR BROKEN MAIN"
"3119878","01/29/2022","09:37","AM","01/29/2022","00:00","AM","212","REPAIR BROKEN MAIN"
"3119886","01/29/2022","10:40","AM","01/29/2022","11:00","AM","212","REPAIR BROKEN MAIN"
"3119932","01/29/2022","06:33","PM","01/31/2022","02:45","PM","212","REPAIR BROKEN MAIN"
"3119941","01/29/2022","07:55","PM","01/30/2022","04:00","PM","212","REPAIR BROKEN MAIN"
"3119942","01/29/2022","08:00","PM","02/09/2022","00:00","PM","212","REPAIR BROKEN MAIN"
"3119947","01/29/2022","09:19","PM","02/01/2022","02:20","PM","212","REPAIR BROKEN MAIN"
"3119954","01/29/2022","10:40","PM","01/31/2022","03:00","PM","212","REPAIR BROKEN MAIN"
"3119607","01/28/2022","02:10","AM","01/28/2022","02:45","AM","212","REPAIR BROKEN MAIN"
"3119634","01/28/2022","07:59","AM","01/28/2022","11:30","AM","212","REPAIR BROKEN MAIN"
"3119663","01/28/2022","09:10","AM","01/28/2022","06:00","AM","212","REPAIR BROKEN MAIN"
"3119346","01/27/2022","08:09","AM","01/27/2022","01:45","AM","212","REPAIR BROKEN MAIN"
"3119349","01/27/2022","08:21","AM","01/28/2022","09:20","AM","212","REPAIR BROKEN MAIN"
"3119353","01/27/2022","08:37","AM","01/28/2022","11:30","AM","212","REPAIR BROKEN MAIN"
"3119354","01/27/2022","08:44","AM","01/28/2022","05:00","AM","212","REPAIR BROKEN MAIN"
"3119372","01/27/2022","10:09","AM","01/27/2022","02:30","AM","212","REPAIR BROKEN MAIN"
"3119377","01/27/2022","10:43","AM","01/27/2022","05:15","AM","212","REPAIR BROKEN MAIN"
"3119379","01/27/2022","10:40","AM","01/27/2022","12:20","AM","212","REPAIR BROKEN MAIN"
"3119404","01/27/2022","11:54","AM","01/27/2022","10:00","AM","212","REPAIR BROKEN MAIN"
"3119424","01/27/2022","12:48","PM","01/28/2022","02:00","PM","212","REPAIR BROKEN MAIN"
"3119450","01/27/2022","01:58","PM","01/28/2022","01:00","PM","212","REPAIR BROKEN MAIN"
"3119506","01/27/2022","05:40","PM","01/28/2022","03:30","PM","212","REPAIR BROKEN MAIN"
"3119518","01/27/2022","06:20","PM","01/29/2022","12:00","PM","212","REPAIR BROKEN MAIN"
"3119534","01/27/2022","07:21","PM","01/28/2022","02:30","PM","212","REPAIR BROKEN MAIN"
"3119558","01/27/2022","10:15","PM","01/28/2022","00:00","PM","212","REPAIR BROKEN MAIN"
"3119095","01/26/2022","12:15","AM","01/26/2022","07:25","AM","212","REPAIR BROKEN MAIN"
"3119096","01/26/2022","12:18","AM","01/27/2022","00:00","AM","212","REPAIR BROKEN MAIN"
"3119097","01/26/2022","12:55","AM","01/26/2022","02:15","AM","212","REPAIR BROKEN MAIN"
"3119106","01/26/2022","06:09","AM","01/26/2022","02:30","AM","212","REPAIR BROKEN MAIN"
"3119123","01/26/2022","08:29","AM","01/27/2022","00:00","AM","212","REPAIR BROKEN MAIN"
"3119125","01/26/2022","08:35","AM","01/26/2022","04:15","AM","212","REPAIR BROKEN MAIN"
"3119134","01/26/2022","09:51","AM","01/26/2022","05:00","AM","212","REPAIR BROKEN MAIN"
"3119136","01/26/2022","10:04","AM","01/26/2022","06:30","AM","212","REPAIR BROKEN MAIN"
"3119167","01/26/2022","12:01","PM","01/27/2022","00:00","PM","212","REPAIR BROKEN MAIN"
"3119201","01/26/2022","02:04","PM","01/26/2022","05:00","PM","212","REPAIR BROKEN MAIN"
"3119208","01/26/2022","02:30","PM","02/10/2022","08:15","PM","212","REPAIR BROKEN MAIN"
"3119272","01/26/2022","05:52","PM","01/27/2022","12:30","PM","212","REPAIR BROKEN MAIN"
"3119290","01/26/2022","07:25","PM","01/26/2022","12:30","PM","212","REPAIR BROKEN MAIN"
"3119293","01/26/2022","08:14","PM","01/27/2022","03:15","PM","212","REPAIR BROKEN MAIN"
"3118848","01/25/2022","01:37","AM","01/26/2022","01:30","AM","212","REPAIR BROKEN MAIN"
"3118849","01/25/2022","01:52","AM","01/25/2022","01:00","AM","212","REPAIR BROKEN MAIN"
"3118865","01/25/2022","07:51","AM","01/25/2022","03:00","AM","212","REPAIR BROKEN MAIN"
"3118870","01/25/2022","08:07","AM","01/25/2022","04:50","AM","212","REPAIR BROKEN MAIN"
"3118884","01/25/2022","08:35","AM","01/25/2022","06:00","AM","212","REPAIR BROKEN MAIN"
"3118920","01/25/2022","10:22","AM","01/27/2022","04:30","AM","212","REPAIR BROKEN MAIN"
"3118990","01/25/2022","01:49","PM","01/25/2022","05:15","PM","212","REPAIR BROKEN MAIN"
"3119003","01/25/2022","02:29","PM","01/25/2022","12:00","PM","212","REPAIR BROKEN MAIN"
"3119015","01/25/2022","02:30","PM","01/26/2022","01:00","PM","212","REPAIR BROKEN MAIN"
"3119020","01/25/2022","04:13","PM","01/26/2022","00:00","PM","212","REPAIR BROKEN MAIN"
"3119032","01/25/2022","04:51","PM","01/26/2022","02:40","PM","212","REPAIR BROKEN MAIN"
"3119072","01/25/2022","08:07","PM","01/26/2022","09:45","PM","212","REPAIR BROKEN MAIN"
"3119085","01/25/2022","09:49","PM","01/26/2022","12:00","PM","212","REPAIR BROKEN MAIN"
"3119086","01/25/2022","10:38","PM","01/26/2022","06:30","PM","212","REPAIR BROKEN MAIN"
"3119089","01/25/2022","11:11","PM","01/26/2022","02:30","PM","212","REPAIR BROKEN MAIN"
"3119091","01/25/2022","11:38","PM","01/26/2022","03:25","PM","212","REPAIR BROKEN MAIN"
"3118635","01/24/2022","03:01","AM","01/24/2022","04:15","AM","212","REPAIR BROKEN MAIN"
"3118656","01/24/2022","07:45","AM","01/24/2022","00:00","AM","212","REPAIR BROKEN MAIN"
"3118677","01/24/2022","08:45","AM","01/24/2022","00:00","AM","212","REPAIR BROKEN MAIN"
"3118678","01/24/2022","08:40","AM","01/24/2022","11:55","AM","212","REPAIR BROKEN MAIN"
"3118687","01/24/2022","09:13","AM","01/25/2022","11:00","AM","212","REPAIR BROKEN MAIN"
"3118705","01/24/2022","10:22","AM","01/24/2022","01:15","AM","212","REPAIR BROKEN MAIN"
"3118706","01/24/2022","10:27","AM","01/25/2022","06:00","AM","212","REPAIR BROKEN MAIN"
"3118709","01/24/2022","10:37","AM","01/24/2022","11:15","AM","212","REPAIR BROKEN MAIN"
"3118710","01/24/2022","10:30","AM","01/24/2022","04:00","AM","212","REPAIR BROKEN MAIN"
"3118715","01/24/2022","10:53","AM","01/24/2022","03:30","AM","212","REPAIR BROKEN MAIN"
"3118727","01/24/2022","11:50","AM","01/24/2022","07:20","AM","212","REPAIR BROKEN MAIN"
"3118753","01/24/2022","01:00","PM","01/24/2022","08:15","PM","212","REPAIR BROKEN MAIN"
"3118765","01/24/2022","01:52","PM","01/24/2022","08:30","PM","212","REPAIR BROKEN MAIN"
"3118766","01/24/2022","01:54","PM","01/25/2022","01:20","PM","212","REPAIR BROKEN MAIN"
"3118778","01/24/2022","02:29","PM","01/25/2022","03:15","PM","212","REPAIR BROKEN MAIN"
"3118786","01/24/2022","02:49","PM","01/24/2022","10:45","PM","212","REPAIR BROKEN MAIN"
"3118787","01/24/2022","02:50","PM","01/25/2022","12:00","PM","212","REPAIR BROKEN MAIN"
"3118815","01/24/2022","06:06","PM","01/25/2022","01:30","PM","212","REPAIR BROKEN MAIN"
"3118824","01/24/2022","07:36","PM","01/25/2022","00:00","PM","212","REPAIR BROKEN MAIN"
"3118825","01/24/2022","07:59","PM","01/25/2022","01:00","PM","212","REPAIR BROKEN MAIN"
"3118838","01/24/2022","09:41","PM","01/25/2022","02:00","PM","212","REPAIR BROKEN MAIN"
"3118841","01/24/2022","10:19","PM","01/25/2022","04:00","PM","212","REPAIR BROKEN MAIN"
"3118534","01/23/2022","07:48","AM","01/24/2022","12:45","AM","212","REPAIR BROKEN MAIN"
"3118537","01/23/2022","08:25","AM","01/23/2022","07:30","AM","212","REPAIR BROKEN MAIN"
"3118541","01/23/2022","09:31","AM","01/24/2022","02:30","AM","212","REPAIR BROKEN MAIN"
"3118542","01/23/2022","09:33","AM","01/24/2022","03:00","AM","212","REPAIR BROKEN MAIN"
"3118559","01/23/2022","10:39","AM","01/24/2022","05:20","AM","212","REPAIR BROKEN MAIN"
"3118616","01/23/2022","07:08","PM","01/24/2022","06:50","PM","212","REPAIR BROKEN MAIN"
"3118626","01/23/2022","08:43","PM","01/24/2022","03:00","PM","212","REPAIR BROKEN MAIN"
"3118632","01/23/2022","11:59","PM","01/25/2022","00:00","PM","212","REPAIR BROKEN MAIN"
"3118428","01/22/2022","08:13","AM","01/22/2022","08:30","AM","212","REPAIR BROKEN MAIN"
"3118436","01/22/2022","09:23","AM","01/23/2022","03:30","AM","212","REPAIR BROKEN MAIN"
"3118466","01/22/2022","12:43","PM","01/22/2022","07:30","PM","212","REPAIR BROKEN MAIN"
"3118477","01/22/2022","01:34","PM","01/24/2022","00:00","PM","212","REPAIR BROKEN MAIN"
"3118499","01/22/2022","03:58","PM","01/23/2022","04:30","PM","212","REPAIR BROKEN MAIN"
"3118500","01/22/2022","04:04","PM","01/23/2022","00:00","PM","212","REPAIR BROKEN MAIN"
"3118517","01/22/2022","10:00","PM","01/23/2022","11:30","PM","212","REPAIR BROKEN MAIN"
"3118189","01/21/2022","07:42","AM","01/21/2022","01:30","AM","212","REPAIR BROKEN MAIN"
"3118197","01/21/2022","08:20","AM","01/22/2022","05:00","AM","212","REPAIR BROKEN MAIN"
"3118205","01/21/2022","08:51","AM","01/21/2022","02:45","AM","212","REPAIR BROKEN MAIN"
"3118219","01/21/2022","09:45","AM","01/22/2022","02:00","AM","212","REPAIR BROKEN MAIN"
"3118233","01/21/2022","10:22","AM","01/21/2022","11:40","AM","212","REPAIR BROKEN MAIN"
"3118258","01/21/2022","12:09","PM","01/21/2022","00:00","PM","212","REPAIR BROKEN MAIN"
"3118387","01/21/2022","06:30","PM","01/22/2022","02:35","PM","212","REPAIR BROKEN MAIN"
"3117947","01/20/2022","12:05","AM","01/20/2022","00:00","AM","212","REPAIR BROKEN MAIN"
"3117973","01/20/2022","08:14","AM","01/20/2022","11:00","AM","212","REPAIR BROKEN MAIN"
"3117988","01/20/2022","09:27","AM","01/21/2022","09:30","AM","212","REPAIR BROKEN MAIN"
"3118015","01/20/2022","10:59","AM","01/20/2022","01:35","AM","212","REPAIR BROKEN MAIN"
"3118021","01/20/2022","11:37","AM","01/20/2022","05:15","AM","212","REPAIR BROKEN MAIN"
"3118092","01/20/2022","07:14","PM","01/20/2022","11:00","PM","212","REPAIR BROKEN MAIN"
"3118122","01/20/2022","10:04","PM","01/21/2022","03:00","PM","212","REPAIR BROKEN MAIN"
"3117710","01/19/2022","12:26","AM","01/19/2022","00:00","AM","212","REPAIR BROKEN MAIN"
"3117714","01/19/2022","01:38","AM","01/19/2022","08:25","AM","212","REPAIR BROKEN MAIN"
"3117716","01/19/2022","01:52","AM","01/19/2022","00:00","AM","212","REPAIR BROKEN MAIN"
"3117721","01/19/2022","05:37","AM","01/19/2022","11:30","AM","212","REPAIR BROKEN MAIN"
"3117723","01/19/2022","05:47","AM","01/19/2022","02:00","AM","212","REPAIR BROKEN MAIN"
"3117732","01/19/2022","07:57","AM","01/19/2022","02:15","AM","212","REPAIR BROKEN MAIN"
"3117742","01/19/2022","08:34","AM","01/19/2022","05:15","AM","212","REPAIR BROKEN MAIN"
"3117756","01/19/2022","09:24","AM","01/24/2022","02:15","AM","212","REPAIR BROKEN MAIN"
"3117765","01/19/2022","09:55","AM","01/19/2022","00:00","AM","212","REPAIR BROKEN MAIN"
"3117799","01/19/2022","11:22","AM","01/20/2022","02:40","AM","212","REPAIR BROKEN MAIN"
"3117812","01/19/2022","12:01","PM","01/20/2022","00:00","PM","212","REPAIR BROKEN MAIN"
"3117834","01/19/2022","01:21","PM","01/19/2022","04:00","PM","212","REPAIR BROKEN MAIN"
"3117869","01/19/2022","03:18","PM","01/21/2022","03:30","PM","212","REPAIR BROKEN MAIN"
"3117911","01/19/2022","06:13","PM","01/19/2022","06:00","PM","212","REPAIR BROKEN MAIN"
"3117916","01/19/2022","07:06","PM","01/22/2022","08:30","PM","212","REPAIR BROKEN MAIN"
"3117933","01/19/2022","08:42","PM","01/20/2022","02:30","PM","212","REPAIR BROKEN MAIN"
"3117935","01/19/2022","08:47","PM","01/21/2022","00:00","PM","212","REPAIR BROKEN MAIN"
"3117940","01/19/2022","09:35","PM","01/20/2022","00:00","PM","212","REPAIR BROKEN MAIN"
"3117402","01/18/2022","02:12","AM","01/18/2022","05:15","AM","212","REPAIR BROKEN MAIN"
"3117426","01/18/2022","08:04","AM","01/18/2022","02:30","AM","212","REPAIR BROKEN MAIN"
"3117428","01/18/2022","08:17","AM","01/20/2022","00:00","AM","212","REPAIR BROKEN MAIN"
"3117462","01/18/2022","10:42","AM","01/18/2022","03:00","AM","212","REPAIR BROKEN MAIN"
"3117471","01/18/2022","11:05","AM","01/18/2022","08:15","AM","212","REPAIR BROKEN MAIN"
"3117475","01/18/2022","11:14","AM","01/18/2022","00:00","AM","212","REPAIR BROKEN MAIN"
"3117485","01/18/2022","11:30","AM","01/18/2022","05:00","AM","212","REPAIR BROKEN MAIN"
"3117510","01/18/2022","12:22","PM","01/18/2022","07:30","PM","212","REPAIR BROKEN MAIN"
"3117534","01/18/2022","01:29","PM","01/18/2022","00:00","PM","212","REPAIR BROKEN MAIN"
"3117582","01/18/2022","02:44","PM","01/19/2022","03:00","PM","212","REPAIR BROKEN MAIN"
"3117624","01/18/2022","04:33","PM","01/19/2022","00:00","PM","212","REPAIR BROKEN MAIN"
"3117635","01/18/2022","04:52","PM","01/21/2022","00:00","PM","212","REPAIR BROKEN MAIN"
"3117657","01/18/2022","06:15","PM","01/19/2022","09:30","PM","212","REPAIR BROKEN MAIN"
"3117659","01/18/2022","06:31","PM","01/18/2022","11:59","PM","212","REPAIR BROKEN MAIN"
"3117668","01/18/2022","07:39","PM","01/19/2022","03:00","PM","212","REPAIR BROKEN MAIN"
"3117669","01/18/2022","06:30","PM","01/19/2022","00:00","PM","212","REPAIR BROKEN MAIN"
"3117706","01/18/2022","11:58","PM","01/20/2022","00:00","PM","212","REPAIR BROKEN MAIN"
"3117707","01/18/2022","11:50","PM","01/20/2022","06:45","PM","212","REPAIR BROKEN MAIN"
"3117317","01/17/2022","10:37","AM","01/18/2022","03:30","AM","212","REPAIR BROKEN MAIN"
"3117330","01/17/2022","12:53","PM","01/18/2022","09:30","PM","212","REPAIR BROKEN MAIN"
"3117339","01/17/2022","01:15","PM","01/18/2022","02:30","PM","212","REPAIR BROKEN MAIN"
"3117357","01/17/2022","03:56","PM","01/18/2022","03:00","PM","212","REPAIR BROKEN MAIN"
"3117371","01/17/2022","05:51","PM","01/20/2022","07:55","PM","212","REPAIR BROKEN MAIN"
"3117374","01/17/2022","06:09","PM","01/19/2022","00:00","PM","212","REPAIR BROKEN MAIN"
"3117375","01/17/2022","06:24","PM","01/18/2022","09:00","PM","212","REPAIR BROKEN MAIN"
"3117377","01/17/2022","06:27","PM","01/18/2022","05:30","PM","212","REPAIR BROKEN MAIN"
"3117386","01/17/2022","07:33","PM","01/18/2022","00:00","PM","212","REPAIR BROKEN MAIN"
"3117194","01/16/2022","06:42","AM","01/17/2022","02:00","AM","212","REPAIR BROKEN MAIN"
"3117205","01/16/2022","08:25","AM","01/17/2022","00:00","AM","212","REPAIR BROKEN MAIN"
"3117208","01/16/2022","08:38","AM","01/17/2022","00:00","AM","212","REPAIR BROKEN MAIN"
"3117211","01/16/2022","08:51","AM","01/19/2022","02:00","AM","212","REPAIR BROKEN MAIN"
"3117247","01/16/2022","12:30","PM","01/16/2022","10:00","PM","212","REPAIR BROKEN MAIN"
"3117265","01/16/2022","03:43","PM","01/17/2022","10:00","PM","212","REPAIR BROKEN MAIN"
"3117277","01/16/2022","09:12","PM","01/17/2022","00:00","PM","212","REPAIR BROKEN MAIN"
"3117094","01/15/2022","01:25","AM","01/15/2022","00:00","AM","212","REPAIR BROKEN MAIN"
"3117105","01/15/2022","09:12","AM","01/18/2022","12:45","AM","212","REPAIR BROKEN MAIN"
"3117107","01/15/2022","09:16","AM","01/16/2022","02:00","AM","212","REPAIR BROKEN MAIN"
"3117115","01/15/2022","11:02","AM","01/15/2022","09:15","AM","212","REPAIR BROKEN MAIN"
"3117122","01/15/2022","11:45","AM","01/15/2022","12:00","AM","212","REPAIR BROKEN MAIN"
"3117125","01/15/2022","12:20","PM","01/16/2022","11:45","PM","212","REPAIR BROKEN MAIN"
"3117139","01/15/2022","02:39","PM","01/16/2022","03:30","PM","212","REPAIR BROKEN MAIN"
"3117154","01/15/2022","07:00","PM","01/15/2022","00:00","PM","212","REPAIR BROKEN MAIN"
"3117157","01/15/2022","07:30","PM","01/18/2022","12:30","PM","212","REPAIR BROKEN MAIN"
"3117158","01/15/2022","08:42","PM","01/18/2022","01:55","PM","212","REPAIR BROKEN MAIN"
"3117160","01/15/2022","08:55","PM","01/16/2022","02:00","PM","212","REPAIR BROKEN MAIN"
"3116900","01/14/2022","12:31","AM","01/14/2022","01:00","AM","212","REPAIR BROKEN MAIN"
"3116919","01/14/2022","08:04","AM","01/14/2022","00:00","AM","212","REPAIR BROKEN MAIN"
"3116923","01/14/2022","08:12","AM","01/14/2022","02:40","AM","212","REPAIR BROKEN MAIN"
"3116936","01/14/2022","08:54","AM","01/14/2022","02:00","AM","212","REPAIR BROKEN MAIN"
"3116940","01/14/2022","09:17","AM","01/14/2022","00:00","AM","212","REPAIR BROKEN MAIN"
"3116988","01/14/2022","12:26","PM","01/15/2022","04:30","PM","212","REPAIR BROKEN MAIN"
"3117021","01/14/2022","02:38","PM","01/15/2022","03:00","PM","212","REPAIR BROKEN MAIN"
"3117023","01/14/2022","02:38","PM","01/15/2022","01:30","PM","212","REPAIR BROKEN MAIN"
"3117058","01/14/2022","05:30","PM","01/15/2022","00:00","PM","212","REPAIR BROKEN MAIN"
"3117066","01/14/2022","06:43","PM","01/15/2022","02:00","PM","212","REPAIR BROKEN MAIN"
"3117068","01/14/2022","07:21","PM","01/15/2022","00:00","PM","212","REPAIR BROKEN MAIN"
"3117088","01/14/2022","10:52","PM","01/15/2022","02:00","PM","212","REPAIR BROKEN MAIN"
"3116633","01/13/2022","06:37","AM","01/13/2022","02:20","AM","212","REPAIR BROKEN MAIN"
"3116651","01/13/2022","08:05","AM","01/13/2022","02:30","AM","212","REPAIR BROKEN MAIN"
"3116667","01/13/2022","08:40","AM","01/13/2022","04:45","AM","212","REPAIR BROKEN MAIN"
"3116670","01/13/2022","08:46","AM","01/14/2022","00:00","AM","212","REPAIR BROKEN MAIN"
"3116671","01/13/2022","08:48","AM","01/13/2022","05:00","AM","212","REPAIR BROKEN MAIN"
"3116679","01/13/2022","09:05","AM","01/13/2022","07:00","AM","212","REPAIR BROKEN MAIN"
"3116685","01/13/2022","09:21","AM","01/13/2022","00:00","AM","212","REPAIR BROKEN MAIN"
"3116698","01/13/2022","09:56","AM","01/13/2022","04:00","AM","212","REPAIR BROKEN MAIN"
"3116702","01/13/2022","10:08","AM","01/14/2022","01:15","AM","212","REPAIR BROKEN MAIN"
"3116707","01/13/2022","10:18","AM","01/13/2022","07:15","AM","212","REPAIR BROKEN MAIN"
"3116723","01/13/2022","11:08","AM","01/14/2022","01:30","AM","212","REPAIR BROKEN MAIN"
"3116724","01/13/2022","11:19","AM","01/13/2022","09:30","AM","212","REPAIR BROKEN MAIN"
"3116728","01/13/2022","11:29","AM","01/13/2022","04:20","AM","212","REPAIR BROKEN MAIN"
"3116843","01/13/2022","08:55","PM","01/14/2022","02:15","PM","212","REPAIR BROKEN MAIN"
"3116850","01/13/2022","09:30","PM","01/16/2022","02:00","PM","212","REPAIR BROKEN MAIN"
"3116430","01/12/2022","02:03","AM","01/12/2022","02:15","AM","212","REPAIR BROKEN MAIN"
"3116458","01/12/2022","08:13","AM","01/12/2022","12:45","AM","212","REPAIR BROKEN MAIN"
"3116473","01/12/2022","08:56","AM","01/14/2022","05:40","AM","212","REPAIR BROKEN MAIN"
"3116510","01/12/2022","12:26","PM","01/12/2022","00:00","PM","212","REPAIR BROKEN MAIN"
"3116515","01/12/2022","12:39","PM","01/12/2022","09:30","PM","212","REPAIR BROKEN MAIN"
"3116521","01/12/2022","01:18","PM","01/13/2022","02:00","PM","212","REPAIR BROKEN MAIN"
"3116568","01/12/2022","05:51","PM","01/13/2022","02:00","PM","212","REPAIR BROKEN MAIN"
"3116572","01/12/2022","06:00","PM","01/13/2022","11:45","PM","212","REPAIR BROKEN MAIN"
"3116576","01/12/2022","06:17","PM","01/12/2022","00:00","PM","212","REPAIR BROKEN MAIN"
"3116616","01/12/2022","09:36","PM","01/13/2022","00:00","PM","212","REPAIR BROKEN MAIN"
"3116626","01/12/2022","10:57","PM","01/13/2022","02:25","PM","212","REPAIR BROKEN MAIN"
"3116628","01/12/2022","10:59","PM","01/13/2022","05:30","PM","212","REPAIR BROKEN MAIN"
"3116240","01/11/2022","07:18","AM","01/11/2022","09:00","AM","212","REPAIR BROKEN MAIN"
"3116253","01/11/2022","07:57","AM","01/11/2022","02:30","AM","212","REPAIR BROKEN MAIN"
"3116255","01/11/2022","08:05","AM","01/11/2022","02:00","AM","212","REPAIR BROKEN MAIN"
"3116262","01/11/2022","08:17","AM","01/11/2022","09:00","AM","212","REPAIR BROKEN MAIN"
"3116269","01/11/2022","08:28","AM","01/12/2022","00:00","AM","212","REPAIR BROKEN MAIN"
"3116276","01/11/2022","08:47","AM","01/11/2022","00:00","AM","212","REPAIR BROKEN MAIN"
"3116286","01/11/2022","09:29","AM","01/12/2022","00:00","AM","212","REPAIR BROKEN MAIN"
"3116320","01/11/2022","11:31","AM","01/11/2022","09:45","AM","212","REPAIR BROKEN MAIN"
"3116325","01/11/2022","11:56","AM","01/11/2022","09:45","AM","212","REPAIR BROKEN MAIN"
"3116326","01/11/2022","12:09","PM","01/12/2022","08:00","PM","212","REPAIR BROKEN MAIN"
"3116330","01/11/2022","12:24","PM","01/12/2022","01:20","PM","212","REPAIR BROKEN MAIN"
"3116332","01/11/2022","12:32","PM","01/11/2022","08:00","PM","212","REPAIR BROKEN MAIN"
"3116363","01/11/2022","02:54","PM","01/12/2022","00:00","PM","212","REPAIR BROKEN MAIN"
"3116396","01/11/2022","04:42","PM","01/13/2022","11:30","PM","212","REPAIR BROKEN MAIN"
"3116397","01/11/2022","04:45","PM","01/12/2022","02:15","PM","212","REPAIR BROKEN MAIN"
"3116424","01/11/2022","08:00","PM","01/12/2022","00:00","PM","212","REPAIR BROKEN MAIN"
"3116427","01/11/2022","10:44","PM","01/12/2022","02:00","PM","212","REPAIR BROKEN MAIN"
"3115978","01/10/2022","05:42","AM","01/10/2022","01:30","AM","212","REPAIR BROKEN MAIN"
"3115986","01/10/2022","08:15","AM","01/10/2022","07:15","AM","212","REPAIR BROKEN MAIN"
"3115996","01/10/2022","08:51","AM","01/12/2022","00:00","AM","212","REPAIR BROKEN MAIN"
"3116005","01/10/2022","09:14","AM","01/11/2022","03:25","AM","212","REPAIR BROKEN MAIN"
"3116009","01/10/2022","09:26","AM","01/10/2022","00:00","AM","212","REPAIR BROKEN MAIN"
"3116012","01/10/2022","09:33","AM","01/11/2022","02:00","AM","212","REPAIR BROKEN MAIN"
"3116034","01/10/2022","10:22","AM","01/10/2022","04:30","AM","212","REPAIR BROKEN MAIN"
"3116040","01/10/2022","10:31","AM","01/10/2022","08:45","AM","212","REPAIR BROKEN MAIN"
"3116063","01/10/2022","10:56","AM","01/10/2022","03:00","AM","212","REPAIR BROKEN MAIN"
"3116122","01/10/2022","01:29","PM","01/10/2022","08:00","PM","212","REPAIR BROKEN MAIN"
"3116134","01/10/2022","02:30","PM","01/11/2022","02:15","PM","212","REPAIR BROKEN MAIN"
"3116147","01/10/2022","03:49","PM","01/10/2022","10:15","PM","212","REPAIR BROKEN MAIN"
"3116155","01/10/2022","04:28","PM","01/11/2022","01:45","PM","212","REPAIR BROKEN MAIN"
"3116176","01/10/2022","06:15","PM","01/11/2022","02:00","PM","212","REPAIR BROKEN MAIN"
"3116177","01/10/2022","06:33","PM","01/11/2022","02:15","PM","212","REPAIR BROKEN MAIN"
"3116180","01/10/2022","07:07","PM","01/11/2022","05:30","PM","212","REPAIR BROKEN MAIN"
"3116181","01/10/2022","07:10","PM","01/11/2022","00:00","PM","212","REPAIR BROKEN MAIN"
"3116219","01/10/2022","10:09","PM","01/12/2022","05:30","PM","212","REPAIR BROKEN MAIN"
"3115938","01/09/2022","01:24","AM","01/11/2022","00:00","AM","212","REPAIR BROKEN MAIN"
"3115939","01/09/2022","01:31","AM","01/10/2022","00:00","AM","212","REPAIR BROKEN MAIN"
"3115945","01/09/2022","11:50","AM","01/10/2022","11:30","AM","212","REPAIR BROKEN MAIN"
"3115951","01/09/2022","12:46","PM","01/10/2022","00:00","PM","212","REPAIR BROKEN MAIN"
"3115955","01/09/2022","02:04","PM","01/10/2022","03:10","PM","212","REPAIR BROKEN MAIN"
"3115956","01/09/2022","02:05","PM","01/10/2022","01:00","PM","212","REPAIR BROKEN MAIN"
"3115973","01/09/2022","09:47","PM","01/10/2022","11:00","PM","212","REPAIR BROKEN MAIN"
"3115883","01/08/2022","08:56","AM","01/08/2022","06:50","AM","212","REPAIR BROKEN MAIN"
"3115884","01/08/2022","09:07","AM","01/08/2022","00:00","AM","212","REPAIR BROKEN MAIN"
"3115885","01/08/2022","09:20","AM","01/10/2022","00:00","AM","212","REPAIR BROKEN MAIN"
"3115896","01/08/2022","11:23","AM","01/10/2022","01:15","AM","212","REPAIR BROKEN MAIN"
"3115903","01/08/2022","12:21","PM","01/08/2022","00:00","PM","212","REPAIR BROKEN MAIN"
"3115932","01/08/2022","08:55","PM","01/10/2022","01:00","PM","212","REPAIR BROKEN MAIN"
"3115933","01/08/2022","09:14","PM","01/09/2022","00:00","PM","212","REPAIR BROKEN MAIN"
"3115937","01/08/2022","11:50","PM","01/10/2022","00:00","PM","212","REPAIR BROKEN MAIN"
"3115558","01/07/2022","08:37","AM","01/07/2022","03:10","AM","212","REPAIR BROKEN MAIN"
"3115561","01/07/2022","09:01","AM","01/07/2022","01:00","AM","212","REPAIR BROKEN MAIN"
"3115568","01/07/2022","09:34","AM","01/07/2022","02:30","AM","212","REPAIR BROKEN MAIN"
"3115593","01/07/2022","11:20","AM","01/07/2022","04:00","AM","212","REPAIR BROKEN MAIN"
"3115594","01/07/2022","11:31","AM","01/07/2022","00:00","AM","212","REPAIR BROKEN MAIN"
"3115598","01/07/2022","12:06","PM","01/07/2022","07:15","PM","212","REPAIR BROKEN MAIN"
"3115615","01/07/2022","01:55","PM","01/07/2022","08:45","PM","212","REPAIR BROKEN MAIN"
"3115616","01/07/2022","02:11","PM","01/08/2022","12:30","PM","212","REPAIR BROKEN MAIN"
"3115645","01/07/2022","06:05","PM","01/08/2022","09:30","PM","212","REPAIR BROKEN MAIN"
"3115505","01/06/2022","08:49","PM","01/07/2022","02:45","PM","212","REPAIR BROKEN MAIN"
"3115507","01/06/2022","10:26","PM","01/07/2022","02:00","PM","212","REPAIR BROKEN MAIN"
"3115162","01/05/2022","02:24","PM","01/05/2022","08:15","PM","212","REPAIR BROKEN MAIN"
"3114924","01/04/2022","06:08","AM","01/04/2022","04:15","AM","212","REPAIR BROKEN MAIN"
"3114583","12/31/2021","08:23","AM","12/31/2021","00:00","AM","212","REPAIR BROKEN MAIN"
"3114604","12/31/2021","04:23","PM","12/31/2021","00:00","PM","212","REPAIR BROKEN MAIN"
"3114614","12/31/2021","07:31","PM","01/01/2022","03:00","PM","212","REPAIR BROKEN MAIN"
"3114426","12/30/2021","08:56","AM","12/30/2021","00:00","AM","212","REPAIR BROKEN MAIN"
"3114212","12/29/2021","12:20","AM","12/29/2021","02:15","AM","212","REPAIR BROKEN MAIN"
"3114251","12/29/2021","08:46","AM","12/29/2021","02:30","AM","212","REPAIR BROKEN MAIN"
"3114279","12/29/2021","10:03","AM","12/29/2021","00:00","AM","212","REPAIR BROKEN MAIN"
"3114321","12/29/2021","12:21","PM","12/29/2021","05:30","PM","212","REPAIR BROKEN MAIN"
"3114334","12/29/2021","01:15","PM","12/30/2021","12:45","PM","212","REPAIR BROKEN MAIN"
"3114368","12/29/2021","04:53","PM","12/30/2021","11:00","PM","212","REPAIR BROKEN MAIN"
"3114378","12/29/2021","07:43","PM","12/30/2021","01:15","PM","212","REPAIR BROKEN MAIN"
"3114006","12/28/2021","01:41","AM","12/28/2021","04:45","AM","212","REPAIR BROKEN MAIN"
"3114140","12/28/2021","01:42","PM","12/28/2021","09:30","PM","212","REPAIR BROKEN MAIN"
"3114184","12/28/2021","05:23","PM","12/29/2021","11:30","PM","212","REPAIR BROKEN MAIN"
"3114196","12/28/2021","08:48","PM","12/29/2021","11:00","PM","212","REPAIR BROKEN MAIN"
"3114199","12/28/2021","09:06","PM","12/29/2021","01:00","PM","212","REPAIR BROKEN MAIN"
"3113898","12/27/2021","08:48","AM","12/27/2021","02:00","AM","212","REPAIR BROKEN MAIN"
"3113904","12/27/2021","09:19","AM","12/27/2021","06:35","AM","212","REPAIR BROKEN MAIN"
"3113933","12/27/2021","11:30","AM","12/28/2021","01:30","AM","212","REPAIR BROKEN MAIN"
"3113810","12/26/2021","12:34","AM","12/27/2021","00:00","AM","212","REPAIR BROKEN MAIN"
"3113819","12/26/2021","10:22","AM","12/27/2021","02:00","AM","212","REPAIR BROKEN MAIN"
"3113824","12/26/2021","11:33","AM","12/27/2021","02:30","AM","212","REPAIR BROKEN MAIN"
"3113826","12/26/2021","11:56","AM","12/27/2021","00:00","AM","212","REPAIR BROKEN MAIN"
"3113831","12/26/2021","01:21","PM","12/27/2021","00:00","PM","212","REPAIR BROKEN MAIN"
"3113782","12/25/2021","09:53","AM","12/27/2021","04:30","AM","212","REPAIR BROKEN MAIN"
"3113783","12/25/2021","09:56","AM","12/27/2021","00:00","AM","212","REPAIR BROKEN MAIN"
"3113786","12/25/2021","11:41","AM","12/25/2021","00:00","AM","212","REPAIR BROKEN MAIN"
"3113787","12/25/2021","11:58","AM","12/26/2021","02:10","AM","212","REPAIR BROKEN MAIN"
"3113789","12/25/2021","12:25","PM","12/25/2021","06:00","PM","212","REPAIR BROKEN MAIN"
"3113799","12/25/2021","03:55","PM","12/28/2021","12:00","PM","212","REPAIR BROKEN MAIN"
"3113717","12/24/2021","08:24","AM","12/24/2021","00:00","AM","212","REPAIR BROKEN MAIN"
"3113747","12/24/2021","01:20","PM","12/24/2021","11:45","PM","212","REPAIR BROKEN MAIN"
"3113766","12/24/2021","06:56","PM","12/26/2021","00:00","PM","212","REPAIR BROKEN MAIN"
"3113773","12/24/2021","09:43","PM","12/26/2021","03:30","PM","212","REPAIR BROKEN MAIN"
"3113775","12/24/2021","09:56","PM","12/27/2021","04:00","PM","212","REPAIR BROKEN MAIN"
"3113563","12/23/2021","06:53","AM","12/23/2021","02:30","AM","212","REPAIR BROKEN MAIN"
"3113570","12/23/2021","07:44","AM","12/26/2021","12:30","AM","212","REPAIR BROKEN MAIN"
"3113572","12/23/2021","08:19","AM","12/23/2021","12:45","AM","212","REPAIR BROKEN MAIN"
"3113587","12/23/2021","09:38","AM","12/23/2021","09:30","AM","212","REPAIR BROKEN MAIN"
"3113590","12/23/2021","09:44","AM","12/23/2021","01:45","AM","212","REPAIR BROKEN MAIN"
"3113598","12/23/2021","10:25","AM","12/23/2021","04:30","AM","212","REPAIR BROKEN MAIN"
"3113609","12/23/2021","11:30","AM","12/23/2021","09:30","AM","212","REPAIR BROKEN MAIN"
"3113651","12/23/2021","06:49","PM","12/24/2021","00:00","PM","212","REPAIR BROKEN MAIN"
"3113652","12/23/2021","06:58","PM","12/25/2021","00:00","PM","212","REPAIR BROKEN MAIN"
"3113654","12/23/2021","07:03","PM","12/24/2021","02:00","PM","212","REPAIR BROKEN MAIN"
"3113449","12/22/2021","08:30","AM","12/22/2021","02:50","AM","212","REPAIR BROKEN MAIN"
"3113452","12/22/2021","09:04","AM","12/22/2021","04:00","AM","212","REPAIR BROKEN MAIN"
"3113458","12/22/2021","09:48","AM","12/22/2021","08:50","AM","212","REPAIR BROKEN MAIN"
"3113497","12/22/2021","01:25","PM","12/22/2021","05:45","PM","212","REPAIR BROKEN MAIN"
"3113035","12/20/2021","08:17","AM","12/20/2021","02:00","AM","212","REPAIR BROKEN MAIN"
"3113048","12/20/2021","09:01","AM","12/20/2021","00:00","AM","212","REPAIR BROKEN MAIN"
"3113050","12/20/2021","09:15","AM","12/20/2021","00:00","AM","212","REPAIR BROKEN MAIN"
"3113051","12/20/2021","09:22","AM","12/20/2021","06:15","AM","212","REPAIR BROKEN MAIN"
"3113180","12/20/2021","02:47","PM","12/20/2021","10:00","PM","212","REPAIR BROKEN MAIN"
"3112965","12/19/2021","10:36","AM","12/21/2021","12:45","AM","212","REPAIR BROKEN MAIN"
"3112979","12/19/2021","01:03","PM","12/20/2021","02:30","PM","212","REPAIR BROKEN MAIN"
"3112735","12/17/2021","03:21","AM","12/18/2021","03:00","AM","212","REPAIR BROKEN MAIN"
"3112737","12/17/2021","04:41","AM","12/17/2021","07:30","AM","212","REPAIR BROKEN MAIN"
"3112850","12/17/2021","02:38","PM","12/17/2021","09:30","PM","212","REPAIR BROKEN MAIN"
"3112856","12/17/2021","03:30","PM","12/20/2021","00:00","PM","212","REPAIR BROKEN MAIN"
"3112121","12/16/2021","08:20","AM","12/16/2021","01:30","AM","212","REPAIR BROKEN MAIN"
"3112135","12/16/2021","09:21","AM","12/16/2021","00:00","AM","212","REPAIR BROKEN MAIN"
"3112172","12/16/2021","01:25","PM","12/16/2021","04:45","PM","212","REPAIR BROKEN MAIN"
"3112224","12/16/2021","06:56","PM","12/17/2021","12:15","PM","212","REPAIR BROKEN MAIN"
"3111922","12/15/2021","08:05","AM","12/15/2021","02:00","AM","212","REPAIR BROKEN MAIN"
"3111925","12/15/2021","08:28","AM","12/16/2021","02:00","AM","212","REPAIR BROKEN MAIN"
"3112044","12/15/2021","02:40","PM","12/15/2021","10:10","PM","212","REPAIR BROKEN MAIN"
"3112071","12/15/2021","04:50","PM","12/16/2021","12:15","PM","212","REPAIR BROKEN MAIN"
"3111755","12/14/2021","07:13","AM","12/14/2021","09:00","AM","212","REPAIR BROKEN MAIN"
"3111872","12/14/2021","04:37","PM","12/15/2021","04:00","PM","212","REPAIR BROKEN MAIN"
"3111536","12/13/2021","08:09","AM","12/13/2021","01:30","AM","212","REPAIR BROKEN MAIN"
"3111582","12/13/2021","10:47","AM","12/13/2021","06:50","AM","212","REPAIR BROKEN MAIN"
"3111744","12/13/2021","10:26","PM","12/14/2021","11:00","PM","212","REPAIR BROKEN MAIN"
"3111445","12/12/2021","02:32","AM","12/12/2021","07:00","AM","212","REPAIR BROKEN MAIN"
"3111451","12/12/2021","08:29","AM","12/13/2021","12:00","AM","212","REPAIR BROKEN MAIN"
"3111453","12/12/2021","09:06","AM","12/13/2021","00:00","AM","212","REPAIR BROKEN MAIN"
"3111456","12/12/2021","10:13","AM","12/12/2021","05:10","AM","212","REPAIR BROKEN MAIN"
"3111480","12/12/2021","04:20","PM","12/12/2021","10:00","PM","212","REPAIR BROKEN MAIN"
"3111405","12/11/2021","08:59","AM","12/11/2021","00:00","AM","212","REPAIR BROKEN MAIN"
"3111423","12/11/2021","12:11","PM","12/12/2021","11:55","PM","212","REPAIR BROKEN MAIN"
"3111241","12/10/2021","05:25","AM","12/10/2021","02:30","AM","212","REPAIR BROKEN MAIN"
"3111271","12/10/2021","09:34","AM","12/12/2021","12:00","AM","212","REPAIR BROKEN MAIN"
"3111293","12/10/2021","10:45","AM","12/10/2021","03:30","AM","212","REPAIR BROKEN MAIN"
"3111006","12/09/2021","01:03","AM","12/10/2021","05:00","AM","212","REPAIR BROKEN MAIN"
"3111030","12/09/2021","07:39","AM","12/09/2021","01:15","AM","212","REPAIR BROKEN MAIN"
"3111062","12/09/2021","09:45","AM","12/09/2021","00:00","AM","212","REPAIR BROKEN MAIN"
"3111090","12/09/2021","11:37","AM","12/10/2021","01:00","AM","212","REPAIR BROKEN MAIN"
"3111146","12/09/2021","04:21","PM","12/10/2021","00:00","PM","212","REPAIR BROKEN MAIN"
"3110391","12/08/2021","02:21","AM","12/08/2021","12:00","AM","212","REPAIR BROKEN MAIN"
"3110404","12/08/2021","07:46","AM","12/08/2021","05:00","AM","212","REPAIR BROKEN MAIN"
"3110433","12/08/2021","08:48","AM","12/08/2021","06:10","AM","212","REPAIR BROKEN MAIN"
"3110497","12/08/2021","01:01","PM","12/08/2021","00:00","PM","212","REPAIR BROKEN MAIN"
"3110996","12/08/2021","08:25","PM","12/09/2021","02:50","PM","212","REPAIR BROKEN MAIN"
"3111002","12/08/2021","10:50","PM","12/09/2021","05:00","PM","212","REPAIR BROKEN MAIN"
"3109830","12/07/2021","12:39","AM","12/07/2021","07:45","AM","212","REPAIR BROKEN MAIN"
"3109862","12/07/2021","08:40","AM","12/07/2021","09:30","AM","212","REPAIR BROKEN MAIN"
"3109975","12/07/2021","03:15","PM","12/07/2021","11:00","PM","212","REPAIR BROKEN MAIN"
"3109983","12/07/2021","03:44","PM","12/08/2021","01:10","PM","212","REPAIR BROKEN MAIN"
"3109996","12/07/2021","04:58","PM","12/08/2021","02:35","PM","212","REPAIR BROKEN MAIN"
"3109613","12/06/2021","06:34","AM","12/07/2021","00:00","AM","212","REPAIR BROKEN MAIN"
"3109649","12/06/2021","09:13","AM","12/06/2021","03:00","AM","212","REPAIR BROKEN MAIN"
"3109792","12/06/2021","05:45","PM","12/06/2021","11:00","PM","212","REPAIR BROKEN MAIN"
"3109563","12/05/2021","08:41","AM","12/05/2021","02:45","AM","212","REPAIR BROKEN MAIN"
"3109572","12/05/2021","12:13","PM","12/06/2021","00:00","PM","212","REPAIR BROKEN MAIN"
"3109581","12/05/2021","01:00","PM","12/05/2021","07:45","PM","212","REPAIR BROKEN MAIN"
"3109590","12/05/2021","04:15","PM","12/05/2021","09:40","PM","212","REPAIR BROKEN MAIN"
"3109486","12/04/2021","03:30","AM","12/04/2021","02:00","AM","212","REPAIR BROKEN MAIN"
"3109500","12/04/2021","08:47","AM","12/04/2021","00:00","AM","212","REPAIR BROKEN MAIN"
"3109506","12/04/2021","09:16","AM","12/04/2021","10:45","AM","212","REPAIR BROKEN MAIN"
"3109530","12/04/2021","01:50","PM","12/04/2021","10:00","PM","212","REPAIR BROKEN MAIN"
"3109531","12/04/2021","02:19","PM","12/05/2021","01:30","PM","212","REPAIR BROKEN MAIN"
"3109548","12/04/2021","05:44","PM","12/06/2021","02:20","PM","212","REPAIR BROKEN MAIN"
"3109549","12/04/2021","05:46","PM","12/04/2021","11:00","PM","212","REPAIR BROKEN MAIN"
"3109296","12/03/2021","06:28","AM","12/03/2021","02:45","AM","212","REPAIR BROKEN MAIN"
"3109322","12/03/2021","08:19","AM","12/03/2021","03:00","AM","212","REPAIR BROKEN MAIN"
"3109324","12/03/2021","08:30","AM","12/03/2021","02:40","AM","212","REPAIR BROKEN MAIN"
"3109392","12/03/2021","12:34","PM","12/03/2021","07:15","PM","212","REPAIR BROKEN MAIN"
"3109452","12/03/2021","05:14","PM","12/04/2021","12:30","PM","212","REPAIR BROKEN MAIN"
"3109169","12/02/2021","11:17","AM","12/02/2021","08:00","AM","212","REPAIR BROKEN MAIN"
"3107905","12/01/2021","02:08","AM","12/01/2021","12:30","AM","212","REPAIR BROKEN MAIN"
"3107909","12/01/2021","05:24","AM","12/01/2021","05:00","AM","212","REPAIR BROKEN MAIN"
"3107942","12/01/2021","08:44","AM","12/01/2021","02:00","AM","212","REPAIR BROKEN MAIN"
"3107635","11/30/2021","06:19","AM","11/30/2021","02:45","AM","212","REPAIR BROKEN MAIN"
"3107677","11/30/2021","08:43","AM","12/01/2021","05:00","AM","212","REPAIR BROKEN MAIN"
"3107698","11/30/2021","09:30","AM","11/30/2021","02:30","AM","212","REPAIR BROKEN MAIN"
"3107705","11/30/2021","09:38","AM","12/01/2021","01:30","AM","212","REPAIR BROKEN MAIN"
"3107803","11/30/2021","02:29","PM","11/30/2021","12:30","PM","212","REPAIR BROKEN MAIN"
"3107829","11/30/2021","03:49","PM","11/30/2021","10:10","PM","212","REPAIR BROKEN MAIN"
"3107834","11/30/2021","04:14","PM","12/01/2021","02:00","PM","212","REPAIR BROKEN MAIN"
"3107884","11/30/2021","09:10","PM","12/01/2021","03:00","PM","212","REPAIR BROKEN MAIN"
"3107887","11/30/2021","09:37","PM","12/01/2021","01:30","PM","212","REPAIR BROKEN MAIN"
"3107892","11/30/2021","10:29","PM","12/01/2021","02:00","PM","212","REPAIR BROKEN MAIN"
"3107411","11/29/2021","07:04","AM","11/29/2021","03:00","AM","212","REPAIR BROKEN MAIN"
"3107429","11/29/2021","08:16","AM","11/29/2021","00:00","AM","212","REPAIR BROKEN MAIN"
"3107457","11/29/2021","09:38","AM","11/29/2021","00:00","AM","212","REPAIR BROKEN MAIN"
"3107523","11/29/2021","01:48","PM","11/29/2021","05:40","PM","212","REPAIR BROKEN MAIN"
"3107571","11/29/2021","07:30","AM","11/29/2021","05:00","AM","212","REPAIR BROKEN MAIN"
"3107611","11/29/2021","09:30","PM","11/30/2021","03:00","PM","212","REPAIR BROKEN MAIN"
"3107325","11/28/2021","01:11","AM","11/28/2021","00:00","AM","212","REPAIR BROKEN MAIN"
"3107350","11/28/2021","10:14","AM","11/29/2021","00:00","AM","212","REPAIR BROKEN MAIN"
"3107353","11/28/2021","10:45","AM","11/28/2021","10:15","AM","212","REPAIR BROKEN MAIN"
"3107362","11/28/2021","02:01","PM","12/02/2021","11:15","PM","212","REPAIR BROKEN MAIN"
"3107371","11/28/2021","03:40","PM","11/29/2021","02:30","PM","212","REPAIR BROKEN MAIN"
"3107386","11/28/2021","07:15","PM","11/29/2021","03:50","PM","212","REPAIR BROKEN MAIN"
"3107396","11/28/2021","09:45","PM","11/30/2021","00:00","PM","212","REPAIR BROKEN MAIN"
"3107400","11/28/2021","11:35","PM","12/09/2021","00:00","PM","212","REPAIR BROKEN MAIN"
"3107248","11/27/2021","12:06","AM","11/28/2021","00:00","AM","212","REPAIR BROKEN MAIN"
"3107251","11/27/2021","05:51","AM","11/27/2021","02:20","AM","212","REPAIR BROKEN MAIN"
"3107257","11/27/2021","08:49","AM","11/27/2021","04:00","AM","212","REPAIR BROKEN MAIN"
"3107269","11/27/2021","10:00","AM","11/27/2021","00:00","AM","212","REPAIR BROKEN MAIN"
"3107278","11/27/2021","12:44","PM","11/29/2021","00:00","PM","212","REPAIR BROKEN MAIN"
"3107286","11/27/2021","01:24","PM","11/28/2021","06:00","PM","212","REPAIR BROKEN MAIN"
"3107289","11/27/2021","01:46","PM","11/28/2021","00:00","PM","212","REPAIR BROKEN MAIN"
"3107304","11/27/2021","06:00","PM","11/29/2021","07:30","PM","212","REPAIR BROKEN MAIN"
"3107305","11/27/2021","06:05","PM","11/29/2021","01:45","PM","212","REPAIR BROKEN MAIN"
"3107307","11/27/2021","06:39","PM","11/28/2021","11:45","PM","212","REPAIR BROKEN MAIN"
"3107311","11/27/2021","08:10","PM","11/29/2021","08:20","PM","212","REPAIR BROKEN MAIN"
"3107318","11/27/2021","10:18","PM","11/27/2021","00:00","PM","212","REPAIR BROKEN MAIN"
"3107322","11/27/2021","11:49","PM","11/28/2021","03:30","PM","212","REPAIR BROKEN MAIN"
"3107191","11/26/2021","07:31","AM","11/26/2021","10:00","AM","212","REPAIR BROKEN MAIN"
"3107192","11/26/2021","08:10","AM","11/26/2021","00:00","AM","212","REPAIR BROKEN MAIN"
"3107194","11/26/2021","08:41","AM","11/26/2021","00:00","AM","212","REPAIR BROKEN MAIN"
"3107206","11/26/2021","10:25","AM","11/27/2021","02:40","AM","212","REPAIR BROKEN MAIN"
"3107245","11/26/2021","08:58","PM","11/29/2021","00:00","PM","212","REPAIR BROKEN MAIN"
"3107122","11/25/2021","06:27","AM","11/26/2021","12:00","AM","212","REPAIR BROKEN MAIN"
"3107144","11/25/2021","03:45","PM","11/26/2021","10:30","PM","212","REPAIR BROKEN MAIN"
"3107145","11/25/2021","04:18","PM","11/26/2021","10:00","PM","212","REPAIR BROKEN MAIN"
"3107150","11/25/2021","07:45","PM","11/29/2021","07:00","PM","212","REPAIR BROKEN MAIN"
"3106941","11/24/2021","07:44","AM","11/24/2021","01:00","AM","212","REPAIR BROKEN MAIN"
"3106977","11/24/2021","09:33","AM","11/24/2021","02:35","AM","212","REPAIR BROKEN MAIN"
"3107014","11/24/2021","10:47","AM","11/24/2021","04:00","AM","212","REPAIR BROKEN MAIN"
"3107036","11/24/2021","12:20","PM","11/24/2021","10:00","PM","212","REPAIR BROKEN MAIN"
"3107060","11/24/2021","02:03","PM","11/24/2021","08:00","PM","212","REPAIR BROKEN MAIN"
"3107064","11/24/2021","02:20","PM","11/24/2021","00:00","PM","212","REPAIR BROKEN MAIN"
"3106754","11/23/2021","07:05","AM","11/23/2021","02:35","AM","212","REPAIR BROKEN MAIN"
"3106772","11/23/2021","08:41","AM","11/23/2021","02:30","AM","212","REPAIR BROKEN MAIN"
"3106798","11/23/2021","09:47","AM","11/24/2021","01:00","AM","212","REPAIR BROKEN MAIN"
"3106854","11/23/2021","01:13","PM","11/23/2021","07:10","PM","212","REPAIR BROKEN MAIN"
"3106928","11/23/2021","11:53","PM","11/24/2021","02:00","PM","212","REPAIR BROKEN MAIN"
"3106638","11/22/2021","11:40","AM","11/22/2021","00:00","AM","212","REPAIR BROKEN MAIN"
"3106648","11/22/2021","12:06","PM","11/22/2021","10:30","PM","212","REPAIR BROKEN MAIN"
"3106666","11/22/2021","01:18","PM","11/23/2021","00:00","PM","212","REPAIR BROKEN MAIN"
"3106674","11/22/2021","01:45","PM","11/22/2021","07:30","PM","212","REPAIR BROKEN MAIN"
"3106501","11/21/2021","08:30","AM","11/21/2021","10:15","AM","212","REPAIR BROKEN MAIN"
"3106502","11/21/2021","08:37","AM","11/23/2021","00:00","AM","212","REPAIR BROKEN MAIN"
"3106508","11/21/2021","09:59","AM","11/21/2021","03:35","AM","212","REPAIR BROKEN MAIN"
"3106537","11/21/2021","02:48","PM","11/22/2021","03:15","PM","212","REPAIR BROKEN MAIN"
"3106539","11/21/2021","04:01","PM","11/22/2021","12:00","PM","212","REPAIR BROKEN MAIN"
"3106541","11/21/2021","04:20","PM","11/21/2021","11:55","PM","212","REPAIR BROKEN MAIN"
"3106550","11/21/2021","08:30","PM","11/22/2021","03:45","PM","212","REPAIR BROKEN MAIN"
"3106444","11/20/2021","06:31","AM","11/20/2021","08:30","AM","212","REPAIR BROKEN MAIN"
"3106452","11/20/2021","09:10","AM","11/22/2021","02:30","AM","212","REPAIR BROKEN MAIN"
"3106472","11/20/2021","01:22","PM","11/20/2021","07:00","PM","212","REPAIR BROKEN MAIN"
"3106482","11/20/2021","03:19","PM","11/22/2021","02:30","PM","212","REPAIR BROKEN MAIN"
"3106275","11/19/2021","07:22","AM","11/19/2021","01:45","AM","212","REPAIR BROKEN MAIN"
"3106287","11/19/2021","08:11","AM","11/19/2021","07:15","AM","212","REPAIR BROKEN MAIN"
"3106288","11/19/2021","08:12","AM","11/19/2021","03:00","AM","212","REPAIR BROKEN MAIN"
"3106330","11/19/2021","10:41","AM","11/20/2021","05:15","AM","212","REPAIR BROKEN MAIN"
"3106339","11/19/2021","10:53","AM","11/20/2021","03:00","AM","212","REPAIR BROKEN MAIN"
"3104365","11/18/2021","02:52","AM","11/18/2021","02:30","AM","212","REPAIR BROKEN MAIN"
"3104369","11/18/2021","06:21","AM","11/18/2021","02:30","AM","212","REPAIR BROKEN MAIN"
"3104379","11/18/2021","07:31","AM","11/18/2021","02:15","AM","212","REPAIR BROKEN MAIN"
"3104546","11/18/2021","12:49","PM","11/19/2021","00:00","PM","212","REPAIR BROKEN MAIN"
"3104580","11/18/2021","02:08","PM","11/18/2021","07:00","PM","212","REPAIR BROKEN MAIN"
"3104602","11/18/2021","04:08","PM","11/19/2021","04:15","PM","212","REPAIR BROKEN MAIN"
"3103955","11/16/2021","12:58","AM","11/16/2021","02:30","AM","212","REPAIR BROKEN MAIN"
"3103993","11/16/2021","08:45","AM","11/16/2021","02:00","AM","212","REPAIR BROKEN MAIN"
"3103795","11/15/2021","08:15","AM","11/15/2021","02:30","AM","212","REPAIR BROKEN MAIN"
"3103840","11/15/2021","11:16","AM","12/13/2021","02:15","AM","212","REPAIR BROKEN MAIN"
"3103877","11/15/2021","02:10","PM","11/15/2021","09:15","PM","212","REPAIR BROKEN MAIN"
"3103742","11/14/2021","12:41","PM","11/14/2021","07:00","PM","212","REPAIR BROKEN MAIN"
"3103758","11/14/2021","09:39","PM","11/15/2021","12:30","PM","212","REPAIR BROKEN MAIN"
"3103770","11/14/2021","10:56","PM","11/15/2021","02:00","PM","212","REPAIR BROKEN MAIN"
"3103639","11/12/2021","01:58","PM","11/13/2021","01:30","PM","212","REPAIR BROKEN MAIN"
"3103641","11/12/2021","02:10","PM","11/15/2021","01:30","PM","212","REPAIR BROKEN MAIN"
"3103643","11/12/2021","02:21","PM","11/12/2021","10:30","PM","212","REPAIR BROKEN MAIN"
"3103679","11/12/2021","05:21","PM","11/13/2021","02:00","PM","212","REPAIR BROKEN MAIN"
"3103252","11/10/2021","02:04","AM","11/10/2021","06:15","AM","212","REPAIR BROKEN MAIN"
"3103254","11/10/2021","05:17","AM","11/10/2021","04:00","AM","212","REPAIR BROKEN MAIN"
"3103409","11/10/2021","04:50","PM","11/11/2021","03:00","PM","212","REPAIR BROKEN MAIN"
"3102752","11/09/2021","06:39","AM","11/09/2021","00:00","AM","212","REPAIR BROKEN MAIN"
"3102754","11/09/2021","07:33","AM","11/09/2021","03:00","AM","212","REPAIR BROKEN MAIN"
"3102770","11/09/2021","08:17","AM","11/09/2021","00:00","AM","212","REPAIR BROKEN MAIN"
"3102806","11/09/2021","08:54","AM","11/09/2021","02:30","AM","212","REPAIR BROKEN MAIN"
"3102848","11/09/2021","10:07","AM","11/09/2021","00:00","AM","212","REPAIR BROKEN MAIN"
"3102852","11/09/2021","10:15","AM","11/10/2021","02:10","AM","212","REPAIR BROKEN MAIN"
"3102854","11/09/2021","10:28","AM","11/09/2021","10:30","AM","212","REPAIR BROKEN MAIN"
"3102875","11/09/2021","11:18","AM","11/09/2021","09:45","AM","212","REPAIR BROKEN MAIN"
"3102936","11/09/2021","03:08","PM","11/10/2021","00:00","PM","212","REPAIR BROKEN MAIN"
"3102949","11/09/2021","04:21","PM","11/09/2021","09:50","PM","212","REPAIR BROKEN MAIN"
"3102956","11/09/2021","04:45","PM","11/10/2021","06:50","PM","212","REPAIR BROKEN MAIN"
"3102177","11/08/2021","06:06","AM","11/08/2021","05:15","AM","212","REPAIR BROKEN MAIN"
"3102200","11/08/2021","08:11","AM","11/08/2021","00:00","AM","212","REPAIR BROKEN MAIN"
"3102220","11/08/2021","08:52","AM","11/08/2021","05:00","AM","212","REPAIR BROKEN MAIN"
"3102221","11/08/2021","09:02","AM","11/08/2021","03:20","AM","212","REPAIR BROKEN MAIN"
"3102089","11/07/2021","05:11","AM","11/07/2021","08:30","AM","212","REPAIR BROKEN MAIN"
"3102092","11/07/2021","07:23","AM","11/07/2021","07:20","AM","212","REPAIR BROKEN MAIN"
"3102130","11/07/2021","02:54","PM","11/08/2021","00:00","PM","212","REPAIR BROKEN MAIN"
"3102143","11/07/2021","06:55","PM","11/07/2021","11:50","PM","212","REPAIR BROKEN MAIN"
"3102145","11/07/2021","07:46","PM","11/08/2021","03:30","PM","212","REPAIR BROKEN MAIN"
"3102042","11/06/2021","11:06","AM","11/07/2021","11:50","AM","212","REPAIR BROKEN MAIN"
"3102045","11/06/2021","11:17","AM","11/06/2021","04:30","AM","212","REPAIR BROKEN MAIN"
"3102048","11/06/2021","11:54","AM","11/07/2021","00:00","AM","212","REPAIR BROKEN MAIN"
"3102069","11/06/2021","03:22","PM","11/07/2021","09:15","PM","212","REPAIR BROKEN MAIN"
"3102087","11/06/2021","10:51","PM","11/07/2021","00:00","PM","212","REPAIR BROKEN MAIN"
"3101767","11/05/2021","04:43","AM","11/05/2021","00:00","AM","212","REPAIR BROKEN MAIN"
"3101781","11/05/2021","08:13","AM","11/05/2021","02:30","AM","212","REPAIR BROKEN MAIN"
"3101793","11/05/2021","09:16","AM","11/05/2021","02:30","AM","212","REPAIR BROKEN MAIN"
"3101797","11/05/2021","09:27","AM","11/05/2021","02:15","AM","212","REPAIR BROKEN MAIN"
"3101803","11/05/2021","10:02","AM","11/05/2021","06:00","AM","212","REPAIR BROKEN MAIN"
"3101549","11/04/2021","06:06","AM","11/04/2021","12:30","AM","212","REPAIR BROKEN MAIN"
"3101584","11/04/2021","09:27","AM","11/04/2021","11:15","AM","212","REPAIR BROKEN MAIN"
"3101593","11/04/2021","10:15","AM","11/04/2021","00:00","AM","212","REPAIR BROKEN MAIN"
"3101696","11/04/2021","04:05","PM","11/04/2021","10:45","PM","212","REPAIR BROKEN MAIN"
"3101351","11/03/2021","12:36","AM","11/04/2021","12:30","AM","212","REPAIR BROKEN MAIN"
"3101353","11/03/2021","03:06","AM","11/03/2021","05:50","AM","212","REPAIR BROKEN MAIN"
"3101362","11/03/2021","07:45","AM","11/04/2021","05:30","AM","212","REPAIR BROKEN MAIN"
"3101365","11/03/2021","07:55","AM","11/03/2021","04:30","AM","212","REPAIR BROKEN MAIN"
"3101380","11/03/2021","08:50","AM","11/03/2021","07:00","AM","212","REPAIR BROKEN MAIN"
"3101386","11/03/2021","09:32","AM","11/03/2021","08:30","AM","212","REPAIR BROKEN MAIN"
"3101418","11/03/2021","11:37","AM","11/03/2021","00:00","AM","212","REPAIR BROKEN MAIN"
"3101425","11/03/2021","12:10","PM","11/03/2021","00:00","PM","212","REPAIR BROKEN MAIN"
"3101428","11/03/2021","12:15","PM","11/03/2021","06:30","PM","212","REPAIR BROKEN MAIN"
"3101480","11/03/2021","03:29","PM","11/03/2021","09:35","PM","212","REPAIR BROKEN MAIN"
"3101547","11/03/2021","11:26","PM","11/04/2021","11:30","PM","212","REPAIR BROKEN MAIN"
"3101202","11/02/2021","08:23","AM","11/02/2021","01:00","AM","212","REPAIR BROKEN MAIN"
"3101221","11/02/2021","10:10","AM","11/08/2021","00:00","AM","212","REPAIR BROKEN MAIN"
"3101279","11/02/2021","03:19","PM","11/02/2021","08:45","PM","212","REPAIR BROKEN MAIN"
"3101341","11/02/2021","11:52","PM","11/03/2021","00:00","PM","212","REPAIR BROKEN MAIN"
"3099589","11/01/2021","08:48","AM","11/01/2021","01:30","AM","212","REPAIR BROKEN MAIN"
"3099597","11/01/2021","09:22","AM","11/01/2021","05:40","AM","212","REPAIR BROKEN MAIN"
"3099606","11/01/2021","09:45","AM","11/02/2021","01:45","AM","212","REPAIR BROKEN MAIN"
"3099626","11/01/2021","11:09","AM","11/01/2021","06:30","AM","212","REPAIR BROKEN MAIN"
"3099651","11/01/2021","12:46","PM","11/01/2021","07:00","PM","212","REPAIR BROKEN MAIN"
"3099660","11/01/2021","01:39","PM","11/01/2021","09:00","PM","212","REPAIR BROKEN MAIN"
"3099704","11/01/2021","06:26","PM","11/02/2021","01:10","PM","212","REPAIR BROKEN MAIN"
"3099532","10/31/2021","09:20","AM","10/31/2021","02:20","AM","212","REPAIR BROKEN MAIN"
"3099539","10/31/2021","12:07","PM","10/31/2021","08:00","PM","212","REPAIR BROKEN MAIN"
"3099544","10/31/2021","01:28","PM","11/01/2021","00:00","PM","212","REPAIR BROKEN MAIN"
"3099557","10/31/2021","08:25","PM","11/01/2021","05:00","PM","212","REPAIR BROKEN MAIN"
"3099487","10/30/2021","10:50","AM","10/30/2021","03:45","AM","212","REPAIR BROKEN MAIN"
"3099489","10/30/2021","10:58","AM","10/30/2021","09:30","AM","212","REPAIR BROKEN MAIN"
"3099395","10/29/2021","09:55","AM","10/29/2021","07:30","AM","212","REPAIR BROKEN MAIN"
"3099433","10/29/2021","01:07","PM","11/01/2021","02:15","PM","212","REPAIR BROKEN MAIN"
"3099443","10/29/2021","02:38","PM","10/29/2021","10:00","PM","212","REPAIR BROKEN MAIN"
"3099111","10/28/2021","06:23","AM","10/28/2021","00:00","AM","212","REPAIR BROKEN MAIN"
"3099196","10/28/2021","10:22","AM","10/28/2021","11:20","AM","212","REPAIR BROKEN MAIN"
"3098944","10/27/2021","09:15","AM","10/27/2021","10:00","AM","212","REPAIR BROKEN MAIN"
"3099028","10/27/2021","04:57","PM","10/28/2021","01:15","PM","212","REPAIR BROKEN MAIN"
"3099035","10/27/2021","05:16","PM","11/03/2021","00:00","PM","212","REPAIR BROKEN MAIN"
"3099036","10/27/2021","05:13","PM","10/28/2021","08:30","PM","212","REPAIR BROKEN MAIN"
"3098719","10/26/2021","08:29","AM","10/26/2021","06:45","AM","212","REPAIR BROKEN MAIN"
"3098746","10/26/2021","09:59","AM","10/26/2021","02:45","AM","212","REPAIR BROKEN MAIN"
"3098797","10/26/2021","11:53","AM","10/27/2021","12:00","AM","212","REPAIR BROKEN MAIN"
"3098467","10/25/2021","08:05","AM","10/25/2021","02:30","AM","212","REPAIR BROKEN MAIN"
"3098503","10/25/2021","09:31","AM","10/27/2021","00:00","AM","212","REPAIR BROKEN MAIN"
"3098389","10/24/2021","01:49","AM","10/26/2021","12:30","AM","212","REPAIR BROKEN MAIN"
"3098392","10/24/2021","05:24","AM","10/25/2021","00:00","AM","212","REPAIR BROKEN MAIN"
"3098393","10/24/2021","05:52","AM","10/24/2021","11:45","AM","212","REPAIR BROKEN MAIN"
"3098397","10/24/2021","08:57","AM","10/25/2021","07:30","AM","212","REPAIR BROKEN MAIN"
"3098399","10/24/2021","10:00","AM","10/24/2021","05:00","AM","212","REPAIR BROKEN MAIN"
"3098412","10/24/2021","01:10","PM","10/25/2021","02:45","PM","212","REPAIR BROKEN MAIN"
"3098436","10/24/2021","06:07","PM","10/25/2021","00:00","PM","212","REPAIR BROKEN MAIN"
"3098363","10/23/2021","01:47","PM","10/23/2021","06:30","PM","212","REPAIR BROKEN MAIN"
"3098370","10/23/2021","03:18","PM","10/23/2021","10:30","PM","212","REPAIR BROKEN MAIN"
"3098384","10/23/2021","07:10","PM","10/24/2021","03:00","PM","212","REPAIR BROKEN MAIN"
"3098153","10/22/2021","06:00","AM","10/22/2021","02:00","AM","212","REPAIR BROKEN MAIN"
"3098332","10/22/2021","10:59","PM","10/23/2021","01:00","PM","212","REPAIR BROKEN MAIN"
"3097918","10/21/2021","05:34","AM","10/21/2021","02:30","AM","212","REPAIR BROKEN MAIN"
"3097974","10/21/2021","10:11","AM","10/21/2021","10:00","AM","212","REPAIR BROKEN MAIN"
"3097986","10/21/2021","11:33","AM","10/21/2021","00:00","AM","212","REPAIR BROKEN MAIN"
"3097998","10/21/2021","12:29","PM","10/21/2021","10:00","PM","212","REPAIR BROKEN MAIN"
"3098052","10/21/2021","02:43","PM","10/26/2021","01:00","PM","212","REPAIR BROKEN MAIN"
"3097809","10/20/2021","12:28","PM","10/21/2021","12:00","PM","212","REPAIR BROKEN MAIN"
"3097880","10/20/2021","06:54","PM","10/21/2021","02:00","PM","212","REPAIR BROKEN MAIN"
"3097889","10/20/2021","07:53","PM","10/20/2021","11:00","PM","212","REPAIR BROKEN MAIN"
"3097614","10/19/2021","08:37","AM","10/19/2021","00:00","AM","212","REPAIR BROKEN MAIN"
"3097620","10/19/2021","09:13","AM","10/19/2021","04:00","AM","212","REPAIR BROKEN MAIN"
"3097641","10/19/2021","10:55","AM","10/19/2021","00:00","AM","212","REPAIR BROKEN MAIN"
"3097700","10/19/2021","03:42","PM","10/19/2021","00:00","PM","212","REPAIR BROKEN MAIN"
"3097704","10/19/2021","03:15","PM","10/19/2021","06:50","PM","212","REPAIR BROKEN MAIN"
"3097717","10/19/2021","07:20","PM","10/19/2021","10:30","PM","212","REPAIR BROKEN MAIN"
"3097447","10/18/2021","09:00","AM","10/18/2021","04:15","AM","212","REPAIR BROKEN MAIN"
"3097591","10/18/2021","11:57","PM","10/19/2021","00:00","PM","212","REPAIR BROKEN MAIN"
"3097374","10/16/2021","09:05","PM","10/18/2021","00:00","PM","212","REPAIR BROKEN MAIN"
"3097215","10/15/2021","05:03","PM","10/15/2021","00:00","PM","212","REPAIR BROKEN MAIN"
"3096814","10/14/2021","07:14","AM","10/14/2021","02:30","AM","212","REPAIR BROKEN MAIN"
"3096842","10/14/2021","08:55","AM","10/14/2021","02:15","AM","212","REPAIR BROKEN MAIN"
"3096874","10/14/2021","10:56","AM","10/18/2021","00:00","AM","212","REPAIR BROKEN MAIN"
"3096909","10/14/2021","12:31","PM","10/14/2021","09:45","PM","212","REPAIR BROKEN MAIN"
"3096922","10/14/2021","01:12","PM","10/14/2021","10:00","PM","212","REPAIR BROKEN MAIN"
"3097019","10/14/2021","10:01","PM","10/15/2021","00:00","PM","212","REPAIR BROKEN MAIN"
"3096684","10/13/2021","10:03","AM","10/13/2021","09:00","AM","212","REPAIR BROKEN MAIN"
"3096701","10/13/2021","11:18","AM","10/13/2021","11:00","AM","212","REPAIR BROKEN MAIN"
"3096773","10/13/2021","05:00","PM","10/13/2021","11:30","PM","212","REPAIR BROKEN MAIN"
"3096474","10/12/2021","10:02","AM","10/12/2021","03:30","AM","212","REPAIR BROKEN MAIN"
"3096375","10/11/2021","11:33","AM","10/12/2021","02:15","AM","212","REPAIR BROKEN MAIN"
"3096322","10/10/2021","03:23","PM","10/11/2021","04:00","PM","212","REPAIR BROKEN MAIN"
"3095896","10/07/2021","05:24","AM","10/07/2021","02:30","AM","212","REPAIR BROKEN MAIN"
"3095909","10/07/2021","08:35","AM","10/07/2021","02:30","AM","212","REPAIR BROKEN MAIN"
"3096071","10/07/2021","06:18","PM","10/08/2021","01:15","PM","212","REPAIR BROKEN MAIN"
"3095753","10/06/2021","08:23","AM","10/06/2021","12:30","AM","212","REPAIR BROKEN MAIN"
"3095779","10/06/2021","09:40","AM","10/06/2021","03:00","AM","212","REPAIR BROKEN MAIN"
"3095881","10/06/2021","10:34","PM","10/07/2021","05:45","PM","212","REPAIR BROKEN MAIN"
"3095311","10/04/2021","07:58","AM","10/04/2021","03:00","AM","212","REPAIR BROKEN MAIN"
"3095230","10/03/2021","05:52","AM","10/03/2021","04:45","AM","212","REPAIR BROKEN MAIN"
"3095174","10/02/2021","08:52","AM","10/02/2021","00:00","AM","212","REPAIR BROKEN MAIN"
"3095185","10/02/2021","10:20","AM","10/02/2021","00:00","AM","212","REPAIR BROKEN MAIN"
"3095225","10/02/2021","10:33","PM","10/03/2021","03:00","PM","212","REPAIR BROKEN MAIN"
"3093211","10/01/2021","10:18","AM","10/01/2021","06:30","AM","212","REPAIR BROKEN MAIN"
"3092735","09/29/2021","06:01","AM","09/29/2021","04:00","AM","212","REPAIR BROKEN MAIN"
"3092824","09/29/2021","09:18","AM","09/29/2021","04:30","AM","212","REPAIR BROKEN MAIN"
"3092443","09/27/2021","03:23","PM","09/27/2021","09:55","PM","212","REPAIR BROKEN MAIN"
"3092313","09/26/2021","05:06","AM","09/26/2021","03:30","AM","212","REPAIR BROKEN MAIN"
"3092329","09/26/2021","05:33","PM","09/26/2021","11:30","PM","212","REPAIR BROKEN MAIN"
"3092269","09/25/2021","04:59","AM","09/25/2021","11:30","AM","212","REPAIR BROKEN MAIN"
"3092273","09/25/2021","07:11","AM","09/25/2021","05:00","AM","212","REPAIR BROKEN MAIN"
"3092278","09/25/2021","09:45","AM","09/25/2021","10:00","AM","212","REPAIR BROKEN MAIN"
"3092299","09/25/2021","06:42","PM","09/25/2021","09:50","PM","212","REPAIR BROKEN MAIN"
"3092098","09/24/2021","06:41","AM","09/24/2021","02:35","AM","212","REPAIR BROKEN MAIN"
"3092119","09/24/2021","08:15","AM","09/24/2021","02:30","AM","212","REPAIR BROKEN MAIN"
"3092265","09/24/2021","10:43","PM","09/25/2021","11:00","PM","212","REPAIR BROKEN MAIN"
"3091950","09/23/2021","11:05","AM","09/23/2021","00:00","AM","212","REPAIR BROKEN MAIN"
"3091765","09/22/2021","07:56","AM","09/22/2021","10:20","AM","212","REPAIR BROKEN MAIN"
"3091797","09/22/2021","10:23","AM","09/22/2021","01:00","AM","212","REPAIR BROKEN MAIN"
"3091401","09/19/2021","05:57","PM","09/27/2021","02:45","PM","212","REPAIR BROKEN MAIN"
"3090924","09/16/2021","06:12","AM","09/16/2021","01:30","AM","212","REPAIR BROKEN MAIN"
"3090966","09/16/2021","10:53","AM","09/16/2021","02:30","AM","212","REPAIR BROKEN MAIN"
"3091024","09/16/2021","02:28","PM","09/17/2021","02:30","PM","212","REPAIR BROKEN MAIN"
"3090245","09/12/2021","05:10","AM","09/12/2021","02:50","AM","212","REPAIR BROKEN MAIN"
"3090249","09/12/2021","08:46","AM","09/13/2021","03:20","AM","212","REPAIR BROKEN MAIN"
"3090272","09/12/2021","03:58","PM","09/16/2021","00:00","PM","212","REPAIR BROKEN MAIN"
"3090196","09/11/2021","08:01","AM","09/11/2021","03:30","AM","212","REPAIR BROKEN MAIN"
"3090035","09/10/2021","05:44","AM","09/10/2021","00:00","AM","212","REPAIR BROKEN MAIN"
"3089920","09/09/2021","02:22","PM","09/09/2021","11:30","PM","212","REPAIR BROKEN MAIN"
"3089542","09/07/2021","02:31","PM","09/07/2021","09:45","PM","212","REPAIR BROKEN MAIN"
"3089397","09/06/2021","06:46","PM","09/07/2021","03:10","PM","212","REPAIR BROKEN MAIN"
"3089340","09/05/2021","10:07","AM","09/05/2021","11:00","AM","212","REPAIR BROKEN MAIN"
"3089291","09/04/2021","09:55","AM","09/07/2021","09:00","AM","212","REPAIR BROKEN MAIN"
"3089205","09/03/2021","10:30","AM","09/03/2021","11:30","AM","212","REPAIR BROKEN MAIN"
"3089065","09/02/2021","01:01","PM","09/02/2021","02:00","PM","212","REPAIR BROKEN MAIN"
"3089098","09/02/2021","04:50","PM","09/03/2021","01:00","PM","212","REPAIR BROKEN MAIN"
"3087071","09/01/2021","10:25","AM","09/01/2021","02:15","AM","212","REPAIR BROKEN MAIN"
"3086800","08/31/2021","07:54","AM","08/31/2021","01:50","AM","212","REPAIR BROKEN MAIN"
"3086861","08/31/2021","11:38","AM","08/31/2021","05:30","AM","212","REPAIR BROKEN MAIN"
"3086862","08/31/2021","11:40","AM","08/31/2021","00:00","AM","212","REPAIR BROKEN MAIN"
"3086870","08/31/2021","11:47","AM","08/31/2021","02:30","AM","212","REPAIR BROKEN MAIN"
"3086939","08/31/2021","02:59","PM","08/31/2021","06:30","PM","212","REPAIR BROKEN MAIN"
"3086961","08/31/2021","04:48","PM","08/31/2021","07:45","PM","212","REPAIR BROKEN MAIN"
"3086964","08/31/2021","04:59","PM","08/31/2021","11:30","PM","212","REPAIR BROKEN MAIN"
"3087002","08/31/2021","07:48","PM","09/01/2021","00:00","PM","212","REPAIR BROKEN MAIN"
"3086768","08/30/2021","08:47","PM","09/08/2021","03:15","PM","212","REPAIR BROKEN MAIN"
"3086552","08/29/2021","01:23","PM","08/30/2021","07:00","PM","212","REPAIR BROKEN MAIN"
"3086488","08/28/2021","04:19","AM","09/03/2021","10:00","AM","212","REPAIR BROKEN MAIN"
"3086493","08/28/2021","07:48","AM","08/28/2021","03:30","AM","212","REPAIR BROKEN MAIN"
"3086536","08/28/2021","10:51","PM","08/30/2021","02:00","PM","212","REPAIR BROKEN MAIN"
"3086371","08/27/2021","08:39","AM","08/27/2021","00:00","AM","212","REPAIR BROKEN MAIN"
"3086058","08/25/2021","11:10","AM","08/25/2021","11:30","AM","212","REPAIR BROKEN MAIN"
"3086067","08/25/2021","11:43","AM","08/25/2021","06:20","AM","212","REPAIR BROKEN MAIN"
"3086136","08/25/2021","02:00","PM","08/25/2021","00:00","PM","212","REPAIR BROKEN MAIN"
"3085821","08/24/2021","10:18","AM","08/24/2021","06:00","AM","212","REPAIR BROKEN MAIN"
"3085030","08/23/2021","10:47","AM","08/23/2021","02:15","AM","212","REPAIR BROKEN MAIN"
"3085056","08/23/2021","11:45","AM","08/23/2021","04:20","AM","212","REPAIR BROKEN MAIN"
"3084750","08/20/2021","07:01","AM","08/20/2021","12:00","AM","212","REPAIR BROKEN MAIN"
"3084776","08/20/2021","10:00","AM","08/20/2021","02:20","AM","212","REPAIR BROKEN MAIN"
"3084431","08/18/2021","11:39","AM","08/18/2021","03:30","AM","212","REPAIR BROKEN MAIN"
"3084480","08/18/2021","02:57","PM","08/18/2021","07:30","PM","212","REPAIR BROKEN MAIN"
"3084509","08/18/2021","07:03","PM","08/18/2021","02:30","PM","212","REPAIR BROKEN MAIN"
"3084196","08/17/2021","08:29","AM","08/17/2021","02:00","AM","212","REPAIR BROKEN MAIN"
"3084168","08/16/2021","10:56","PM","08/17/2021","12:30","PM","212","REPAIR BROKEN MAIN"
"3083791","08/15/2021","11:52","AM","08/15/2021","00:00","AM","212","REPAIR BROKEN MAIN"
"3083759","08/14/2021","11:42","AM","08/15/2021","10:00","AM","212","REPAIR BROKEN MAIN"
"3073861","08/12/2021","04:58","PM","08/12/2021","10:30","PM","212","REPAIR BROKEN MAIN"
"3083569","08/12/2021","10:49","PM","08/12/2021","00:00","PM","212","REPAIR BROKEN MAIN"
"3073507","08/11/2021","03:57","AM","08/13/2021","03:00","AM","212","REPAIR BROKEN MAIN"
"3073140","08/09/2021","08:25","AM","08/09/2021","02:15","AM","212","REPAIR BROKEN MAIN"
"3073031","08/07/2021","04:22","AM","08/07/2021","01:00","AM","212","REPAIR BROKEN MAIN"
"3073033","08/07/2021","06:03","AM","08/07/2021","02:00","AM","212","REPAIR BROKEN MAIN"
"3073036","08/07/2021","07:53","AM","08/07/2021","11:00","AM","212","REPAIR BROKEN MAIN"
"3073060","08/07/2021","01:57","PM","08/08/2021","05:20","PM","212","REPAIR BROKEN MAIN"
"3073083","08/07/2021","11:41","PM","08/08/2021","10:00","PM","212","REPAIR BROKEN MAIN"
"3072860","08/06/2021","04:33","AM","08/06/2021","07:45","AM","212","REPAIR BROKEN MAIN"
"3072703","08/05/2021","08:41","AM","08/06/2021","02:30","AM","212","REPAIR BROKEN MAIN"
"3072631","08/04/2021","02:24","PM","08/04/2021","07:45","PM","212","REPAIR BROKEN MAIN"
"3072374","08/03/2021","04:17","AM","08/04/2021","08:00","AM","212","REPAIR BROKEN MAIN"
"3072194","08/02/2021","09:49","AM","08/02/2021","06:00","AM","212","REPAIR BROKEN MAIN"
"3072294","08/02/2021","01:55","PM","08/02/2021","06:45","PM","212","REPAIR BROKEN MAIN"
"3070825","08/01/2021","09:09","AM","08/01/2021","08:15","AM","212","REPAIR BROKEN MAIN"
"3070847","08/01/2021","09:08","PM","08/02/2021","06:45","PM","212","REPAIR BROKEN MAIN"
"3070753","07/31/2021","01:28","AM","07/31/2021","02:00","AM","212","REPAIR BROKEN MAIN"
"3069984","07/29/2021","02:50","AM","07/29/2021","01:00","AM","212","REPAIR BROKEN MAIN"
"3070085","07/29/2021","01:00","PM","07/30/2021","04:45","PM","212","REPAIR BROKEN MAIN"
"3070150","07/29/2021","02:27","PM","07/30/2021","04:00","PM","212","REPAIR BROKEN MAIN"
"3069870","07/28/2021","12:40","PM","08/02/2021","07:00","PM","212","REPAIR BROKEN MAIN"
"3069971","07/28/2021","10:00","PM","07/29/2021","07:00","PM","212","REPAIR BROKEN MAIN"
"3069592","07/27/2021","03:09","AM","07/27/2021","03:00","AM","212","REPAIR BROKEN MAIN"
"3069601","07/27/2021","07:46","AM","07/27/2021","01:00","AM","212","REPAIR BROKEN MAIN"
"3069734","07/27/2021","04:18","PM","07/27/2021","01:00","PM","212","REPAIR BROKEN MAIN"
"3069587","07/26/2021","09:56","PM","07/27/2021","01:45","PM","212","REPAIR BROKEN MAIN"
"3069370","07/25/2021","09:00","AM","07/25/2021","00:00","AM","212","REPAIR BROKEN MAIN"
"3069316","07/24/2021","07:17","AM","07/24/2021","03:30","AM","212","REPAIR BROKEN MAIN"
"3069334","07/24/2021","11:51","AM","07/25/2021","02:00","AM","212","REPAIR BROKEN MAIN"
"3069159","07/23/2021","08:02","AM","07/23/2021","03:00","AM","212","REPAIR BROKEN MAIN"
"3069182","07/23/2021","09:07","AM","07/23/2021","02:30","AM","212","REPAIR BROKEN MAIN"
"3068946","07/22/2021","08:11","AM","07/22/2021","02:30","AM","212","REPAIR BROKEN MAIN"
"3069043","07/22/2021","03:12","PM","07/22/2021","12:00","PM","212","REPAIR BROKEN MAIN"
"3069077","07/22/2021","07:50","PM","07/22/2021","10:40","PM","212","REPAIR BROKEN MAIN"
"3068167","07/21/2021","06:08","AM","07/21/2021","04:30","AM","212","REPAIR BROKEN MAIN"
"3068226","07/21/2021","10:07","AM","07/26/2021","10:44","AM","212","REPAIR BROKEN MAIN"
"3068294","07/21/2021","01:20","PM","07/21/2021","09:15","PM","212","REPAIR BROKEN MAIN"
"3067899","07/20/2021","08:49","AM","07/20/2021","01:30","AM","212","REPAIR BROKEN MAIN"
"3068075","07/20/2021","01:22","PM","07/20/2021","11:30","PM","212","REPAIR BROKEN MAIN"
"3068144","07/20/2021","09:21","PM","07/21/2021","05:15","PM","212","REPAIR BROKEN MAIN"
"3067775","07/19/2021","12:48","PM","07/19/2021","09:30","PM","212","REPAIR BROKEN MAIN"
"3067611","07/18/2021","06:01","AM","07/18/2021","10:00","AM","212","REPAIR BROKEN MAIN"
"3067282","07/16/2021","12:15","PM","07/16/2021","02:30","PM","212","REPAIR BROKEN MAIN"
"3067319","07/16/2021","03:26","PM","07/16/2021","00:00","PM","212","REPAIR BROKEN MAIN"
"3067325","07/16/2021","04:03","PM","07/17/2021","02:20","PM","212","REPAIR BROKEN MAIN"
"3067345","07/16/2021","06:39","PM","07/20/2021","00:00","PM","212","REPAIR BROKEN MAIN"
"3066303","07/11/2021","10:12","PM","07/12/2021","12:00","PM","212","REPAIR BROKEN MAIN"
"3066211","07/10/2021","11:47","AM","07/12/2021","11:10","AM","212","REPAIR BROKEN MAIN"
"3066245","07/10/2021","11:35","PM","07/12/2021","09:00","PM","212","REPAIR BROKEN MAIN"
"3066190","07/09/2021","07:15","PM","07/10/2021","12:00","PM","212","REPAIR BROKEN MAIN"
"3065952","07/08/2021","01:58","PM","07/08/2021","10:15","PM","212","REPAIR BROKEN MAIN"
"3065459","07/06/2021","04:47","AM","07/06/2021","01:15","AM","212","REPAIR BROKEN MAIN"
"3065462","07/06/2021","05:49","AM","07/06/2021","02:15","AM","212","REPAIR BROKEN MAIN"
"3065194","07/02/2021","03:03","AM","07/02/2021","02:00","AM","212","REPAIR BROKEN MAIN"
"3063895","07/01/2021","10:27","AM","07/01/2021","05:15","AM","212","REPAIR BROKEN MAIN"
"3064009","07/01/2021","08:15","PM","07/02/2021","00:00","PM","212","REPAIR BROKEN MAIN"
"3063486","06/29/2021","09:37","AM","06/29/2021","08:00","AM","212","REPAIR BROKEN MAIN"
"3063547","06/29/2021","01:59","PM","06/29/2021","06:00","PM","212","REPAIR BROKEN MAIN"
"3063324","06/28/2021","10:01","AM","06/29/2021","10:00","AM","212","REPAIR BROKEN MAIN"
"3063411","06/28/2021","04:16","PM","06/29/2021","03:30","PM","212","REPAIR BROKEN MAIN"
"3063219","06/27/2021","03:38","AM","06/27/2021","03:30","AM","212","REPAIR BROKEN MAIN"
"3063223","06/27/2021","09:02","AM","06/27/2021","02:00","AM","212","REPAIR BROKEN MAIN"
"3063251","06/27/2021","07:32","PM","06/28/2021","12:00","PM","212","REPAIR BROKEN MAIN"
"3063158","06/26/2021","01:56","AM","06/26/2021","00:00","AM","212","REPAIR BROKEN MAIN"
"3063161","06/26/2021","05:24","AM","06/26/2021","02:30","AM","212","REPAIR BROKEN MAIN"
"3063200","06/26/2021","04:59","PM","06/28/2021","02:30","PM","212","REPAIR BROKEN MAIN"
"3062400","06/23/2021","06:58","AM","06/23/2021","04:00","AM","212","REPAIR BROKEN MAIN"
"3062511","06/23/2021","02:43","PM","06/24/2021","00:00","PM","212","REPAIR BROKEN MAIN"
"3061867","06/21/2021","02:31","AM","06/21/2021","03:00","AM","212","REPAIR BROKEN MAIN"
"3061845","06/20/2021","12:22","AM","06/20/2021","01:00","AM","212","REPAIR BROKEN MAIN"
"3061652","06/18/2021","12:09","AM","06/18/2021","04:15","AM","212","REPAIR BROKEN MAIN"
"3061527","06/17/2021","01:53","PM","06/17/2021","08:15","PM","212","REPAIR BROKEN MAIN"
"3061583","06/17/2021","06:07","PM","06/20/2021","08:00","PM","212","REPAIR BROKEN MAIN"
"3061601","06/17/2021","08:15","PM","06/18/2021","00:00","PM","212","REPAIR BROKEN MAIN"
"3061190","06/16/2021","10:53","AM","06/16/2021","12:45","AM","212","REPAIR BROKEN MAIN"
"3060973","06/15/2021","05:40","AM","06/15/2021","02:00","AM","212","REPAIR BROKEN MAIN"
"3060988","06/15/2021","08:08","AM","06/15/2021","02:50","AM","212","REPAIR BROKEN MAIN"
"3061129","06/15/2021","08:33","PM","06/16/2021","05:35","PM","212","REPAIR BROKEN MAIN"
"3060726","06/14/2021","12:57","AM","06/14/2021","01:45","AM","212","REPAIR BROKEN MAIN"
"3060924","06/14/2021","04:39","PM","06/15/2021","00:00","PM","212","REPAIR BROKEN MAIN"
"3060931","06/14/2021","05:02","PM","06/15/2021","00:00","PM","212","REPAIR BROKEN MAIN"
"3060284","06/10/2021","11:38","AM","06/10/2021","06:45","AM","212","REPAIR BROKEN MAIN"
"3060330","06/10/2021","03:39","PM","06/11/2021","00:00","PM","212","REPAIR BROKEN MAIN"
"3060101","06/09/2021","10:32","AM","06/09/2021","01:00","AM","212","REPAIR BROKEN MAIN"
"3060112","06/09/2021","11:30","AM","06/10/2021","03:00","AM","212","REPAIR BROKEN MAIN"
"3059878","06/08/2021","09:28","AM","06/08/2021","07:00","AM","212","REPAIR BROKEN MAIN"
"3060032","06/08/2021","05:15","PM","06/09/2021","00:00","PM","212","REPAIR BROKEN MAIN"
"3059672","06/07/2021","09:29","AM","06/07/2021","04:45","AM","212","REPAIR BROKEN MAIN"
"3059768","06/07/2021","03:22","PM","06/08/2021","02:00","PM","212","REPAIR BROKEN MAIN"
"3059792","06/07/2021","09:40","AM","06/07/2021","10:00","AM","212","REPAIR BROKEN MAIN"
"3059611","06/06/2021","03:27","PM","06/07/2021","04:30","PM","212","REPAIR BROKEN MAIN"
"3059510","06/05/2021","03:01","AM","06/06/2021","04:30","AM","212","REPAIR BROKEN MAIN"
"3059511","06/05/2021","03:25","AM","06/05/2021","02:00","AM","212","REPAIR BROKEN MAIN"
"3059513","06/05/2021","04:42","AM","06/05/2021","06:00","AM","212","REPAIR BROKEN MAIN"
"3059552","06/05/2021","02:23","PM","06/05/2021","09:30","PM","212","REPAIR BROKEN MAIN"
"3059562","06/05/2021","07:42","PM","06/06/2021","09:00","PM","212","REPAIR BROKEN MAIN"
"3059425","06/04/2021","12:00","AM","06/05/2021","03:00","AM","212","REPAIR BROKEN MAIN"
"3059454","06/04/2021","03:45","PM","06/05/2021","04:30","PM","212","REPAIR BROKEN MAIN"
"3059214","06/03/2021","11:42","AM","06/03/2021","11:45","AM","212","REPAIR BROKEN MAIN"
"3059231","06/03/2021","01:12","PM","06/03/2021","10:00","PM","212","REPAIR BROKEN MAIN"
"3057610","06/01/2021","09:39","AM","06/01/2021","01:00","AM","212","REPAIR BROKEN MAIN"
"3057624","06/01/2021","10:06","AM","06/01/2021","02:30","AM","212","REPAIR BROKEN MAIN"
"3057537","05/30/2021","12:20","PM","05/31/2021","03:30","PM","212","REPAIR BROKEN MAIN"
"3057539","05/30/2021","01:00","PM","05/30/2021","11:00","PM","212","REPAIR BROKEN MAIN"
"3057567","05/30/2021","10:40","PM","05/31/2021","02:25","PM","212","REPAIR BROKEN MAIN"
"3057472","05/28/2021","04:56","PM","05/29/2021","01:30","PM","212","REPAIR BROKEN MAIN"
"3057196","05/27/2021","08:55","AM","05/27/2021","12:30","AM","212","REPAIR BROKEN MAIN"
"3057137","05/26/2021","02:51","PM","05/26/2021","09:30","PM","212","REPAIR BROKEN MAIN"
"3056851","05/25/2021","04:44","AM","05/25/2021","02:30","AM","212","REPAIR BROKEN MAIN"
"3056941","05/25/2021","02:23","PM","05/25/2021","06:45","PM","212","REPAIR BROKEN MAIN"
"3056963","05/25/2021","03:30","PM","05/26/2021","06:45","PM","212","REPAIR BROKEN MAIN"
"3056812","05/24/2021","05:24","PM","05/25/2021","00:00","PM","212","REPAIR BROKEN MAIN"
"3056579","05/23/2021","07:48","AM","05/23/2021","03:00","AM","212","REPAIR BROKEN MAIN"
"3056580","05/23/2021","08:32","AM","05/23/2021","02:50","AM","212","REPAIR BROKEN MAIN"
"3056632","05/23/2021","03:12","PM","05/26/2021","00:00","PM","212","REPAIR BROKEN MAIN"
"3056533","05/22/2021","08:56","AM","05/22/2021","12:30","AM","212","REPAIR BROKEN MAIN"
"3056474","05/21/2021","12:59","PM","05/21/2021","09:00","PM","212","REPAIR BROKEN MAIN"
"3056502","05/21/2021","04:46","PM","05/22/2021","02:55","PM","212","REPAIR BROKEN MAIN"
"3055844","05/20/2021","12:44","AM","05/21/2021","04:00","AM","212","REPAIR BROKEN MAIN"
"3055858","05/20/2021","07:34","AM","05/20/2021","09:00","AM","212","REPAIR BROKEN MAIN"
"3056340","05/20/2021","09:57","PM","05/21/2021","02:30","PM","212","REPAIR BROKEN MAIN"
"3055658","05/19/2021","01:40","AM","05/20/2021","08:15","AM","212","REPAIR BROKEN MAIN"
"3055662","05/19/2021","06:13","AM","05/19/2021","05:20","AM","212","REPAIR BROKEN MAIN"
"3055802","05/19/2021","04:32","PM","05/20/2021","00:00","PM","212","REPAIR BROKEN MAIN"
"3055504","05/18/2021","10:39","AM","05/18/2021","05:00","AM","212","REPAIR BROKEN MAIN"
"3055557","05/18/2021","12:38","PM","05/18/2021","10:00","PM","212","REPAIR BROKEN MAIN"
"3055597","05/18/2021","03:48","PM","05/18/2021","10:00","PM","212","REPAIR BROKEN MAIN"
"3055613","05/18/2021","05:10","PM","05/19/2021","01:00","PM","212","REPAIR BROKEN MAIN"
"3054490","05/13/2021","05:45","PM","05/13/2021","10:40","PM","212","REPAIR BROKEN MAIN"
"3054204","05/12/2021","08:29","AM","05/12/2021","09:25","AM","212","REPAIR BROKEN MAIN"
"3054087","05/11/2021","01:19","PM","05/12/2021","02:00","PM","212","REPAIR BROKEN MAIN"
"3054126","05/11/2021","04:20","PM","05/11/2021","11:15","PM","212","REPAIR BROKEN MAIN"
"3054158","05/11/2021","08:25","PM","05/12/2021","01:35","PM","212","REPAIR BROKEN MAIN"
"3053797","05/10/2021","07:51","AM","05/10/2021","04:30","AM","212","REPAIR BROKEN MAIN"
"3053712","05/09/2021","01:46","AM","05/10/2021","03:10","AM","212","REPAIR BROKEN MAIN"
"3053715","05/09/2021","03:59","AM","05/09/2021","04:45","AM","212","REPAIR BROKEN MAIN"
"3053733","05/09/2021","04:21","PM","05/09/2021","12:00","PM","212","REPAIR BROKEN MAIN"
"3053742","05/09/2021","05:24","PM","05/10/2021","07:45","PM","212","REPAIR BROKEN MAIN"
"3053761","05/09/2021","08:33","PM","05/10/2021","02:40","PM","212","REPAIR BROKEN MAIN"
"3053500","05/07/2021","05:34","AM","05/07/2021","04:00","AM","212","REPAIR BROKEN MAIN"
"3053504","05/07/2021","07:00","AM","05/07/2021","02:30","AM","212","REPAIR BROKEN MAIN"
"3053561","05/07/2021","11:12","AM","05/07/2021","00:00","AM","212","REPAIR BROKEN MAIN"
"3053565","05/07/2021","11:38","AM","05/08/2021","02:00","AM","212","REPAIR BROKEN MAIN"
"3051982","05/06/2021","06:15","AM","05/06/2021","02:30","AM","212","REPAIR BROKEN MAIN"
"3051824","05/05/2021","01:58","AM","05/05/2021","12:45","AM","212","REPAIR BROKEN MAIN"
"3051827","05/05/2021","05:29","AM","05/05/2021","00:00","AM","212","REPAIR BROKEN MAIN"
"3051905","05/05/2021","11:54","AM","05/05/2021","00:00","AM","212","REPAIR BROKEN MAIN"
"3051920","05/05/2021","01:04","PM","05/05/2021","10:15","PM","212","REPAIR BROKEN MAIN"
"3051648","05/04/2021","05:53","AM","05/04/2021","00:00","AM","212","REPAIR BROKEN MAIN"
"3048705","05/02/2021","09:10","AM","05/02/2021","04:30","AM","212","REPAIR BROKEN MAIN"
"3048723","05/02/2021","03:44","PM","05/02/2021","10:45","PM","212","REPAIR BROKEN MAIN"
"3048636","05/01/2021","06:26","AM","05/01/2021","04:00","AM","212","REPAIR BROKEN MAIN"
"3048355","04/29/2021","11:33","AM","04/30/2021","12:00","AM","212","REPAIR BROKEN MAIN"
"3048356","04/29/2021","11:48","AM","04/29/2021","04:45","AM","212","REPAIR BROKEN MAIN"
"3048039","04/28/2021","12:44","PM","04/30/2021","04:00","PM","212","REPAIR BROKEN MAIN"
"3047441","04/24/2021","01:00","PM","04/24/2021","09:15","PM","212","REPAIR BROKEN MAIN"
"3047084","04/22/2021","04:46","AM","04/23/2021","03:50","AM","212","REPAIR BROKEN MAIN"
"3047212","04/22/2021","04:54","PM","04/22/2021","01:30","PM","212","REPAIR BROKEN MAIN"
"3046892","04/20/2021","07:32","PM","04/21/2021","02:15","PM","212","REPAIR BROKEN MAIN"
"3046572","04/19/2021","09:32","AM","05/10/2021","08:30","AM","212","REPAIR BROKEN MAIN"
"3046619","04/19/2021","10:40","AM","04/19/2021","05:00","AM","212","REPAIR BROKEN MAIN"
"3046727","04/19/2021","06:11","PM","04/20/2021","02:30","PM","212","REPAIR BROKEN MAIN"
"3046465","04/18/2021","10:19","AM","04/18/2021","11:50","AM","212","REPAIR BROKEN MAIN"
"3046416","04/17/2021","07:57","AM","04/17/2021","00:00","AM","212","REPAIR BROKEN MAIN"
"3046418","04/17/2021","09:07","AM","04/17/2021","10:35","AM","212","REPAIR BROKEN MAIN"
"3046424","04/17/2021","10:58","AM","04/19/2021","05:00","AM","212","REPAIR BROKEN MAIN"
"3046243","04/16/2021","05:38","AM","04/16/2021","01:00","AM","212","REPAIR BROKEN MAIN"
"3046143","04/15/2021","02:44","PM","04/15/2021","08:30","PM","212","REPAIR BROKEN MAIN"
"3046172","04/15/2021","05:07","PM","04/16/2021","02:15","PM","212","REPAIR BROKEN MAIN"
"3045983","04/14/2021","04:39","PM","04/14/2021","08:45","PM","212","REPAIR BROKEN MAIN"
"3045822","04/13/2021","04:07","PM","04/14/2021","10:05","PM","212","REPAIR BROKEN MAIN"
"3045642","04/12/2021","07:47","PM","04/13/2021","02:45","PM","212","REPAIR BROKEN MAIN"
"3045421","04/11/2021","06:20","AM","04/11/2021","02:45","AM","212","REPAIR BROKEN MAIN"
"3045426","04/11/2021","09:08","AM","04/11/2021","10:55","AM","212","REPAIR BROKEN MAIN"
"3045449","04/11/2021","05:00","PM","04/11/2021","09:30","PM","212","REPAIR BROKEN MAIN"
"3045372","04/10/2021","05:33","AM","04/10/2021","03:50","AM","212","REPAIR BROKEN MAIN"
"3045356","04/09/2021","06:59","PM","04/10/2021","09:30","PM","212","REPAIR BROKEN MAIN"
"3045025","04/08/2021","11:31","AM","04/08/2021","06:00","AM","212","REPAIR BROKEN MAIN"
"3044270","04/05/2021","05:51","AM","04/05/2021","02:15","AM","212","REPAIR BROKEN MAIN"
"3044208","04/03/2021","10:29","PM","04/04/2021","11:30","PM","212","REPAIR BROKEN MAIN"
"3044025","04/02/2021","09:13","AM","04/02/2021","08:10","AM","212","REPAIR BROKEN MAIN"
"3042322","04/01/2021","08:26","AM","04/01/2021","00:00","AM","212","REPAIR BROKEN MAIN"
"3041871","03/30/2021","08:02","AM","03/30/2021","02:25","AM","212","REPAIR BROKEN MAIN"
"3042056","03/30/2021","04:53","PM","03/31/2021","01:00","PM","212","REPAIR BROKEN MAIN"
"3041621","03/29/2021","07:48","AM","03/30/2021","03:00","AM","212","REPAIR BROKEN MAIN"
"3041580","03/28/2021","08:45","AM","03/28/2021","10:00","AM","212","REPAIR BROKEN MAIN"
"3041528","03/27/2021","08:58","AM","03/27/2021","09:00","AM","212","REPAIR BROKEN MAIN"
"3041535","03/27/2021","09:26","AM","03/27/2021","10:00","AM","212","REPAIR BROKEN MAIN"
"3041569","03/27/2021","08:14","PM","03/27/2021","00:00","PM","212","REPAIR BROKEN MAIN"
"3041091","03/25/2021","06:08","AM","03/25/2021","12:45","AM","212","REPAIR BROKEN MAIN"
"3041223","03/25/2021","03:35","PM","03/26/2021","11:00","PM","212","REPAIR BROKEN MAIN"
"3041260","03/25/2021","07:00","PM","03/25/2021","07:45","PM","212","REPAIR BROKEN MAIN"
"3040953","03/24/2021","05:28","AM","03/24/2021","05:30","AM","212","REPAIR BROKEN MAIN"
"3040967","03/24/2021","08:32","AM","03/24/2021","01:50","AM","212","REPAIR BROKEN MAIN"
"3040997","03/24/2021","12:12","PM","03/24/2021","10:00","PM","212","REPAIR BROKEN MAIN"
"3041073","03/24/2021","07:34","PM","03/25/2021","01:30","PM","212","REPAIR BROKEN MAIN"
"3040690","03/23/2021","02:41","AM","03/23/2021","02:00","AM","212","REPAIR BROKEN MAIN"
"3040872","03/23/2021","02:12","PM","03/23/2021","07:50","PM","212","REPAIR BROKEN MAIN"
"3040910","03/23/2021","06:12","PM","03/24/2021","01:00","PM","212","REPAIR BROKEN MAIN"
"3040077","03/22/2021","07:29","AM","03/22/2021","04:15","AM","212","REPAIR BROKEN MAIN"
"3040099","03/22/2021","10:05","AM","03/22/2021","10:15","AM","212","REPAIR BROKEN MAIN"
"3039823","03/19/2021","06:35","AM","03/19/2021","12:00","AM","212","REPAIR BROKEN MAIN"
"3039839","03/19/2021","09:06","AM","03/19/2021","02:25","AM","212","REPAIR BROKEN MAIN"
"3039949","03/19/2021","06:46","PM","03/20/2021","11:30","PM","212","REPAIR BROKEN MAIN"
"3039959","03/19/2021","08:40","PM","03/20/2021","08:00","PM","212","REPAIR BROKEN MAIN"
"3039962","03/19/2021","10:30","PM","03/20/2021","07:15","PM","212","REPAIR BROKEN MAIN"
"3039588","03/17/2021","01:28","PM","03/31/2021","03:00","PM","212","REPAIR BROKEN MAIN"
"3039229","03/16/2021","05:54","AM","03/16/2021","02:45","AM","212","REPAIR BROKEN MAIN"
"3039246","03/16/2021","08:11","AM","03/16/2021","10:20","AM","212","REPAIR BROKEN MAIN"
"3038987","03/15/2021","03:52","AM","03/16/2021","02:30","AM","212","REPAIR BROKEN MAIN"
"3038994","03/15/2021","05:57","AM","03/15/2021","03:00","AM","212","REPAIR BROKEN MAIN"
"3039034","03/15/2021","09:33","AM","03/15/2021","04:00","AM","212","REPAIR BROKEN MAIN"
"3039129","03/15/2021","02:01","PM","03/15/2021","11:30","PM","212","REPAIR BROKEN MAIN"
"3038932","03/14/2021","08:08","AM","03/14/2021","06:20","AM","212","REPAIR BROKEN MAIN"
"3038936","03/14/2021","10:08","AM","03/14/2021","10:00","AM","212","REPAIR BROKEN MAIN"
"3038880","03/13/2021","12:08","PM","03/13/2021","00:00","PM","212","REPAIR BROKEN MAIN"
"3038921","03/13/2021","09:50","PM","03/14/2021","02:30","PM","212","REPAIR BROKEN MAIN"
"3038491","03/11/2021","09:24","AM","03/12/2021","00:00","AM","212","REPAIR BROKEN MAIN"
"3038271","03/10/2021","06:24","AM","03/10/2021","04:50","AM","212","REPAIR BROKEN MAIN"
"3038317","03/10/2021","09:54","AM","03/10/2021","03:00","AM","212","REPAIR BROKEN MAIN"
"3038017","03/09/2021","06:13","AM","03/10/2021","03:30","AM","212","REPAIR BROKEN MAIN"
"3038253","03/09/2021","06:53","PM","03/10/2021","03:00","PM","212","REPAIR BROKEN MAIN"
"3037932","03/08/2021","02:37","PM","03/09/2021","00:00","PM","212","REPAIR BROKEN MAIN"
"3037977","03/08/2021","05:11","PM","03/09/2021","03:00","PM","212","REPAIR BROKEN MAIN"
"3037998","03/08/2021","08:40","PM","03/09/2021","03:30","PM","212","REPAIR BROKEN MAIN"
"3037701","03/07/2021","12:10","AM","03/08/2021","01:00","AM","212","REPAIR BROKEN MAIN"
"3037703","03/07/2021","06:28","AM","03/07/2021","02:30","AM","212","REPAIR BROKEN MAIN"
"3037709","03/07/2021","08:34","AM","03/08/2021","12:30","AM","212","REPAIR BROKEN MAIN"
"3037726","03/07/2021","12:13","PM","03/07/2021","10:00","PM","212","REPAIR BROKEN MAIN"
"3037736","03/07/2021","02:30","PM","03/07/2021","05:45","PM","212","REPAIR BROKEN MAIN"
"3037750","03/07/2021","05:42","PM","03/08/2021","01:15","PM","212","REPAIR BROKEN MAIN"
"3037658","03/06/2021","07:41","AM","03/07/2021","00:00","AM","212","REPAIR BROKEN MAIN"
"3037430","03/05/2021","05:10","AM","03/05/2021","06:30","AM","212","REPAIR BROKEN MAIN"
"3037463","03/05/2021","08:16","AM","03/05/2021","05:00","AM","212","REPAIR BROKEN MAIN"
"3037481","03/05/2021","09:45","AM","03/05/2021","06:45","AM","212","REPAIR BROKEN MAIN"
"3037652","03/05/2021","11:18","PM","03/05/2021","04:00","PM","212","REPAIR BROKEN MAIN"
"3037395","03/04/2021","06:00","PM","03/05/2021","01:00","PM","212","REPAIR BROKEN MAIN"
"3037143","03/03/2021","11:57","AM","03/03/2021","08:30","AM","212","REPAIR BROKEN MAIN"
"3037182","03/03/2021","02:42","PM","03/04/2021","06:45","PM","212","REPAIR BROKEN MAIN"
"3037224","03/03/2021","07:27","PM","03/03/2021","02:00","PM","212","REPAIR BROKEN MAIN"
"3037229","03/03/2021","09:59","PM","03/04/2021","09:00","PM","212","REPAIR BROKEN MAIN"
"3036728","03/02/2021","09:01","AM","03/10/2021","07:30","AM","212","REPAIR BROKEN MAIN"
"3036734","03/02/2021","09:25","AM","03/02/2021","04:15","AM","212","REPAIR BROKEN MAIN"
"3036810","03/02/2021","11:38","AM","03/02/2021","09:00","AM","212","REPAIR BROKEN MAIN"
"3036848","03/02/2021","02:46","PM","03/02/2021","03:50","PM","212","REPAIR BROKEN MAIN"
"3036877","03/02/2021","05:17","PM","03/03/2021","01:30","PM","212","REPAIR BROKEN MAIN"
"3036892","03/02/2021","07:00","PM","03/02/2021","10:00","PM","212","REPAIR BROKEN MAIN"
"3035269","03/01/2021","11:12","AM","03/01/2021","03:35","AM","212","REPAIR BROKEN MAIN"
"3035301","03/01/2021","12:19","PM","03/01/2021","08:00","PM","212","REPAIR BROKEN MAIN"
"3035317","03/01/2021","01:42","PM","03/01/2021","08:00","PM","212","REPAIR BROKEN MAIN"
"3035357","03/01/2021","04:28","PM","03/02/2021","03:00","PM","212","REPAIR BROKEN MAIN"
"3035368","03/01/2021","06:10","PM","03/08/2021","10:50","PM","212","REPAIR BROKEN MAIN"
"3035385","03/01/2021","09:09","PM","03/02/2021","12:50","PM","212","REPAIR BROKEN MAIN"
"3035129","02/27/2021","08:29","AM","02/27/2021","11:30","AM","212","REPAIR BROKEN MAIN"
"3034868","02/26/2021","03:33","AM","02/26/2021","12:30","AM","212","REPAIR BROKEN MAIN"
"3034872","02/26/2021","06:47","AM","02/26/2021","12:00","AM","212","REPAIR BROKEN MAIN"
"3035016","02/26/2021","01:11","PM","02/26/2021","07:00","PM","212","REPAIR BROKEN MAIN"
"3035083","02/26/2021","05:10","PM","02/27/2021","02:50","PM","212","REPAIR BROKEN MAIN"
"3035110","02/26/2021","09:53","PM","02/27/2021","00:00","PM","212","REPAIR BROKEN MAIN"
"3034040","02/25/2021","04:46","AM","02/26/2021","03:00","AM","212","REPAIR BROKEN MAIN"
"3034045","02/25/2021","08:01","AM","02/25/2021","03:30","AM","212","REPAIR BROKEN MAIN"
"3034097","02/25/2021","10:27","AM","02/26/2021","04:25","AM","212","REPAIR BROKEN MAIN"
"3034117","02/25/2021","11:06","AM","02/25/2021","07:30","AM","212","REPAIR BROKEN MAIN"
"3034120","02/25/2021","11:13","AM","02/25/2021","07:10","AM","212","REPAIR BROKEN MAIN"
"3034121","02/25/2021","11:14","AM","02/25/2021","06:15","AM","212","REPAIR BROKEN MAIN"
"3034124","02/25/2021","11:18","AM","02/26/2021","00:00","AM","212","REPAIR BROKEN MAIN"
"3034130","02/25/2021","11:34","AM","02/26/2021","02:50","AM","212","REPAIR BROKEN MAIN"
"3034144","02/25/2021","12:38","PM","02/25/2021","08:25","PM","212","REPAIR BROKEN MAIN"
"3034150","02/25/2021","12:48","PM","02/25/2021","08:30","PM","212","REPAIR BROKEN MAIN"
"3034155","02/25/2021","01:11","PM","02/25/2021","00:00","PM","212","REPAIR BROKEN MAIN"
"3034174","02/25/2021","02:13","PM","02/26/2021","02:30","PM","212","REPAIR BROKEN MAIN"
"3033288","02/24/2021","08:18","AM","02/24/2021","06:00","AM","212","REPAIR BROKEN MAIN"
"3033345","02/24/2021","12:40","PM","02/25/2021","05:00","PM","212","REPAIR BROKEN MAIN"
"3033353","02/24/2021","01:07","PM","02/24/2021","11:45","PM","212","REPAIR BROKEN MAIN"
"3033354","02/24/2021","01:20","PM","02/24/2021","08:15","PM","212","REPAIR BROKEN MAIN"
"3033364","02/24/2021","01:52","PM","02/25/2021","12:30","PM","212","REPAIR BROKEN MAIN"
"3033415","02/24/2021","07:58","PM","02/25/2021","08:00","PM","212","REPAIR BROKEN MAIN"
"3032902","02/23/2021","12:37","AM","02/23/2021","03:15","AM","212","REPAIR BROKEN MAIN"
"3032935","02/23/2021","09:02","AM","02/23/2021","02:00","AM","212","REPAIR BROKEN MAIN"
"3032995","02/23/2021","12:58","PM","02/24/2021","02:30","PM","212","REPAIR BROKEN MAIN"
"3033034","02/23/2021","02:17","PM","02/24/2021","02:00","PM","212","REPAIR BROKEN MAIN"
"3033058","02/23/2021","04:12","PM","02/25/2021","02:45","PM","212","REPAIR BROKEN MAIN"
"3033062","02/23/2021","04:19","PM","02/23/2021","10:20","PM","212","REPAIR BROKEN MAIN"
"3033077","02/23/2021","05:48","PM","02/23/2021","10:30","PM","212","REPAIR BROKEN MAIN"
"3033258","02/23/2021","08:16","PM","02/24/2021","02:00","PM","212","REPAIR BROKEN MAIN"
"3033259","02/23/2021","08:34","PM","02/25/2021","02:35","PM","212","REPAIR BROKEN MAIN"
"3032594","02/22/2021","09:06","AM","02/23/2021","02:15","AM","212","REPAIR BROKEN MAIN"
"3032604","02/22/2021","09:36","AM","02/23/2021","02:00","AM","212","REPAIR BROKEN MAIN"
"3032623","02/22/2021","10:51","AM","02/23/2021","12:00","AM","212","REPAIR BROKEN MAIN"
"3032637","02/22/2021","11:19","AM","02/22/2021","09:00","AM","212","REPAIR BROKEN MAIN"
"3032690","02/22/2021","03:45","PM","02/22/2021","00:00","PM","212","REPAIR BROKEN MAIN"
"3032708","02/22/2021","06:44","PM","02/23/2021","02:00","PM","212","REPAIR BROKEN MAIN"
"3032463","02/21/2021","09:39","AM","02/21/2021","10:00","AM","212","REPAIR BROKEN MAIN"
"3032478","02/21/2021","12:16","PM","02/21/2021","10:15","PM","212","REPAIR BROKEN MAIN"
"3032487","02/21/2021","02:38","PM","02/22/2021","01:00","PM","212","REPAIR BROKEN MAIN"
"3032488","02/21/2021","02:52","PM","02/22/2021","02:45","PM","212","REPAIR BROKEN MAIN"
"3032489","02/21/2021","02:56","PM","02/21/2021","10:30","PM","212","REPAIR BROKEN MAIN"
"3032508","02/21/2021","07:28","PM","02/22/2021","11:00","PM","212","REPAIR BROKEN MAIN"
"3032510","02/21/2021","08:11","PM","02/22/2021","12:15","PM","212","REPAIR BROKEN MAIN"
"3032516","02/21/2021","10:19","PM","02/22/2021","01:30","PM","212","REPAIR BROKEN MAIN"
"3032399","02/20/2021","10:02","AM","02/20/2021","05:15","AM","212","REPAIR BROKEN MAIN"
"3032414","02/20/2021","12:30","PM","02/21/2021","03:00","PM","212","REPAIR BROKEN MAIN"
"3032441","02/20/2021","08:34","PM","02/21/2021","00:00","PM","212","REPAIR BROKEN MAIN"
"3032443","02/20/2021","09:21","PM","02/21/2021","02:50","PM","212","REPAIR BROKEN MAIN"
"3032446","02/20/2021","09:58","PM","02/21/2021","06:00","PM","212","REPAIR BROKEN MAIN"
"3032449","02/20/2021","11:08","PM","02/23/2021","05:45","PM","212","REPAIR BROKEN MAIN"
"3032324","02/19/2021","10:59","AM","02/19/2021","03:14","AM","212","REPAIR BROKEN MAIN"
"3032338","02/19/2021","12:19","PM","02/19/2021","08:30","PM","212","REPAIR BROKEN MAIN"
"3032344","02/19/2021","01:03","PM","02/23/2021","11:55","PM","212","REPAIR BROKEN MAIN"
"3032380","02/19/2021","05:08","PM","02/20/2021","00:00","PM","212","REPAIR BROKEN MAIN"
"3032386","02/19/2021","06:39","PM","02/19/2021","06:00","PM","212","REPAIR BROKEN MAIN"
"3032243","02/18/2021","10:06","PM","02/18/2021","02:30","PM","212","REPAIR BROKEN MAIN"
"3031543","02/17/2021","05:19","AM","02/17/2021","05:00","AM","212","REPAIR BROKEN MAIN"
"3031547","02/17/2021","07:30","AM","02/17/2021","02:15","AM","212","REPAIR BROKEN MAIN"
"3031570","02/17/2021","08:15","AM","02/17/2021","12:00","AM","212","REPAIR BROKEN MAIN"
"3031646","02/17/2021","11:23","AM","02/17/2021","09:45","AM","212","REPAIR BROKEN MAIN"
"3031671","02/17/2021","12:59","PM","02/17/2021","10:15","PM","212","REPAIR BROKEN MAIN"
"3031397","02/16/2021","10:08","AM","02/16/2021","10:30","AM","212","REPAIR BROKEN MAIN"
"3031513","02/16/2021","07:29","PM","02/17/2021","03:00","PM","212","REPAIR BROKEN MAIN"
"3031530","02/16/2021","09:34","PM","02/17/2021","02:00","PM","212","REPAIR BROKEN MAIN"
"3031537","02/16/2021","10:11","PM","02/17/2021","05:00","PM","212","REPAIR BROKEN MAIN"
"3031269","02/15/2021","02:40","AM","02/15/2021","01:00","AM","212","REPAIR BROKEN MAIN"
"3031287","02/15/2021","12:02","PM","02/16/2021","04:00","PM","212","REPAIR BROKEN MAIN"
"3031293","02/15/2021","01:02","PM","02/16/2021","01:00","PM","212","REPAIR BROKEN MAIN"
"3031310","02/15/2021","05:40","PM","02/16/2021","05:00","PM","212","REPAIR BROKEN MAIN"
"3031245","02/14/2021","09:50","AM","02/15/2021","03:45","AM","212","REPAIR BROKEN MAIN"
"3031209","02/13/2021","10:40","AM","02/13/2021","03:00","AM","212","REPAIR BROKEN MAIN"
"3031096","02/12/2021","08:42","AM","02/12/2021","04:15","AM","212","REPAIR BROKEN MAIN"
"3031121","02/12/2021","10:29","AM","02/17/2021","00:00","AM","212","REPAIR BROKEN MAIN"
"3031170","02/12/2021","02:34","PM","02/12/2021","11:55","PM","212","REPAIR BROKEN MAIN"
"3030920","02/11/2021","07:56","AM","02/11/2021","04:00","AM","212","REPAIR BROKEN MAIN"
"3030940","02/11/2021","10:22","AM","02/11/2021","05:15","AM","212","REPAIR BROKEN MAIN"
"3030685","02/10/2021","08:36","AM","02/10/2021","02:00","AM","212","REPAIR BROKEN MAIN"
"3030467","02/09/2021","09:34","AM","02/09/2021","04:00","AM","212","REPAIR BROKEN MAIN"
"3030519","02/09/2021","11:59","AM","02/09/2021","07:30","AM","212","REPAIR BROKEN MAIN"
"3030522","02/09/2021","12:26","PM","02/09/2021","08:50","PM","212","REPAIR BROKEN MAIN"
"3030523","02/09/2021","12:32","PM","02/10/2021","09:30","PM","212","REPAIR BROKEN MAIN"
"3030539","02/09/2021","01:39","PM","02/09/2021","09:00","PM","212","REPAIR BROKEN MAIN"
"3030566","02/09/2021","03:29","PM","02/09/2021","08:30","PM","212","REPAIR BROKEN MAIN"
"3030172","02/08/2021","08:17","AM","02/09/2021","02:30","AM","212","REPAIR BROKEN MAIN"
"3030259","02/08/2021","11:32","AM","02/08/2021","02:00","AM","212","REPAIR BROKEN MAIN"
"3030303","02/08/2021","12:36","PM","02/08/2021","04:30","PM","212","REPAIR BROKEN MAIN"
"3030373","02/08/2021","07:16","PM","02/09/2021","02:45","PM","212","REPAIR BROKEN MAIN"
"3030374","02/08/2021","07:15","PM","02/09/2021","08:15","PM","212","REPAIR BROKEN MAIN"
"3030385","02/08/2021","08:19","PM","02/10/2021","02:30","PM","212","REPAIR BROKEN MAIN"
"3030393","02/08/2021","08:39","PM","02/09/2021","02:30","PM","212","REPAIR BROKEN MAIN"
"3030406","02/08/2021","10:59","PM","02/09/2021","04:30","PM","212","REPAIR BROKEN MAIN"
"3030119","02/07/2021","05:01","PM","02/09/2021","02:30","PM","212","REPAIR BROKEN MAIN"
"3030123","02/07/2021","06:02","PM","02/08/2021","12:00","PM","212","REPAIR BROKEN MAIN"
"3029967","02/06/2021","03:59","AM","02/08/2021","07:25","AM","212","REPAIR BROKEN MAIN"
"3029968","02/06/2021","05:33","AM","02/09/2021","05:15","AM","212","REPAIR BROKEN MAIN"
"3029983","02/06/2021","07:55","AM","02/08/2021","12:30","AM","212","REPAIR BROKEN MAIN"
"3029986","02/06/2021","08:34","AM","02/08/2021","01:30","AM","212","REPAIR BROKEN MAIN"
"3029988","02/06/2021","08:48","AM","02/08/2021","04:30","AM","212","REPAIR BROKEN MAIN"
"3029989","02/06/2021","08:51","AM","02/06/2021","00:00","AM","212","REPAIR BROKEN MAIN"
"3029993","02/06/2021","09:07","AM","02/06/2021","10:20","AM","212","REPAIR BROKEN MAIN"
"3029994","02/06/2021","09:09","AM","02/06/2021","00:00","AM","212","REPAIR BROKEN MAIN"
"3030009","02/06/2021","10:55","AM","02/08/2021","03:00","AM","212","REPAIR BROKEN MAIN"
"3030032","02/06/2021","01:44","PM","02/09/2021","00:00","PM","212","REPAIR BROKEN MAIN"
"3030049","02/06/2021","03:32","PM","02/06/2021","00:00","PM","212","REPAIR BROKEN MAIN"
"3030052","02/06/2021","04:07","PM","02/08/2021","04:15","PM","212","REPAIR BROKEN MAIN"
"3030056","02/06/2021","04:43","PM","02/08/2021","09:20","PM","212","REPAIR BROKEN MAIN"
"3030057","02/06/2021","04:43","PM","02/08/2021","11:30","PM","212","REPAIR BROKEN MAIN"
"3029782","02/05/2021","12:10","AM","02/05/2021","11:30","AM","212","REPAIR BROKEN MAIN"
"3029809","02/05/2021","09:11","AM","02/05/2021","03:45","AM","212","REPAIR BROKEN MAIN"
"3029812","02/05/2021","09:30","AM","02/06/2021","03:00","AM","212","REPAIR BROKEN MAIN"
"3029818","02/05/2021","09:45","AM","02/06/2021","00:00","AM","212","REPAIR BROKEN MAIN"
"3029823","02/05/2021","10:06","AM","02/08/2021","05:00","AM","212","REPAIR BROKEN MAIN"
"3029850","02/05/2021","11:08","AM","02/06/2021","01:30","AM","212","REPAIR BROKEN MAIN"
"3029859","02/05/2021","11:57","AM","02/06/2021","06:15","AM","212","REPAIR BROKEN MAIN"
"3029868","02/05/2021","12:35","PM","02/07/2021","03:30","PM","212","REPAIR BROKEN MAIN"
"3029874","02/05/2021","01:06","PM","02/05/2021","04:30","PM","212","REPAIR BROKEN MAIN"
"3029881","02/05/2021","01:25","PM","02/06/2021","01:15","PM","212","REPAIR BROKEN MAIN"
"3029885","02/05/2021","01:57","PM","02/08/2021","02:35","PM","212","REPAIR BROKEN MAIN"
"3029896","02/05/2021","02:49","PM","02/08/2021","06:00","PM","212","REPAIR BROKEN MAIN"
"3029904","02/05/2021","03:20","PM","02/06/2021","04:30","PM","212","REPAIR BROKEN MAIN"
"3029917","02/05/2021","04:27","PM","02/08/2021","02:00","PM","212","REPAIR BROKEN MAIN"
"3029923","02/05/2021","04:36","PM","02/09/2021","05:00","PM","212","REPAIR BROKEN MAIN"
"3029930","02/05/2021","05:37","PM","02/08/2021","03:30","PM","212","REPAIR BROKEN MAIN"
"3029932","02/05/2021","05:37","PM","02/06/2021","00:00","PM","212","REPAIR BROKEN MAIN"
"3029935","02/05/2021","06:17","PM","02/06/2021","05:00","PM","212","REPAIR BROKEN MAIN"
"3029949","02/05/2021","08:35","PM","02/05/2021","05:30","PM","212","REPAIR BROKEN MAIN"
"3029950","02/05/2021","08:40","PM","02/06/2021","08:00","PM","212","REPAIR BROKEN MAIN"
"3029962","02/05/2021","11:16","PM","02/06/2021","00:00","PM","212","REPAIR BROKEN MAIN"
"3029963","02/05/2021","11:51","PM","02/07/2021","11:00","PM","212","REPAIR BROKEN MAIN"
"3029526","02/04/2021","06:19","AM","02/04/2021","00:00","AM","212","REPAIR BROKEN MAIN"
"3029556","02/04/2021","08:03","AM","02/04/2021","06:00","AM","212","REPAIR BROKEN MAIN"
"3029562","02/04/2021","08:20","AM","02/04/2021","06:45","AM","212","REPAIR BROKEN MAIN"
"3029565","02/04/2021","08:33","AM","02/05/2021","12:00","AM","212","REPAIR BROKEN MAIN"
"3029569","02/04/2021","08:46","AM","02/05/2021","02:30","AM","212","REPAIR BROKEN MAIN"
"3029593","02/04/2021","09:45","AM","02/04/2021","03:00","AM","212","REPAIR BROKEN MAIN"
"3029606","02/04/2021","10:28","AM","02/04/2021","07:15","AM","212","REPAIR BROKEN MAIN"
"3029607","02/04/2021","10:32","AM","02/04/2021","09:00","AM","212","REPAIR BROKEN MAIN"
"3029609","02/04/2021","10:37","AM","02/04/2021","05:45","AM","212","REPAIR BROKEN MAIN"
"3029617","02/04/2021","10:56","AM","02/05/2021","00:00","AM","212","REPAIR BROKEN MAIN"
"3029618","02/04/2021","10:59","AM","02/04/2021","05:00","AM","212","REPAIR BROKEN MAIN"
"3029620","02/04/2021","11:06","AM","02/04/2021","04:25","AM","212","REPAIR BROKEN MAIN"
"3029621","02/04/2021","11:06","AM","02/04/2021","10:15","AM","212","REPAIR BROKEN MAIN"
"3029647","02/04/2021","12:15","PM","02/05/2021","02:45","PM","212","REPAIR BROKEN MAIN"
"3029653","02/04/2021","12:51","PM","02/05/2021","02:30","PM","212","REPAIR BROKEN MAIN"
"3029666","02/04/2021","01:37","PM","02/05/2021","00:00","PM","212","REPAIR BROKEN MAIN"
"3029676","02/04/2021","02:17","PM","02/05/2021","09:15","PM","212","REPAIR BROKEN MAIN"
"3029682","02/04/2021","02:30","PM","02/05/2021","07:30","PM","212","REPAIR BROKEN MAIN"
"3029709","02/04/2021","04:26","PM","02/04/2021","00:00","PM","212","REPAIR BROKEN MAIN"
"3029729","02/04/2021","06:32","PM","02/05/2021","00:00","PM","212","REPAIR BROKEN MAIN"
"3029733","02/04/2021","07:09","PM","02/05/2021","02:00","PM","212","REPAIR BROKEN MAIN"
"3029734","02/04/2021","07:11","PM","02/05/2021","02:00","PM","212","REPAIR BROKEN MAIN"
"3029735","02/04/2021","07:20","PM","02/05/2021","02:00","PM","212","REPAIR BROKEN MAIN"
"3029738","02/04/2021","07:29","PM","02/04/2021","02:00","PM","212","REPAIR BROKEN MAIN"
"3029739","02/04/2021","07:43","PM","02/05/2021","01:00","PM","212","REPAIR BROKEN MAIN"
"3029740","02/04/2021","07:55","PM","02/04/2021","10:15","PM","212","REPAIR BROKEN MAIN"
"3029749","02/04/2021","09:54","PM","02/05/2021","11:30","PM","212","REPAIR BROKEN MAIN"
"3029753","02/04/2021","10:27","PM","02/05/2021","06:00","PM","212","REPAIR BROKEN MAIN"
"3029313","02/03/2021","12:45","AM","02/03/2021","03:00","AM","212","REPAIR BROKEN MAIN"
"3029317","02/03/2021","02:44","AM","02/04/2021","03:00","AM","212","REPAIR BROKEN MAIN"
"3029318","02/03/2021","03:23","AM","02/03/2021","04:15","AM","212","REPAIR BROKEN MAIN"
"3029326","02/03/2021","06:24","AM","02/04/2021","05:50","AM","212","REPAIR BROKEN MAIN"
"3029342","02/03/2021","08:06","AM","02/04/2021","10:15","AM","212","REPAIR BROKEN MAIN"
"3029352","02/03/2021","08:38","AM","02/03/2021","10:00","AM","212","REPAIR BROKEN MAIN"
"3029363","02/03/2021","08:57","AM","02/03/2021","03:00","AM","212","REPAIR BROKEN MAIN"
"3029365","02/03/2021","09:05","AM","02/04/2021","07:55","AM","212","REPAIR BROKEN MAIN"
"3029368","02/03/2021","09:16","AM","02/03/2021","03:00","AM","212","REPAIR BROKEN MAIN"
"3029370","02/03/2021","09:34","AM","02/03/2021","11:00","AM","212","REPAIR BROKEN MAIN"
"3029372","02/03/2021","09:41","AM","02/03/2021","00:00","AM","212","REPAIR BROKEN MAIN"
"3029375","02/03/2021","09:50","AM","02/10/2021","11:10","AM","212","REPAIR BROKEN MAIN"
"3029382","02/03/2021","10:17","AM","02/03/2021","05:30","AM","212","REPAIR BROKEN MAIN"
"3029396","02/03/2021","11:27","AM","02/04/2021","01:30","AM","212","REPAIR BROKEN MAIN"
"3029412","02/03/2021","12:29","PM","02/03/2021","03:15","PM","212","REPAIR BROKEN MAIN"
"3029422","02/03/2021","01:19","PM","02/03/2021","09:30","PM","212","REPAIR BROKEN MAIN"
"3029424","02/03/2021","01:18","PM","02/03/2021","05:45","PM","212","REPAIR BROKEN MAIN"
"3029425","02/03/2021","01:21","PM","02/04/2021","02:30","PM","212","REPAIR BROKEN MAIN"
"3029430","02/03/2021","01:49","PM","02/04/2021","04:00","PM","212","REPAIR BROKEN MAIN"
"3029448","02/03/2021","02:05","PM","02/04/2021","03:00","PM","212","REPAIR BROKEN MAIN"
"3029453","02/03/2021","02:05","PM","02/03/2021","07:15","PM","212","REPAIR BROKEN MAIN"
"3029459","02/03/2021","02:47","PM","02/03/2021","09:00","PM","212","REPAIR BROKEN MAIN"
"3029488","02/03/2021","05:11","PM","02/04/2021","01:30","PM","212","REPAIR BROKEN MAIN"
"3029491","02/03/2021","05:34","PM","02/04/2021","00:00","PM","212","REPAIR BROKEN MAIN"
"3029492","02/03/2021","05:38","PM","02/04/2021","04:00","PM","212","REPAIR BROKEN MAIN"
"3029500","02/03/2021","06:27","PM","02/04/2021","00:00","PM","212","REPAIR BROKEN MAIN"
"3029508","02/03/2021","07:50","PM","02/04/2021","06:15","PM","212","REPAIR BROKEN MAIN"
"3029510","02/03/2021","08:27","PM","02/04/2021","09:15","PM","212","REPAIR BROKEN MAIN"
"3029511","02/03/2021","09:19","PM","02/04/2021","10:55","PM","212","REPAIR BROKEN MAIN"
"3029514","02/03/2021","09:49","PM","02/04/2021","00:00","PM","212","REPAIR BROKEN MAIN"
"3029517","02/03/2021","10:47","PM","02/04/2021","03:15","PM","212","REPAIR BROKEN MAIN"
"3029027","02/02/2021","01:17","AM","02/02/2021","02:10","AM","212","REPAIR BROKEN MAIN"
"3029031","02/02/2021","06:02","AM","02/02/2021","10:45","AM","212","REPAIR BROKEN MAIN"
"3029040","02/02/2021","07:51","AM","02/02/2021","11:30","AM","212","REPAIR BROKEN MAIN"
"3029044","02/02/2021","08:29","AM","02/02/2021","03:30","AM","212","REPAIR BROKEN MAIN"
"3029051","02/02/2021","09:04","AM","02/02/2021","10:00","AM","212","REPAIR BROKEN MAIN"
"3029052","02/02/2021","09:15","AM","02/02/2021","00:00","AM","212","REPAIR BROKEN MAIN"
"3029064","02/02/2021","10:42","AM","02/02/2021","01:30","AM","212","REPAIR BROKEN MAIN"
"3029066","02/02/2021","10:49","AM","02/03/2021","00:00","AM","212","REPAIR BROKEN MAIN"
"3029070","02/02/2021","11:09","AM","02/02/2021","00:00","AM","212","REPAIR BROKEN MAIN"
"3029107","02/02/2021","01:11","PM","02/02/2021","10:20","PM","212","REPAIR BROKEN MAIN"
"3029131","02/02/2021","02:44","PM","02/03/2021","06:30","PM","212","REPAIR BROKEN MAIN"
"3029138","02/02/2021","03:03","PM","02/02/2021","11:00","PM","212","REPAIR BROKEN MAIN"
"3029160","02/02/2021","04:49","PM","02/03/2021","11:00","PM","212","REPAIR BROKEN MAIN"
"3029165","02/02/2021","05:35","PM","02/03/2021","03:20","PM","212","REPAIR BROKEN MAIN"
"3029171","02/02/2021","06:40","PM","02/03/2021","02:45","PM","212","REPAIR BROKEN MAIN"
"3029309","02/02/2021","09:37","PM","02/03/2021","06:00","PM","212","REPAIR BROKEN MAIN"
"3029311","02/02/2021","10:23","PM","02/03/2021","05:30","PM","212","REPAIR BROKEN MAIN"
"3028145","02/01/2021","09:05","AM","02/01/2021","05:15","AM","212","REPAIR BROKEN MAIN"
"3028148","02/01/2021","09:21","AM","02/02/2021","07:10","AM","212","REPAIR BROKEN MAIN"
"3028155","02/01/2021","09:38","AM","02/02/2021","12:30","AM","212","REPAIR BROKEN MAIN"
"3028266","02/01/2021","01:14","PM","02/01/2021","09:20","PM","212","REPAIR BROKEN MAIN"
"3028302","02/01/2021","02:46","PM","02/01/2021","08:45","PM","212","REPAIR BROKEN MAIN"
"3028314","02/01/2021","04:25","PM","02/04/2021","09:35","PM","212","REPAIR BROKEN MAIN"
"3028324","02/01/2021","05:50","PM","02/02/2021","03:45","PM","212","REPAIR BROKEN MAIN"
"3028326","02/01/2021","06:22","PM","02/02/2021","04:15","PM","212","REPAIR BROKEN MAIN"
"3028328","02/01/2021","07:10","PM","02/02/2021","02:30","PM","212","REPAIR BROKEN MAIN"
"3028331","02/01/2021","07:47","PM","02/04/2021","00:00","PM","212","REPAIR BROKEN MAIN"
"3028332","02/01/2021","08:22","PM","02/02/2021","00:00","PM","212","REPAIR BROKEN MAIN"
"3028334","02/01/2021","08:35","PM","02/02/2021","03:00","PM","212","REPAIR BROKEN MAIN"
"3028336","02/01/2021","10:10","PM","02/02/2021","05:00","PM","212","REPAIR BROKEN MAIN"
"3029022","02/01/2021","11:50","PM","02/02/2021","02:45","PM","212","REPAIR BROKEN MAIN"
"3028013","01/31/2021","02:34","AM","02/01/2021","12:15","AM","212","REPAIR BROKEN MAIN"
"3028019","01/31/2021","07:19","AM","01/31/2021","05:00","AM","212","REPAIR BROKEN MAIN"
"3028029","01/31/2021","08:47","AM","01/31/2021","06:15","AM","212","REPAIR BROKEN MAIN"
"3028051","01/31/2021","11:29","AM","02/01/2021","05:00","AM","212","REPAIR BROKEN MAIN"
"3028074","01/31/2021","02:17","PM","02/01/2021","00:00","PM","212","REPAIR BROKEN MAIN"
"3028088","01/31/2021","06:17","PM","02/01/2021","01:30","PM","212","REPAIR BROKEN MAIN"
"3028091","01/31/2021","07:06","PM","02/01/2021","04:15","PM","212","REPAIR BROKEN MAIN"
"3028095","01/31/2021","07:30","PM","02/02/2021","09:30","PM","212","REPAIR BROKEN MAIN"
"3028099","01/31/2021","08:44","PM","02/01/2021","03:00","PM","212","REPAIR BROKEN MAIN"
"3027909","01/30/2021","12:30","AM","02/01/2021","06:45","AM","212","REPAIR BROKEN MAIN"
"3027910","01/30/2021","01:04","AM","01/30/2021","02:30","AM","212","REPAIR BROKEN MAIN"
"3027912","01/30/2021","03:01","AM","01/30/2021","09:00","AM","212","REPAIR BROKEN MAIN"
"3027928","01/30/2021","08:28","AM","01/30/2021","00:00","AM","212","REPAIR BROKEN MAIN"
"3027929","01/30/2021","08:50","AM","01/30/2021","05:30","AM","212","REPAIR BROKEN MAIN"
"3027952","01/30/2021","12:07","PM","01/30/2021","06:30","PM","212","REPAIR BROKEN MAIN"
"3027964","01/30/2021","01:31","PM","01/30/2021","10:00","PM","212","REPAIR BROKEN MAIN"
"3027975","01/30/2021","02:55","PM","01/30/2021","00:00","PM","212","REPAIR BROKEN MAIN"
"3027980","01/30/2021","03:51","PM","01/30/2021","11:05","PM","212","REPAIR BROKEN MAIN"
"3027992","01/30/2021","05:49","PM","02/01/2021","08:20","PM","212","REPAIR BROKEN MAIN"
"3027993","01/30/2021","05:53","PM","01/31/2021","00:00","PM","212","REPAIR BROKEN MAIN"
"3027995","01/30/2021","06:20","PM","01/31/2021","02:00","PM","212","REPAIR BROKEN MAIN"
"3027998","01/30/2021","07:11","PM","02/02/2021","12:00","PM","212","REPAIR BROKEN MAIN"
"3028002","01/30/2021","09:19","PM","02/01/2021","02:45","PM","212","REPAIR BROKEN MAIN"
"3028007","01/30/2021","10:54","PM","02/01/2021","10:10","PM","212","REPAIR BROKEN MAIN"
"3027706","01/29/2021","02:43","AM","01/29/2021","02:00","AM","212","REPAIR BROKEN MAIN"
"3027709","01/29/2021","04:25","AM","01/29/2021","02:30","AM","212","REPAIR BROKEN MAIN"
"3027710","01/29/2021","04:34","AM","01/29/2021","10:55","AM","212","REPAIR BROKEN MAIN"
"3027730","01/29/2021","08:01","AM","01/29/2021","01:45","AM","212","REPAIR BROKEN MAIN"
"3027753","01/29/2021","08:37","AM","01/29/2021","06:00","AM","212","REPAIR BROKEN MAIN"
"3027755","01/29/2021","08:43","AM","01/29/2021","02:30","AM","212","REPAIR BROKEN MAIN"
"3027768","01/29/2021","09:28","AM","02/04/2021","04:00","AM","212","REPAIR BROKEN MAIN"
"3027812","01/29/2021","11:35","AM","01/29/2021","00:00","AM","212","REPAIR BROKEN MAIN"
"3027818","01/29/2021","11:59","AM","01/29/2021","11:15","AM","212","REPAIR BROKEN MAIN"
"3027879","01/29/2021","04:57","PM","01/30/2021","04:30","PM","212","REPAIR BROKEN MAIN"
"3027892","01/29/2021","07:41","PM","01/29/2021","09:22","PM","212","REPAIR BROKEN MAIN"
"3027467","01/28/2021","03:25","AM","01/28/2021","04:00","AM","212","REPAIR BROKEN MAIN"
"3027468","01/28/2021","03:38","AM","01/28/2021","00:00","AM","212","REPAIR BROKEN MAIN"
"3027473","01/28/2021","06:46","AM","01/28/2021","02:45","AM","212","REPAIR BROKEN MAIN"
"3027512","01/28/2021","08:18","AM","01/29/2021","00:00","AM","212","REPAIR BROKEN MAIN"
"3027524","01/28/2021","09:02","AM","01/28/2021","02:45","AM","212","REPAIR BROKEN MAIN"
"3027525","01/28/2021","09:08","AM","01/28/2021","00:00","AM","212","REPAIR BROKEN MAIN"
"3027530","01/28/2021","09:24","AM","01/29/2021","03:00","AM","212","REPAIR BROKEN MAIN"
"3027558","01/28/2021","11:22","AM","01/28/2021","06:45","AM","212","REPAIR BROKEN MAIN"
"3027560","01/28/2021","11:24","AM","01/29/2021","02:30","AM","212","REPAIR BROKEN MAIN"
"3027591","01/28/2021","12:52","PM","01/28/2021","05:00","PM","212","REPAIR BROKEN MAIN"
"3027655","01/28/2021","04:23","PM","01/29/2021","02:30","PM","212","REPAIR BROKEN MAIN"
"3027662","01/28/2021","06:53","PM","01/29/2021","09:00","PM","212","REPAIR BROKEN MAIN"
"3027666","01/28/2021","08:58","PM","01/29/2021","02:45","PM","212","REPAIR BROKEN MAIN"
"3027249","01/27/2021","05:14","AM","01/27/2021","02:30","AM","212","REPAIR BROKEN MAIN"
"3027260","01/27/2021","08:33","AM","01/28/2021","00:00","AM","212","REPAIR BROKEN MAIN"
"3027272","01/27/2021","09:49","AM","01/28/2021","02:30","AM","212","REPAIR BROKEN MAIN"
"3027277","01/27/2021","10:13","AM","01/27/2021","06:30","AM","212","REPAIR BROKEN MAIN"
"3027291","01/27/2021","10:47","AM","01/27/2021","09:00","AM","212","REPAIR BROKEN MAIN"
"3027303","01/27/2021","11:18","AM","01/28/2021","04:30","AM","212","REPAIR BROKEN MAIN"
"3027338","01/27/2021","01:29","PM","01/27/2021","08:15","PM","212","REPAIR BROKEN MAIN"
"3027341","01/27/2021","01:38","PM","01/28/2021","12:45","PM","212","REPAIR BROKEN MAIN"
"3027352","01/27/2021","02:52","PM","01/28/2021","03:00","PM","212","REPAIR BROKEN MAIN"
"3027410","01/27/2021","04:18","PM","01/28/2021","01:00","PM","212","REPAIR BROKEN MAIN"
"3027420","01/27/2021","05:07","PM","01/28/2021","06:00","PM","212","REPAIR BROKEN MAIN"
"3027422","01/27/2021","05:20","PM","01/28/2021","09:45","PM","212","REPAIR BROKEN MAIN"
"3027428","01/27/2021","05:39","PM","01/28/2021","00:00","PM","212","REPAIR BROKEN MAIN"
"3027432","01/27/2021","06:12","PM","01/27/2021","11:00","PM","212","REPAIR BROKEN MAIN"
"3027442","01/27/2021","07:16","PM","01/28/2021","12:00","PM","212","REPAIR BROKEN MAIN"
"3027052","01/26/2021","07:47","AM","01/26/2021","03:00","AM","212","REPAIR BROKEN MAIN"
"3027062","01/26/2021","08:12","AM","01/26/2021","07:10","AM","212","REPAIR BROKEN MAIN"
"3027085","01/26/2021","09:42","AM","01/26/2021","09:30","AM","212","REPAIR BROKEN MAIN"
"3027111","01/26/2021","11:04","AM","01/26/2021","03:30","AM","212","REPAIR BROKEN MAIN"
"3027146","01/26/2021","01:02","PM","01/27/2021","01:00","PM","212","REPAIR BROKEN MAIN"
"3027156","01/26/2021","01:41","PM","01/27/2021","02:00","PM","212","REPAIR BROKEN MAIN"
"3027166","01/26/2021","02:27","PM","01/26/2021","10:30","PM","212","REPAIR BROKEN MAIN"
"3027185","01/26/2021","04:23","PM","01/26/2021","10:00","PM","212","REPAIR BROKEN MAIN"
"3027200","01/26/2021","06:50","PM","01/29/2021","07:11","PM","212","REPAIR BROKEN MAIN"
"3027202","01/26/2021","07:00","PM","01/27/2021","10:00","PM","212","REPAIR BROKEN MAIN"
"3027221","01/26/2021","10:09","PM","01/27/2021","02:30","PM","212","REPAIR BROKEN MAIN"
"3026749","01/25/2021","07:12","AM","01/25/2021","02:30","AM","212","REPAIR BROKEN MAIN"
"3026766","01/25/2021","09:14","AM","02/01/2021","00:00","AM","212","REPAIR BROKEN MAIN"
"3026768","01/25/2021","09:15","AM","01/26/2021","03:00","AM","212","REPAIR BROKEN MAIN"
"3026769","01/25/2021","09:22","AM","01/25/2021","02:30","AM","212","REPAIR BROKEN MAIN"
"3026783","01/25/2021","10:00","AM","01/25/2021","06:15","AM","212","REPAIR BROKEN MAIN"
"3026789","01/25/2021","10:09","AM","01/25/2021","05:00","AM","212","REPAIR BROKEN MAIN"
"3026797","01/25/2021","10:32","AM","01/25/2021","09:00","AM","212","REPAIR BROKEN MAIN"
"3026810","01/25/2021","11:15","AM","01/25/2021","03:30","AM","212","REPAIR BROKEN MAIN"
"3026844","01/25/2021","01:49","PM","01/25/2021","06:40","PM","212","REPAIR BROKEN MAIN"
"3026862","01/25/2021","02:57","PM","01/26/2021","02:25","PM","212","REPAIR BROKEN MAIN"
"3026899","01/25/2021","05:50","PM","01/26/2021","03:00","PM","212","REPAIR BROKEN MAIN"
"3026662","01/24/2021","08:49","AM","01/25/2021","02:30","AM","212","REPAIR BROKEN MAIN"
"3026674","01/24/2021","12:14","PM","01/25/2021","01:45","PM","212","REPAIR BROKEN MAIN"
"3026682","01/24/2021","01:21","PM","01/25/2021","12:30","PM","212","REPAIR BROKEN MAIN"
"3026693","01/24/2021","02:45","PM","01/25/2021","01:30","PM","212","REPAIR BROKEN MAIN"
"3026701","01/24/2021","04:05","PM","01/25/2021","00:00","PM","212","REPAIR BROKEN MAIN"
"3026712","01/24/2021","05:46","PM","01/25/2021","05:50","PM","212","REPAIR BROKEN MAIN"
"3026719","01/24/2021","07:01","PM","01/25/2021","01:40","PM","212","REPAIR BROKEN MAIN"
"3026727","01/24/2021","07:47","PM","01/26/2021","00:00","PM","212","REPAIR BROKEN MAIN"
"3026599","01/23/2021","09:22","AM","01/23/2021","00:00","AM","212","REPAIR BROKEN MAIN"
"3026600","01/23/2021","09:25","AM","01/23/2021","00:00","AM","212","REPAIR BROKEN MAIN"
"3026611","01/23/2021","11:56","AM","01/24/2021","07:00","AM","212","REPAIR BROKEN MAIN"
"3026630","01/23/2021","02:35","PM","01/24/2021","00:00","PM","212","REPAIR BROKEN MAIN"
"3026648","01/23/2021","09:56","PM","01/24/2021","07:00","PM","212","REPAIR BROKEN MAIN"
"3026504","01/22/2021","12:28","PM","01/22/2021","06:45","PM","212","REPAIR BROKEN MAIN"
"3026575","01/22/2021","09:54","PM","01/25/2021","02:00","PM","212","REPAIR BROKEN MAIN"
"3026576","01/22/2021","10:08","PM","01/24/2021","10:00","PM","212","REPAIR BROKEN MAIN"
"3026578","01/22/2021","10:27","PM","01/23/2021","12:00","PM","212","REPAIR BROKEN MAIN"
"3026000","01/21/2021","07:39","AM","01/21/2021","02:00","AM","212","REPAIR BROKEN MAIN"
"3026021","01/21/2021","08:59","AM","01/21/2021","07:25","AM","212","REPAIR BROKEN MAIN"
"3026039","01/21/2021","09:30","AM","01/22/2021","01:00","AM","212","REPAIR BROKEN MAIN"
"3026060","01/21/2021","11:00","AM","01/21/2021","07:00","AM","212","REPAIR BROKEN MAIN"
"3026140","01/21/2021","02:43","PM","01/21/2021","05:45","PM","212","REPAIR BROKEN MAIN"
"3026199","01/21/2021","06:54","PM","01/22/2021","00:00","PM","212","REPAIR BROKEN MAIN"
"3026372","01/21/2021","09:59","PM","01/22/2021","11:40","PM","212","REPAIR BROKEN MAIN"
"3025616","01/19/2021","03:58","AM","01/19/2021","03:00","AM","212","REPAIR BROKEN MAIN"
"3025618","01/19/2021","04:06","AM","01/21/2021","02:15","AM","212","REPAIR BROKEN MAIN"
"3025621","01/19/2021","05:51","AM","01/19/2021","05:20","AM","212","REPAIR BROKEN MAIN"
"3025712","01/19/2021","10:10","AM","01/19/2021","08:00","AM","212","REPAIR BROKEN MAIN"
"3025717","01/19/2021","10:19","AM","01/20/2021","12:35","AM","212","REPAIR BROKEN MAIN"
"3025770","01/19/2021","01:10","PM","01/19/2021","10:30","PM","212","REPAIR BROKEN MAIN"
"3025808","01/19/2021","03:10","PM","01/19/2021","10:00","PM","212","REPAIR BROKEN MAIN"
"3025846","01/19/2021","05:43","PM","01/20/2021","03:30","PM","212","REPAIR BROKEN MAIN"
"3025868","01/19/2021","09:23","PM","01/20/2021","05:15","PM","212","REPAIR BROKEN MAIN"
"3025877","01/19/2021","09:49","PM","01/20/2021","01:50","PM","212","REPAIR BROKEN MAIN"
"3025883","01/19/2021","08:00","PM","01/19/2021","11:55","PM","212","REPAIR BROKEN MAIN"
"3025901","01/19/2021","11:52","PM","01/20/2021","01:30","PM","212","REPAIR BROKEN MAIN"
"3025480","01/18/2021","06:09","AM","01/18/2021","02:00","AM","212","REPAIR BROKEN MAIN"
"3025487","01/18/2021","08:39","AM","01/18/2021","06:30","AM","212","REPAIR BROKEN MAIN"
"3025489","01/18/2021","08:58","AM","01/18/2021","07:15","AM","212","REPAIR BROKEN MAIN"
"3025557","01/18/2021","01:18","PM","01/18/2021","08:00","PM","212","REPAIR BROKEN MAIN"
"3025563","01/18/2021","02:04","PM","01/18/2021","07:30","PM","212","REPAIR BROKEN MAIN"
"3025578","01/18/2021","06:22","PM","01/18/2021","10:30","PM","212","REPAIR BROKEN MAIN"
"3025611","01/18/2021","11:55","PM","01/19/2021","12:00","PM","212","REPAIR BROKEN MAIN"
"3025432","01/17/2021","09:53","AM","01/17/2021","05:45","AM","212","REPAIR BROKEN MAIN"
"3025434","01/17/2021","10:26","AM","01/17/2021","09:30","AM","212","REPAIR BROKEN MAIN"
"3025437","01/17/2021","11:46","AM","01/17/2021","04:20","AM","212","REPAIR BROKEN MAIN"
"3025464","01/17/2021","05:20","PM","01/17/2021","00:00","PM","212","REPAIR BROKEN MAIN"
"3025470","01/17/2021","07:33","PM","01/18/2021","04:45","PM","212","REPAIR BROKEN MAIN"
"3025474","01/17/2021","09:03","PM","01/18/2021","01:00","PM","212","REPAIR BROKEN MAIN"
"3025364","01/16/2021","12:50","AM","01/16/2021","00:00","AM","212","REPAIR BROKEN MAIN"
"3025365","01/16/2021","02:07","AM","01/16/2021","05:00","AM","212","REPAIR BROKEN MAIN"
"3025367","01/16/2021","03:34","AM","01/19/2021","01:15","AM","212","REPAIR BROKEN MAIN"
"3025374","01/16/2021","08:54","AM","01/16/2021","05:30","AM","212","REPAIR BROKEN MAIN"
"3025409","01/16/2021","03:09","PM","01/17/2021","02:30","PM","212","REPAIR BROKEN MAIN"
"3025424","01/16/2021","10:45","PM","01/25/2021","00:00","PM","212","REPAIR BROKEN MAIN"
"3025143","01/15/2021","01:12","AM","01/15/2021","06:50","AM","212","REPAIR BROKEN MAIN"
"3025230","01/15/2021","09:59","AM","01/15/2021","00:00","AM","212","REPAIR BROKEN MAIN"
"3025286","01/15/2021","01:19","PM","01/16/2021","07:30","PM","212","REPAIR BROKEN MAIN"
"3025314","01/15/2021","02:46","PM","01/16/2021","05:15","PM","212","REPAIR BROKEN MAIN"
"3025342","01/15/2021","05:12","PM","01/16/2021","10:00","PM","212","REPAIR BROKEN MAIN"
"3025347","01/15/2021","05:46","PM","01/16/2021","09:45","PM","212","REPAIR BROKEN MAIN"
"3024918","01/14/2021","02:53","AM","01/14/2021","03:30","AM","212","REPAIR BROKEN MAIN"
"3024921","01/14/2021","06:16","AM","01/14/2021","04:30","AM","212","REPAIR BROKEN MAIN"
"3024941","01/14/2021","08:13","AM","01/15/2021","02:30","AM","212","REPAIR BROKEN MAIN"
"3024945","01/14/2021","08:42","AM","01/14/2021","02:30","AM","212","REPAIR BROKEN MAIN"
"3024947","01/14/2021","08:52","AM","01/15/2021","03:15","AM","212","REPAIR BROKEN MAIN"
"3024950","01/14/2021","08:58","AM","01/14/2021","00:00","AM","212","REPAIR BROKEN MAIN"
"3024962","01/14/2021","09:43","AM","01/14/2021","07:00","AM","212","REPAIR BROKEN MAIN"
"3025034","01/14/2021","02:40","PM","01/14/2021","06:30","PM","212","REPAIR BROKEN MAIN"
"3025063","01/14/2021","05:07","PM","01/15/2021","02:50","PM","212","REPAIR BROKEN MAIN"
"3025064","01/14/2021","05:12","PM","01/15/2021","09:30","PM","212","REPAIR BROKEN MAIN"
"3025074","01/14/2021","06:56","PM","01/15/2021","11:00","PM","212","REPAIR BROKEN MAIN"
"3025077","01/14/2021","08:28","PM","01/15/2021","04:15","PM","212","REPAIR BROKEN MAIN"
"3025087","01/14/2021","09:22","PM","01/15/2021","01:00","PM","212","REPAIR BROKEN MAIN"
"3025099","01/14/2021","09:53","PM","01/15/2021","02:45","PM","212","REPAIR BROKEN MAIN"
"3024701","01/13/2021","06:45","AM","01/14/2021","02:45","AM","212","REPAIR BROKEN MAIN"
"3024716","01/13/2021","08:09","AM","01/14/2021","00:00","AM","212","REPAIR BROKEN MAIN"
"3024719","01/13/2021","08:20","AM","01/14/2021","02:30","AM","212","REPAIR BROKEN MAIN"
"3024732","01/13/2021","09:12","AM","01/13/2021","02:30","AM","212","REPAIR BROKEN MAIN"
"3024750","01/13/2021","09:59","AM","01/13/2021","04:20","AM","212","REPAIR BROKEN MAIN"
"3024791","01/13/2021","12:30","PM","01/13/2021","08:00","PM","212","REPAIR BROKEN MAIN"
"3024793","01/13/2021","12:39","PM","01/14/2021","02:00","PM","212","REPAIR BROKEN MAIN"
"3024798","01/13/2021","12:54","PM","01/14/2021","02:00","PM","212","REPAIR BROKEN MAIN"
"3024809","01/13/2021","01:28","PM","01/14/2021","12:30","PM","212","REPAIR BROKEN MAIN"
"3024813","01/13/2021","01:40","PM","01/13/2021","09:10","PM","212","REPAIR BROKEN MAIN"
"3024843","01/13/2021","03:21","PM","01/13/2021","10:30","PM","212","REPAIR BROKEN MAIN"
"3024878","01/13/2021","07:07","PM","01/14/2021","12:30","PM","212","REPAIR BROKEN MAIN"
"3024884","01/13/2021","08:24","PM","01/28/2021","03:00","PM","212","REPAIR BROKEN MAIN"
"3024886","01/13/2021","09:01","PM","01/14/2021","02:30","PM","212","REPAIR BROKEN MAIN"
"3024905","01/13/2021","10:48","PM","01/14/2021","04:15","PM","212","REPAIR BROKEN MAIN"
"3024452","01/12/2021","01:42","AM","01/12/2021","00:00","AM","212","REPAIR BROKEN MAIN"
"3024498","01/12/2021","09:02","AM","01/12/2021","08:00","AM","212","REPAIR BROKEN MAIN"
"3024619","01/12/2021","03:50","PM","01/13/2021","00:00","PM","212","REPAIR BROKEN MAIN"
"3024625","01/12/2021","04:08","PM","01/13/2021","01:45","PM","212","REPAIR BROKEN MAIN"
"3024652","01/12/2021","07:10","PM","01/13/2021","01:30","PM","212","REPAIR BROKEN MAIN"
"3024661","01/12/2021","08:33","PM","01/13/2021","02:00","PM","212","REPAIR BROKEN MAIN"
"3024677","01/12/2021","09:10","PM","01/13/2021","02:15","PM","212","REPAIR BROKEN MAIN"
"3024310","01/11/2021","05:45","AM","01/11/2021","03:00","AM","212","REPAIR BROKEN MAIN"
"3024340","01/11/2021","09:09","AM","01/12/2021","09:00","AM","212","REPAIR BROKEN MAIN"
"3024349","01/11/2021","09:38","AM","01/11/2021","02:30","AM","212","REPAIR BROKEN MAIN"
"3024378","01/11/2021","01:53","PM","01/11/2021","04:20","PM","212","REPAIR BROKEN MAIN"
"3024390","01/11/2021","03:15","PM","01/11/2021","07:05","PM","212","REPAIR BROKEN MAIN"
"3024393","01/11/2021","04:20","PM","01/12/2021","02:30","PM","212","REPAIR BROKEN MAIN"
"3024428","01/11/2021","06:20","PM","01/12/2021","00:00","PM","212","REPAIR BROKEN MAIN"
"3024434","01/11/2021","08:15","PM","01/12/2021","02:30","PM","212","REPAIR BROKEN MAIN"
"3024225","01/10/2021","12:00","AM","01/11/2021","02:20","AM","212","REPAIR BROKEN MAIN"
"3024230","01/10/2021","02:18","AM","01/12/2021","05:00","AM","212","REPAIR BROKEN MAIN"
"3024240","01/10/2021","09:55","AM","01/11/2021","03:30","AM","212","REPAIR BROKEN MAIN"
"3024249","01/10/2021","10:46","AM","01/10/2021","04:00","AM","212","REPAIR BROKEN MAIN"
"3024253","01/10/2021","11:05","AM","01/10/2021","08:00","AM","212","REPAIR BROKEN MAIN"
"3024255","01/10/2021","11:13","AM","01/10/2021","04:00","AM","212","REPAIR BROKEN MAIN"
"3024257","01/10/2021","11:39","AM","01/12/2021","00:00","AM","212","REPAIR BROKEN MAIN"
"3024280","01/10/2021","04:15","PM","01/11/2021","01:45","PM","212","REPAIR BROKEN MAIN"
"3024284","01/10/2021","05:35","PM","01/11/2021","03:10","PM","212","REPAIR BROKEN MAIN"
"3024286","01/10/2021","06:39","PM","01/11/2021","02:30","PM","212","REPAIR BROKEN MAIN"
"3024147","01/09/2021","01:15","AM","01/12/2021","06:30","AM","212","REPAIR BROKEN MAIN"
"3024154","01/09/2021","07:51","AM","01/10/2021","05:15","AM","212","REPAIR BROKEN MAIN"
"3024158","01/09/2021","08:50","AM","01/09/2021","04:00","AM","212","REPAIR BROKEN MAIN"
"3024171","01/09/2021","11:09","AM","01/10/2021","04:00","AM","212","REPAIR BROKEN MAIN"
"3023978","01/08/2021","12:58","AM","01/08/2021","10:20","AM","212","REPAIR BROKEN MAIN"
"3023996","01/08/2021","08:14","AM","01/08/2021","05:00","AM","212","REPAIR BROKEN MAIN"
"3024001","01/08/2021","08:49","AM","02/10/2021","09:00","AM","212","REPAIR BROKEN MAIN"
"3024004","01/08/2021","09:05","AM","01/08/2021","08:20","AM","212","REPAIR BROKEN MAIN"
"3024085","01/08/2021","02:26","PM","01/08/2021","06:30","PM","212","REPAIR BROKEN MAIN"
"3024126","01/08/2021","07:58","PM","01/09/2021","12:30","PM","212","REPAIR BROKEN MAIN"
"3023731","01/07/2021","04:01","AM","01/07/2021","01:00","AM","212","REPAIR BROKEN MAIN"
"3023738","01/07/2021","07:10","AM","01/07/2021","02:15","AM","212","REPAIR BROKEN MAIN"
"3023775","01/07/2021","09:45","AM","01/07/2021","05:30","AM","212","REPAIR BROKEN MAIN"
"3023817","01/07/2021","11:59","AM","01/07/2021","07:20","AM","212","REPAIR BROKEN MAIN"
"3023903","01/07/2021","04:18","PM","01/08/2021","01:55","PM","212","REPAIR BROKEN MAIN"
"3023918","01/07/2021","05:35","PM","01/08/2021","01:00","PM","212","REPAIR BROKEN MAIN"
"3023611","01/06/2021","12:05","PM","01/06/2021","06:00","PM","212","REPAIR BROKEN MAIN"
"3023707","01/06/2021","08:07","PM","01/07/2021","07:00","PM","212","REPAIR BROKEN MAIN"
"3023708","01/06/2021","08:26","PM","01/07/2021","06:30","PM","212","REPAIR BROKEN MAIN"
"3023391","01/05/2021","12:14","AM","01/05/2021","00:00","AM","212","REPAIR BROKEN MAIN"
"3023449","01/05/2021","11:22","AM","01/05/2021","06:30","AM","212","REPAIR BROKEN MAIN"
"3023462","01/05/2021","12:14","PM","01/05/2021","07:45","PM","212","REPAIR BROKEN MAIN"
"3023478","01/05/2021","01:28","PM","01/06/2021","03:00","PM","212","REPAIR BROKEN MAIN"
"3023509","01/05/2021","04:41","PM","01/06/2021","02:30","PM","212","REPAIR BROKEN MAIN"
"3023025","01/04/2021","08:39","AM","01/05/2021","03:00","AM","212","REPAIR BROKEN MAIN"
"3023113","01/04/2021","01:34","PM","01/04/2021","09:00","PM","212","REPAIR BROKEN MAIN"
"3023135","01/04/2021","01:00","PM","01/04/2021","04:00","PM","212","REPAIR BROKEN MAIN"
"3023137","01/04/2021","03:06","PM","01/05/2021","02:45","PM","212","REPAIR BROKEN MAIN"
"3022994","01/03/2021","09:57","AM","01/03/2021","03:00","AM","212","REPAIR BROKEN MAIN"
"3022998","01/03/2021","12:05","PM","01/04/2021","02:00","PM","212","REPAIR BROKEN MAIN"
"3022927","01/02/2021","09:37","AM","01/04/2021","01:00","AM","212","REPAIR BROKEN MAIN"
"3022944","01/02/2021","01:20","PM","01/03/2021","12:00","PM","212","REPAIR BROKEN MAIN"
"3022950","01/02/2021","02:14","PM","01/02/2021","08:00","PM","212","REPAIR BROKEN MAIN"
"3022951","01/02/2021","02:16","PM","01/04/2021","12:40","PM","212","REPAIR BROKEN MAIN"
"3022962","01/02/2021","04:35","PM","01/02/2021","00:00","PM","212","REPAIR BROKEN MAIN"
"3022965","01/02/2021","05:35","PM","01/04/2021","04:30","PM","212","REPAIR BROKEN MAIN"
"3022970","01/02/2021","06:17","PM","01/04/2021","02:45","PM","212","REPAIR BROKEN MAIN"
"3022985","01/02/2021","09:12","PM","01/03/2021","02:15","PM","212","REPAIR BROKEN MAIN"
"3022988","01/02/2021","10:34","PM","01/03/2021","11:00","PM","212","REPAIR BROKEN MAIN"
"3022897","01/01/2021","10:18","AM","01/02/2021","02:00","AM","212","REPAIR BROKEN MAIN"
"3022911","01/01/2021","03:16","PM","01/01/2021","11:30","PM","212","REPAIR BROKEN MAIN"
"3022916","01/01/2021","08:19","PM","01/03/2021","00:00","PM","212","REPAIR BROKEN MAIN"
"3022695","12/31/2020","08:21","AM","12/31/2020","03:00","AM","212","REPAIR BROKEN MAIN"
"3022720","12/31/2020","10:35","AM","01/04/2021","02:45","AM","212","REPAIR BROKEN MAIN"
"3022762","12/31/2020","01:04","PM","12/31/2020","10:00","PM","212","REPAIR BROKEN MAIN"
"3022788","12/31/2020","02:07","PM","12/31/2020","09:10","PM","212","REPAIR BROKEN MAIN"
"3022833","12/31/2020","06:42","PM","01/02/2021","01:30","PM","212","REPAIR BROKEN MAIN"
"3022841","12/31/2020","08:11","PM","01/01/2021","07:00","PM","212","REPAIR BROKEN MAIN"
"3022373","12/30/2020","01:15","AM","12/30/2020","05:00","AM","212","REPAIR BROKEN MAIN"
"3022378","12/30/2020","03:22","AM","12/30/2020","03:25","AM","212","REPAIR BROKEN MAIN"
"3022379","12/30/2020","03:25","AM","12/30/2020","03:00","AM","212","REPAIR BROKEN MAIN"
"3022415","12/30/2020","09:10","AM","12/30/2020","04:30","AM","212","REPAIR BROKEN MAIN"
"3022439","12/30/2020","10:46","AM","12/30/2020","00:00","AM","212","REPAIR BROKEN MAIN"
"3022613","12/30/2020","04:28","PM","12/31/2020","12:15","PM","212","REPAIR BROKEN MAIN"
"3022614","12/30/2020","04:32","PM","12/31/2020","10:45","PM","212","REPAIR BROKEN MAIN"
"3022618","12/30/2020","04:49","PM","12/31/2020","01:00","PM","212","REPAIR BROKEN MAIN"
"3022621","12/30/2020","05:06","PM","12/31/2020","01:30","PM","212","REPAIR BROKEN MAIN"
"3022653","12/30/2020","10:27","PM","12/31/2020","02:30","PM","212","REPAIR BROKEN MAIN"
"3022658","12/30/2020","10:53","PM","12/31/2020","11:00","PM","212","REPAIR BROKEN MAIN"
"3022169","12/29/2020","01:28","AM","01/05/2021","03:30","AM","212","REPAIR BROKEN MAIN"
"3022195","12/29/2020","08:25","AM","12/29/2020","10:30","AM","212","REPAIR BROKEN MAIN"
"3022201","12/29/2020","08:38","AM","12/30/2020","03:30","AM","212","REPAIR BROKEN MAIN"
"3022242","12/29/2020","10:38","AM","12/29/2020","04:00","AM","212","REPAIR BROKEN MAIN"
"3022253","12/29/2020","11:28","AM","12/29/2020","06:30","AM","212","REPAIR BROKEN MAIN"
"3022256","12/29/2020","11:38","AM","12/29/2020","04:30","AM","212","REPAIR BROKEN MAIN"
"3022303","12/29/2020","11:00","AM","12/29/2020","04:30","AM","212","REPAIR BROKEN MAIN"
"3022334","12/29/2020","05:19","PM","12/30/2020","05:00","PM","212","REPAIR BROKEN MAIN"
"3022352","12/29/2020","07:56","PM","12/30/2020","12:00","PM","212","REPAIR BROKEN MAIN"
"3022353","12/29/2020","09:00","PM","12/30/2020","02:00","PM","212","REPAIR BROKEN MAIN"
"3022354","12/29/2020","09:04","PM","12/30/2020","11:30","PM","212","REPAIR BROKEN MAIN"
"3022358","12/29/2020","09:56","PM","12/30/2020","05:30","PM","212","REPAIR BROKEN MAIN"
"3021931","12/28/2020","05:35","AM","12/28/2020","07:00","AM","212","REPAIR BROKEN MAIN"
"3021976","12/28/2020","09:04","AM","12/29/2020","08:05","AM","212","REPAIR BROKEN MAIN"
"3021980","12/28/2020","09:13","AM","12/29/2020","02:45","AM","212","REPAIR BROKEN MAIN"
"3021985","12/28/2020","09:30","AM","12/28/2020","07:30","AM","212","REPAIR BROKEN MAIN"
"3021999","12/28/2020","10:13","AM","12/29/2020","04:30","AM","212","REPAIR BROKEN MAIN"
"3022031","12/28/2020","11:39","AM","12/28/2020","07:40","AM","212","REPAIR BROKEN MAIN"
"3022033","12/28/2020","11:49","AM","12/29/2020","11:00","AM","212","REPAIR BROKEN MAIN"
"3022063","12/28/2020","01:16","PM","12/29/2020","01:00","PM","212","REPAIR BROKEN MAIN"
"3022067","12/28/2020","01:49","PM","12/28/2020","07:40","PM","212","REPAIR BROKEN MAIN"
"3022141","12/28/2020","07:23","PM","12/29/2020","02:30","PM","212","REPAIR BROKEN MAIN"
"3022143","12/28/2020","07:52","PM","12/29/2020","11:45","PM","212","REPAIR BROKEN MAIN"
"3022148","12/28/2020","08:20","PM","12/28/2020","11:30","PM","212","REPAIR BROKEN MAIN"
"3022150","12/28/2020","08:57","PM","12/29/2020","08:10","PM","212","REPAIR BROKEN MAIN"
"3022154","12/28/2020","09:36","PM","12/29/2020","04:15","PM","212","REPAIR BROKEN MAIN"
"3021883","12/27/2020","03:28","AM","12/27/2020","01:00","AM","212","REPAIR BROKEN MAIN"
"3021900","12/27/2020","11:26","AM","12/27/2020","07:30","AM","212","REPAIR BROKEN MAIN"
"3021906","12/27/2020","01:38","PM","12/28/2020","12:55","PM","212","REPAIR BROKEN MAIN"
"3021925","12/27/2020","06:33","PM","12/28/2020","01:00","PM","212","REPAIR BROKEN MAIN"
"3021796","12/26/2020","07:21","AM","12/26/2020","03:00","AM","212","REPAIR BROKEN MAIN"
"3021800","12/26/2020","08:29","AM","12/26/2020","12:30","AM","212","REPAIR BROKEN MAIN"
"3021807","12/26/2020","09:39","AM","12/26/2020","06:00","AM","212","REPAIR BROKEN MAIN"
"3021820","12/26/2020","11:45","AM","12/28/2020","02:00","AM","212","REPAIR BROKEN MAIN"
"3021827","12/26/2020","12:28","PM","12/27/2020","04:00","PM","212","REPAIR BROKEN MAIN"
"3021879","12/26/2020","09:57","PM","12/27/2020","09:30","PM","212","REPAIR BROKEN MAIN"
"3021753","12/25/2020","09:42","AM","12/25/2020","02:10","AM","212","REPAIR BROKEN MAIN"
"3021762","12/25/2020","11:34","AM","12/29/2020","12:30","AM","212","REPAIR BROKEN MAIN"
"3021767","12/25/2020","01:02","PM","12/27/2020","02:30","PM","212","REPAIR BROKEN MAIN"
"3021772","12/25/2020","02:35","PM","12/26/2020","02:00","PM","212","REPAIR BROKEN MAIN"
"3021784","12/25/2020","07:32","PM","12/26/2020","00:00","PM","212","REPAIR BROKEN MAIN"
"3021789","12/25/2020","08:46","PM","12/26/2020","04:45","PM","212","REPAIR BROKEN MAIN"
"3021656","12/24/2020","08:55","AM","12/26/2020","11:30","AM","212","REPAIR BROKEN MAIN"
"3021658","12/24/2020","09:11","AM","12/24/2020","07:00","AM","212","REPAIR BROKEN MAIN"
"3021664","12/24/2020","09:37","AM","12/24/2020","09:00","AM","212","REPAIR BROKEN MAIN"
"3021708","12/24/2020","02:20","PM","12/28/2020","12:30","PM","212","REPAIR BROKEN MAIN"
"3021412","12/23/2020","01:44","AM","12/23/2020","02:30","AM","212","REPAIR BROKEN MAIN"
"3021413","12/23/2020","01:50","AM","12/24/2020","01:00","AM","212","REPAIR BROKEN MAIN"
"3021440","12/23/2020","08:02","AM","12/23/2020","05:30","AM","212","REPAIR BROKEN MAIN"
"3021454","12/23/2020","08:40","AM","12/23/2020","03:00","AM","212","REPAIR BROKEN MAIN"
"3021456","12/23/2020","08:44","AM","12/23/2020","07:45","AM","212","REPAIR BROKEN MAIN"
"3021490","12/23/2020","10:40","AM","12/24/2020","11:45","AM","212","REPAIR BROKEN MAIN"
"3021527","12/23/2020","12:56","PM","12/24/2020","11:30","PM","212","REPAIR BROKEN MAIN"
"3021550","12/23/2020","02:05","PM","12/23/2020","06:45","PM","212","REPAIR BROKEN MAIN"
"3021557","12/23/2020","02:53","PM","12/24/2020","01:30","PM","212","REPAIR BROKEN MAIN"
"3021622","12/23/2020","07:21","PM","12/24/2020","00:00","PM","212","REPAIR BROKEN MAIN"
"3021623","12/23/2020","07:23","PM","12/24/2020","00:00","PM","212","REPAIR BROKEN MAIN"
"3021625","12/23/2020","08:12","PM","12/24/2020","11:30","PM","212","REPAIR BROKEN MAIN"
"3021136","12/22/2020","07:40","AM","12/22/2020","01:15","AM","212","REPAIR BROKEN MAIN"
"3021152","12/22/2020","08:39","AM","12/23/2020","00:00","AM","212","REPAIR BROKEN MAIN"
"3021174","12/22/2020","10:05","AM","12/22/2020","10:15","AM","212","REPAIR BROKEN MAIN"
"3021175","12/22/2020","10:22","AM","12/22/2020","00:00","AM","212","REPAIR BROKEN MAIN"
"3021208","12/22/2020","10:57","AM","12/23/2020","01:50","AM","212","REPAIR BROKEN MAIN"
"3021280","12/22/2020","12:13","PM","12/22/2020","08:30","PM","212","REPAIR BROKEN MAIN"
"3021282","12/22/2020","12:17","PM","12/22/2020","02:00","PM","212","REPAIR BROKEN MAIN"
"3021287","12/22/2020","12:28","PM","12/23/2020","02:45","PM","212","REPAIR BROKEN MAIN"
"3021289","12/22/2020","12:33","PM","12/22/2020","08:35","PM","212","REPAIR BROKEN MAIN"
"3021297","12/22/2020","01:12","PM","12/22/2020","00:00","PM","212","REPAIR BROKEN MAIN"
"3021299","12/22/2020","01:21","PM","12/22/2020","08:15","PM","212","REPAIR BROKEN MAIN"
"3021347","12/22/2020","03:54","PM","12/22/2020","09:30","PM","212","REPAIR BROKEN MAIN"
"3021355","12/22/2020","04:25","PM","12/23/2020","02:30","PM","212","REPAIR BROKEN MAIN"
"3021366","12/22/2020","05:36","PM","12/23/2020","00:00","PM","212","REPAIR BROKEN MAIN"
"3021374","12/22/2020","06:00","PM","12/23/2020","02:00","PM","212","REPAIR BROKEN MAIN"
"3021404","12/22/2020","10:57","PM","12/23/2020","04:30","PM","212","REPAIR BROKEN MAIN"
"3021408","12/22/2020","11:58","PM","12/23/2020","09:15","PM","212","REPAIR BROKEN MAIN"
"3020866","12/21/2020","12:32","AM","12/21/2020","00:00","AM","212","REPAIR BROKEN MAIN"
"3020874","12/21/2020","06:57","AM","12/21/2020","11:00","AM","212","REPAIR BROKEN MAIN"
"3020876","12/21/2020","07:08","AM","12/21/2020","04:50","AM","212","REPAIR BROKEN MAIN"
"3020901","12/21/2020","08:39","AM","12/21/2020","04:00","AM","212","REPAIR BROKEN MAIN"
"3020905","12/21/2020","08:40","AM","12/21/2020","01:30","AM","212","REPAIR BROKEN MAIN"
"3020926","12/21/2020","09:03","AM","12/21/2020","00:00","AM","212","REPAIR BROKEN MAIN"
"3020963","12/21/2020","10:15","AM","12/21/2020","10:00","AM","212","REPAIR BROKEN MAIN"
"3021002","12/21/2020","10:54","AM","12/21/2020","02:00","AM","212","REPAIR BROKEN MAIN"
"3021007","12/21/2020","11:00","AM","12/21/2020","06:15","AM","212","REPAIR BROKEN MAIN"
"3021019","12/21/2020","11:26","AM","12/21/2020","07:15","AM","212","REPAIR BROKEN MAIN"
"3021026","12/21/2020","12:03","PM","12/21/2020","06:10","PM","212","REPAIR BROKEN MAIN"
"3021037","12/21/2020","12:55","PM","12/21/2020","04:00","PM","212","REPAIR BROKEN MAIN"
"3021094","12/21/2020","05:03","PM","12/22/2020","00:00","PM","212","REPAIR BROKEN MAIN"
"3021107","12/21/2020","07:20","PM","12/31/2020","00:00","PM","212","REPAIR BROKEN MAIN"
"3020785","12/20/2020","08:40","AM","12/20/2020","05:15","AM","212","REPAIR BROKEN MAIN"
"3020788","12/20/2020","09:39","AM","12/20/2020","05:00","AM","212","REPAIR BROKEN MAIN"
"3020801","12/20/2020","10:44","AM","12/21/2020","05:00","AM","212","REPAIR BROKEN MAIN"
"3020805","12/20/2020","10:52","AM","12/22/2020","12:30","AM","212","REPAIR BROKEN MAIN"
"3020821","12/20/2020","02:52","PM","12/21/2020","05:30","PM","212","REPAIR BROKEN MAIN"
"3020848","12/20/2020","09:12","PM","12/21/2020","04:30","PM","212","REPAIR BROKEN MAIN"
"3020853","12/20/2020","09:20","PM","02/24/2021","02:30","PM","212","REPAIR BROKEN MAIN"
"3020690","12/19/2020","09:10","AM","12/19/2020","10:15","AM","212","REPAIR BROKEN MAIN"
"3020694","12/19/2020","09:31","AM","12/19/2020","00:00","AM","212","REPAIR BROKEN MAIN"
"3020697","12/19/2020","09:45","AM","12/19/2020","12:00","AM","212","REPAIR BROKEN MAIN"
"3020702","12/19/2020","09:58","AM","12/19/2020","09:00","AM","212","REPAIR BROKEN MAIN"
"3020703","12/19/2020","10:07","AM","12/19/2020","05:45","AM","212","REPAIR BROKEN MAIN"
"3020704","12/19/2020","10:08","AM","12/19/2020","10:00","AM","212","REPAIR BROKEN MAIN"
"3020712","12/19/2020","11:06","AM","12/21/2020","01:00","AM","212","REPAIR BROKEN MAIN"
"3020732","12/19/2020","01:00","PM","12/20/2020","00:00","PM","212","REPAIR BROKEN MAIN"
"3020735","12/19/2020","01:09","PM","12/21/2020","03:00","PM","212","REPAIR BROKEN MAIN"
"3020742","12/19/2020","02:08","PM","12/21/2020","02:00","PM","212","REPAIR BROKEN MAIN"
"3020745","12/19/2020","02:36","PM","12/21/2020","02:30","PM","212","REPAIR BROKEN MAIN"
"3020760","12/19/2020","05:31","PM","12/20/2020","10:15","PM","212","REPAIR BROKEN MAIN"
"3020764","12/19/2020","06:32","PM","12/20/2020","02:30","PM","212","REPAIR BROKEN MAIN"
"3020766","12/19/2020","06:55","PM","12/20/2020","02:00","PM","212","REPAIR BROKEN MAIN"
"3020774","12/19/2020","11:49","PM","12/21/2020","03:00","PM","212","REPAIR BROKEN MAIN"
"3020512","12/18/2020","12:20","AM","12/18/2020","02:30","AM","212","REPAIR BROKEN MAIN"
"3020542","12/18/2020","08:37","AM","12/18/2020","02:00","AM","212","REPAIR BROKEN MAIN"
"3020553","12/18/2020","09:18","AM","12/18/2020","06:30","AM","212","REPAIR BROKEN MAIN"
"3020558","12/18/2020","09:43","AM","12/18/2020","03:20","AM","212","REPAIR BROKEN MAIN"
"3020580","12/18/2020","11:06","AM","12/18/2020","09:50","AM","212","REPAIR BROKEN MAIN"
"3020599","12/18/2020","01:08","PM","12/18/2020","08:00","PM","212","REPAIR BROKEN MAIN"
"3020613","12/18/2020","02:16","PM","12/18/2020","10:00","PM","212","REPAIR BROKEN MAIN"
"3020654","12/18/2020","06:20","PM","12/19/2020","01:00","PM","212","REPAIR BROKEN MAIN"
"3020656","12/18/2020","06:41","PM","12/20/2020","02:30","PM","212","REPAIR BROKEN MAIN"
"3020676","12/18/2020","11:38","PM","12/19/2020","02:45","PM","212","REPAIR BROKEN MAIN"
"3020173","12/17/2020","09:10","AM","12/17/2020","06:00","AM","212","REPAIR BROKEN MAIN"
"3020183","12/17/2020","09:55","AM","12/18/2020","01:45","AM","212","REPAIR BROKEN MAIN"
"3020193","12/17/2020","10:44","AM","12/17/2020","03:00","AM","212","REPAIR BROKEN MAIN"
"3020201","12/17/2020","11:09","AM","12/17/2020","05:00","AM","212","REPAIR BROKEN MAIN"
"3020217","12/17/2020","12:17","PM","12/17/2020","06:30","PM","212","REPAIR BROKEN MAIN"
"3020242","12/17/2020","01:21","PM","12/17/2020","11:00","PM","212","REPAIR BROKEN MAIN"
"3020245","12/17/2020","01:29","PM","12/17/2020","10:00","PM","212","REPAIR BROKEN MAIN"
"3020264","12/17/2020","02:24","PM","12/17/2020","08:30","PM","212","REPAIR BROKEN MAIN"
"3020268","12/17/2020","02:38","PM","12/17/2020","10:15","PM","212","REPAIR BROKEN MAIN"
"3020292","12/17/2020","04:24","PM","12/18/2020","10:30","PM","212","REPAIR BROKEN MAIN"
"3020300","12/17/2020","04:56","PM","12/18/2020","09:00","PM","212","REPAIR BROKEN MAIN"
"3020304","12/17/2020","05:20","PM","12/18/2020","12:00","PM","212","REPAIR BROKEN MAIN"
"3020312","12/17/2020","06:09","PM","12/18/2020","01:00","PM","212","REPAIR BROKEN MAIN"
"3020469","12/17/2020","09:00","PM","12/18/2020","01:30","PM","212","REPAIR BROKEN MAIN"
"3020470","12/17/2020","09:50","PM","12/18/2020","03:30","PM","212","REPAIR BROKEN MAIN"
"3020511","12/17/2020","11:44","PM","12/18/2020","06:30","PM","212","REPAIR BROKEN MAIN"
"3019796","12/16/2020","02:26","AM","12/16/2020","02:45","AM","212","REPAIR BROKEN MAIN"
"3019832","12/16/2020","09:41","AM","12/16/2020","02:00","AM","212","REPAIR BROKEN MAIN"
"3019847","12/16/2020","10:18","AM","12/18/2020","05:00","AM","212","REPAIR BROKEN MAIN"
"3019853","12/16/2020","11:07","AM","12/16/2020","10:00","AM","212","REPAIR BROKEN MAIN"
"3019854","12/16/2020","11:13","AM","12/21/2020","00:00","AM","212","REPAIR BROKEN MAIN"
"3019858","12/16/2020","11:25","AM","12/16/2020","09:10","AM","212","REPAIR BROKEN MAIN"
"3019575","12/15/2020","06:42","AM","12/16/2020","12:15","AM","212","REPAIR BROKEN MAIN"
"3019581","12/15/2020","07:00","AM","12/15/2020","03:00","AM","212","REPAIR BROKEN MAIN"
"3019655","12/15/2020","10:24","AM","12/17/2020","11:15","AM","212","REPAIR BROKEN MAIN"
"3019658","12/15/2020","10:32","AM","12/16/2020","12:30","AM","212","REPAIR BROKEN MAIN"
"3019676","12/15/2020","11:06","AM","12/15/2020","07:15","AM","212","REPAIR BROKEN MAIN"
"3019693","12/15/2020","12:03","PM","12/15/2020","04:15","PM","212","REPAIR BROKEN MAIN"
"3019696","12/15/2020","12:25","PM","12/15/2020","08:30","PM","212","REPAIR BROKEN MAIN"
"3019704","12/15/2020","12:52","PM","12/15/2020","06:30","PM","212","REPAIR BROKEN MAIN"
"3019728","12/15/2020","02:41","PM","12/16/2020","01:00","PM","212","REPAIR BROKEN MAIN"
"3019745","12/15/2020","04:28","PM","12/16/2020","05:00","PM","212","REPAIR BROKEN MAIN"
"3019764","12/15/2020","06:05","PM","12/16/2020","04:15","PM","212","REPAIR BROKEN MAIN"
"3019790","12/15/2020","08:00","PM","12/16/2020","07:00","PM","212","REPAIR BROKEN MAIN"
"3019313","12/14/2020","04:18","AM","12/14/2020","02:30","AM","212","REPAIR BROKEN MAIN"
"3019352","12/14/2020","08:47","AM","12/15/2020","00:00","AM","212","REPAIR BROKEN MAIN"
"3019520","12/14/2020","03:54","PM","12/15/2020","04:00","PM","212","REPAIR BROKEN MAIN"
"3019539","12/14/2020","07:03","PM","12/15/2020","06:30","PM","212","REPAIR BROKEN MAIN"
"3019542","12/14/2020","07:34","PM","12/15/2020","01:45","PM","212","REPAIR BROKEN MAIN"
"3019226","12/13/2020","12:07","AM","12/14/2020","04:30","AM","212","REPAIR BROKEN MAIN"
"3019235","12/13/2020","08:30","AM","12/13/2020","10:30","AM","212","REPAIR BROKEN MAIN"
"3019238","12/13/2020","08:53","AM","12/15/2020","12:00","AM","212","REPAIR BROKEN MAIN"
"3019240","12/13/2020","09:27","AM","12/13/2020","00:00","AM","212","REPAIR BROKEN MAIN"
"3019243","12/13/2020","09:44","AM","12/14/2020","06:39","AM","212","REPAIR BROKEN MAIN"
"3019270","12/13/2020","12:25","PM","12/15/2020","03:00","PM","212","REPAIR BROKEN MAIN"
"3019271","12/13/2020","12:29","PM","12/14/2020","11:30","PM","212","REPAIR BROKEN MAIN"
"3019274","12/13/2020","01:27","PM","12/14/2020","01:20","PM","212","REPAIR BROKEN MAIN"
"3019275","12/13/2020","01:44","PM","12/14/2020","01:30","PM","212","REPAIR BROKEN MAIN"
"3019288","12/13/2020","07:11","PM","12/14/2020","02:40","PM","212","REPAIR BROKEN MAIN"
"3019295","12/13/2020","07:50","PM","12/14/2020","12:00","PM","212","REPAIR BROKEN MAIN"
"3019298","12/13/2020","08:50","PM","12/14/2020","04:30","PM","212","REPAIR BROKEN MAIN"
"3019305","12/13/2020","09:41","PM","12/14/2020","04:00","PM","212","REPAIR BROKEN MAIN"
"3019307","12/13/2020","10:25","PM","12/14/2020","12:10","PM","212","REPAIR BROKEN MAIN"
"3019308","12/13/2020","11:23","PM","12/14/2020","11:00","PM","212","REPAIR BROKEN MAIN"
"3019134","12/12/2020","12:51","AM","12/12/2020","03:00","AM","212","REPAIR BROKEN MAIN"
"3019140","12/12/2020","07:17","AM","12/15/2020","06:00","AM","212","REPAIR BROKEN MAIN"
"3019147","12/12/2020","08:25","AM","12/15/2020","00:00","AM","212","REPAIR BROKEN MAIN"
"3019149","12/12/2020","08:35","AM","12/14/2020","10:00","AM","212","REPAIR BROKEN MAIN"
"3019162","12/12/2020","10:23","AM","12/14/2020","02:00","AM","212","REPAIR BROKEN MAIN"
"3019163","12/12/2020","10:46","AM","12/12/2020","05:45","AM","212","REPAIR BROKEN MAIN"
"3019167","12/12/2020","11:22","AM","12/13/2020","08:00","AM","212","REPAIR BROKEN MAIN"
"3019169","12/12/2020","11:29","AM","12/14/2020","01:00","AM","212","REPAIR BROKEN MAIN"
"3019171","12/12/2020","11:47","AM","12/14/2020","03:15","AM","212","REPAIR BROKEN MAIN"
"3019172","12/12/2020","11:53","AM","12/12/2020","07:30","AM","212","REPAIR BROKEN MAIN"
"3019178","12/12/2020","12:48","PM","12/12/2020","10:00","PM","212","REPAIR BROKEN MAIN"
"3019183","12/12/2020","01:15","PM","12/14/2020","03:00","PM","212","REPAIR BROKEN MAIN"
"3019189","12/12/2020","02:25","PM","12/14/2020","06:30","PM","212","REPAIR BROKEN MAIN"
"3019199","12/12/2020","04:08","PM","12/15/2020","03:00","PM","212","REPAIR BROKEN MAIN"
"3019219","12/12/2020","07:11","PM","12/13/2020","06:45","PM","212","REPAIR BROKEN MAIN"
"3019220","12/12/2020","07:22","PM","12/13/2020","12:30","PM","212","REPAIR BROKEN MAIN"
"3019224","12/12/2020","09:32","PM","12/13/2020","11:30","PM","212","REPAIR BROKEN MAIN"
"3018903","12/11/2020","02:26","AM","12/11/2020","02:37","AM","212","REPAIR BROKEN MAIN"
"3018904","12/11/2020","02:38","AM","12/11/2020","05:15","AM","212","REPAIR BROKEN MAIN"
"3018905","12/11/2020","03:27","AM","12/12/2020","09:00","AM","212","REPAIR BROKEN MAIN"
"3018953","12/11/2020","08:08","AM","12/12/2020","04:15","AM","212","REPAIR BROKEN MAIN"
"3018955","12/11/2020","08:10","AM","12/11/2020","07:45","AM","212","REPAIR BROKEN MAIN"
"3018962","12/11/2020","08:26","AM","12/11/2020","07:30","AM","212","REPAIR BROKEN MAIN"
"3018982","12/11/2020","09:36","AM","12/30/2020","01:30","AM","212","REPAIR BROKEN MAIN"
"3018990","12/11/2020","09:49","AM","12/11/2020","00:00","AM","212","REPAIR BROKEN MAIN"
"3018991","12/11/2020","09:59","AM","12/11/2020","07:15","AM","212","REPAIR BROKEN MAIN"
"3018997","12/11/2020","10:24","AM","12/11/2020","06:00","AM","212","REPAIR BROKEN MAIN"
"3019014","12/11/2020","11:13","AM","12/11/2020","08:20","AM","212","REPAIR BROKEN MAIN"
"3019051","12/11/2020","01:02","PM","12/11/2020","11:00","PM","212","REPAIR BROKEN MAIN"
"3019076","12/11/2020","02:54","PM","12/11/2020","05:45","PM","212","REPAIR BROKEN MAIN"
"3019091","12/11/2020","04:22","PM","12/12/2020","05:00","PM","212","REPAIR BROKEN MAIN"
"3019118","12/11/2020","07:26","PM","12/12/2020","00:00","PM","212","REPAIR BROKEN MAIN"
"3018659","12/10/2020","12:22","AM","12/10/2020","06:30","AM","212","REPAIR BROKEN MAIN"
"3018660","12/10/2020","02:17","AM","12/16/2020","00:00","AM","212","REPAIR BROKEN MAIN"
"3018664","12/10/2020","04:52","AM","12/10/2020","04:45","AM","212","REPAIR BROKEN MAIN"
"3018687","12/10/2020","08:00","AM","12/10/2020","10:20","AM","212","REPAIR BROKEN MAIN"
"3018690","12/10/2020","08:18","AM","12/10/2020","12:00","AM","212","REPAIR BROKEN MAIN"
"3018693","12/10/2020","08:26","AM","12/10/2020","00:00","AM","212","REPAIR BROKEN MAIN"
"3018697","12/10/2020","08:53","AM","12/10/2020","04:30","AM","212","REPAIR BROKEN MAIN"
"3018714","12/10/2020","09:57","AM","12/12/2020","08:45","AM","212","REPAIR BROKEN MAIN"
"3018721","12/10/2020","10:22","AM","12/10/2020","05:00","AM","212","REPAIR BROKEN MAIN"
"3018722","12/10/2020","10:32","AM","12/11/2020","00:00","AM","212","REPAIR BROKEN MAIN"
"3018730","12/10/2020","11:02","AM","12/10/2020","03:30","AM","212","REPAIR BROKEN MAIN"
"3018767","12/10/2020","12:24","PM","12/10/2020","03:00","PM","212","REPAIR BROKEN MAIN"
"3018784","12/10/2020","01:24","PM","12/10/2020","07:20","PM","212","REPAIR BROKEN MAIN"
"3018790","12/10/2020","01:44","PM","12/13/2020","02:45","PM","212","REPAIR BROKEN MAIN"
"3018794","12/10/2020","02:15","PM","12/10/2020","00:00","PM","212","REPAIR BROKEN MAIN"
"3018812","12/10/2020","03:31","PM","12/11/2020","12:45","PM","212","REPAIR BROKEN MAIN"
"3018823","12/10/2020","04:30","PM","12/11/2020","00:00","PM","212","REPAIR BROKEN MAIN"
"3018847","12/10/2020","06:45","PM","12/11/2020","03:15","PM","212","REPAIR BROKEN MAIN"
"3018854","12/10/2020","07:51","PM","12/11/2020","02:00","PM","212","REPAIR BROKEN MAIN"
"3018857","12/10/2020","07:58","PM","12/11/2020","02:15","PM","212","REPAIR BROKEN MAIN"
"3018858","12/10/2020","08:08","PM","12/11/2020","02:30","PM","212","REPAIR BROKEN MAIN"
"3018869","12/10/2020","09:46","PM","12/11/2020","02:45","PM","212","REPAIR BROKEN MAIN"
"3018450","12/09/2020","12:59","AM","12/09/2020","12:00","AM","212","REPAIR BROKEN MAIN"
"3018452","12/09/2020","04:50","AM","12/09/2020","09:45","AM","212","REPAIR BROKEN MAIN"
"3018479","12/09/2020","07:49","AM","12/09/2020","03:30","AM","212","REPAIR BROKEN MAIN"
"3018480","12/09/2020","07:56","AM","12/09/2020","12:45","AM","212","REPAIR BROKEN MAIN"
"3018501","12/09/2020","09:44","AM","12/10/2020","03:00","AM","212","REPAIR BROKEN MAIN"
"3018519","12/09/2020","10:32","AM","12/09/2020","11:00","AM","212","REPAIR BROKEN MAIN"
"3018541","12/09/2020","11:33","AM","12/10/2020","01:00","AM","212","REPAIR BROKEN MAIN"
"3018553","12/09/2020","12:07","PM","12/10/2020","03:30","PM","212","REPAIR BROKEN MAIN"
"3018554","12/09/2020","12:09","PM","12/09/2020","10:45","PM","212","REPAIR BROKEN MAIN"
"3018560","12/09/2020","01:07","PM","12/09/2020","09:20","PM","212","REPAIR BROKEN MAIN"
"3018592","12/09/2020","04:02","PM","12/10/2020","10:20","PM","212","REPAIR BROKEN MAIN"
"3018647","12/09/2020","09:27","PM","12/16/2020","00:00","PM","212","REPAIR BROKEN MAIN"
"3018210","12/08/2020","04:00","AM","12/08/2020","02:15","AM","212","REPAIR BROKEN MAIN"
"3018247","12/08/2020","08:29","AM","12/08/2020","06:55","AM","212","REPAIR BROKEN MAIN"
"3018311","12/08/2020","11:16","AM","12/08/2020","08:00","AM","212","REPAIR BROKEN MAIN"
"3018318","12/08/2020","11:45","AM","12/08/2020","09:45","AM","212","REPAIR BROKEN MAIN"
"3018354","12/08/2020","01:59","PM","12/08/2020","09:00","PM","212","REPAIR BROKEN MAIN"
"3018360","12/08/2020","02:24","PM","12/08/2020","07:00","PM","212","REPAIR BROKEN MAIN"
"3018361","12/08/2020","02:28","PM","12/09/2020","03:00","PM","212","REPAIR BROKEN MAIN"
"3018369","12/08/2020","02:52","PM","12/09/2020","04:00","PM","212","REPAIR BROKEN MAIN"
"3018382","12/08/2020","02:57","PM","12/11/2020","02:15","PM","212","REPAIR BROKEN MAIN"
"3018399","12/08/2020","05:08","PM","12/09/2020","00:00","PM","212","REPAIR BROKEN MAIN"
"3018423","12/08/2020","08:18","PM","12/09/2020","02:15","PM","212","REPAIR BROKEN MAIN"
"3018441","12/08/2020","10:06","PM","12/09/2020","03:00","PM","212","REPAIR BROKEN MAIN"
"3018046","12/07/2020","10:27","AM","12/17/2020","00:00","AM","212","REPAIR BROKEN MAIN"
"3018053","12/07/2020","10:43","AM","12/08/2020","03:00","AM","212","REPAIR BROKEN MAIN"
"3018102","12/07/2020","01:12","PM","12/07/2020","09:00","PM","212","REPAIR BROKEN MAIN"
"3018106","12/07/2020","01:21","PM","12/07/2020","03:00","PM","212","REPAIR BROKEN MAIN"
"3018117","12/07/2020","01:50","PM","12/07/2020","00:00","PM","212","REPAIR BROKEN MAIN"
"3018186","12/07/2020","05:31","PM","12/08/2020","03:15","PM","212","REPAIR BROKEN MAIN"
"3017876","12/06/2020","06:26","AM","12/06/2020","00:00","AM","212","REPAIR BROKEN MAIN"
"3017882","12/06/2020","08:36","AM","12/07/2020","12:15","AM","212","REPAIR BROKEN MAIN"
"3017889","12/06/2020","10:03","AM","12/07/2020","06:00","AM","212","REPAIR BROKEN MAIN"
"3017895","12/06/2020","10:51","AM","12/06/2020","05:00","AM","212","REPAIR BROKEN MAIN"
"3017902","12/06/2020","12:22","PM","12/07/2020","01:45","PM","212","REPAIR BROKEN MAIN"
"3017917","12/06/2020","02:52","PM","12/07/2020","00:00","PM","212","REPAIR BROKEN MAIN"
"3017937","12/06/2020","05:48","PM","12/06/2020","10:45","PM","212","REPAIR BROKEN MAIN"
"3017946","12/06/2020","07:24","PM","12/07/2020","08:00","PM","212","REPAIR BROKEN MAIN"
"3017950","12/06/2020","08:10","PM","12/07/2020","02:15","PM","212","REPAIR BROKEN MAIN"
"3017975","12/06/2020","10:45","PM","12/07/2020","00:00","PM","212","REPAIR BROKEN MAIN"
"3017818","12/05/2020","07:43","AM","12/05/2020","08:30","AM","212","REPAIR BROKEN MAIN"
"3017819","12/05/2020","08:17","AM","12/07/2020","12:00","AM","212","REPAIR BROKEN MAIN"
"3017820","12/05/2020","08:49","AM","12/10/2020","05:00","AM","212","REPAIR BROKEN MAIN"
"3017832","12/05/2020","12:02","PM","12/07/2020","00:00","PM","212","REPAIR BROKEN MAIN"
"3017836","12/05/2020","12:46","PM","12/17/2020","00:00","PM","212","REPAIR BROKEN MAIN"
"3017856","12/05/2020","05:00","PM","12/05/2020","02:00","PM","212","REPAIR BROKEN MAIN"
"3017862","12/05/2020","06:45","PM","12/06/2020","03:30","PM","212","REPAIR BROKEN MAIN"
"3017873","12/05/2020","08:30","PM","12/07/2020","02:45","PM","212","REPAIR BROKEN MAIN"
"3017673","12/04/2020","08:18","AM","12/04/2020","00:00","AM","212","REPAIR BROKEN MAIN"
"3017674","12/04/2020","08:21","AM","12/04/2020","03:00","AM","212","REPAIR BROKEN MAIN"
"3017677","12/04/2020","08:30","AM","12/04/2020","01:00","AM","212","REPAIR BROKEN MAIN"
"3017688","12/04/2020","08:59","AM","12/04/2020","04:15","AM","212","REPAIR BROKEN MAIN"
"3017693","12/04/2020","09:13","AM","12/04/2020","10:15","AM","212","REPAIR BROKEN MAIN"
"3017701","12/04/2020","09:45","AM","12/06/2020","07:30","AM","212","REPAIR BROKEN MAIN"
"3017711","12/04/2020","10:21","AM","12/05/2020","09:00","AM","212","REPAIR BROKEN MAIN"
"3017752","12/04/2020","12:37","PM","12/05/2020","02:00","PM","212","REPAIR BROKEN MAIN"
"3017806","12/04/2020","07:44","PM","12/08/2020","03:00","PM","212","REPAIR BROKEN MAIN"
"3016890","12/03/2020","12:15","AM","12/03/2020","02:30","AM","212","REPAIR BROKEN MAIN"
"3017056","12/03/2020","02:02","PM","12/03/2020","09:45","PM","212","REPAIR BROKEN MAIN"
"3016724","12/02/2020","09:13","AM","12/03/2020","12:00","AM","212","REPAIR BROKEN MAIN"
"3016759","12/02/2020","10:50","AM","12/02/2020","06:30","AM","212","REPAIR BROKEN MAIN"
"3015749","12/01/2020","10:16","AM","12/02/2020","12:00","AM","212","REPAIR BROKEN MAIN"
"3015777","12/01/2020","12:29","PM","12/02/2020","03:00","PM","212","REPAIR BROKEN MAIN"
"3015803","12/01/2020","02:44","PM","12/01/2020","09:30","PM","212","REPAIR BROKEN MAIN"
"3015523","11/30/2020","07:38","AM","11/30/2020","00:00",,"212","REPAIR BROKEN MAIN"
"3015472","11/29/2020","10:54","AM","12/01/2020","10:15","AM","212","REPAIR BROKEN MAIN"
"3015478","11/29/2020","11:24","AM","11/29/2020","00:00",,"212","REPAIR BROKEN MAIN"
"3015377","11/28/2020","08:45","AM","12/01/2020","05:00","AM","212","REPAIR BROKEN MAIN"
"3015384","11/28/2020","10:54","AM","11/28/2020","00:00",,"212","REPAIR BROKEN MAIN"
"3015418","11/28/2020","12:20","PM","11/28/2020","00:00",,"212","REPAIR BROKEN MAIN"
"3015315","11/27/2020","12:52","AM","11/27/2020","00:00",,"212","REPAIR BROKEN MAIN"
"3015319","11/27/2020","07:37","AM","11/27/2020","00:00",,"212","REPAIR BROKEN MAIN"
"3015363","11/27/2020","05:11","PM","11/28/2020","00:00",,"212","REPAIR BROKEN MAIN"
"3015261","11/26/2020","09:50","AM","11/26/2020","00:00",,"212","REPAIR BROKEN MAIN"
"3015267","11/26/2020","12:50","PM","11/27/2020","00:00",,"212","REPAIR BROKEN MAIN"
"3015284","11/26/2020","06:32","PM","11/27/2020","00:00",,"212","REPAIR BROKEN MAIN"
"3015029","11/25/2020","02:21","AM","12/01/2020","05:45","AM","212","REPAIR BROKEN MAIN"
"3015031","11/25/2020","05:07","AM","11/25/2020","00:00",,"212","REPAIR BROKEN MAIN"
"3015069","11/25/2020","09:17","AM","11/25/2020","00:00",,"212","REPAIR BROKEN MAIN"
"3015205","11/25/2020","04:03","PM","11/29/2020","00:00",,"212","REPAIR BROKEN MAIN"
"3015238","11/25/2020","08:53","PM","11/26/2020","00:00",,"212","REPAIR BROKEN MAIN"
"3014861","11/24/2020","08:22","AM","11/24/2020","00:00",,"212","REPAIR BROKEN MAIN"
"3014894","11/24/2020","10:17","AM","11/24/2020","00:00",,"212","REPAIR BROKEN MAIN"
"3014904","11/24/2020","11:02","AM","11/24/2020","00:00",,"212","REPAIR BROKEN MAIN"
"3014949","11/24/2020","01:21","PM","11/24/2020","00:00",,"212","REPAIR BROKEN MAIN"
"3014951","11/24/2020","01:37","PM","11/24/2020","00:00",,"212","REPAIR BROKEN MAIN"
"3014953","11/24/2020","01:40","PM","11/24/2020","00:00",,"212","REPAIR BROKEN MAIN"
"3014978","11/24/2020","04:08","PM","11/24/2020","00:00",,"212","REPAIR BROKEN MAIN"
"3014982","11/24/2020","04:47","PM","11/25/2020","00:00",,"212","REPAIR BROKEN MAIN"
"3014997","11/24/2020","07:18","PM","11/25/2020","00:00",,"212","REPAIR BROKEN MAIN"
"3014998","11/24/2020","07:21","PM","11/25/2020","00:00",,"212","REPAIR BROKEN MAIN"
"3014622","11/23/2020","06:28","AM","11/23/2020","00:00",,"212","REPAIR BROKEN MAIN"
"3014672","11/23/2020","09:41","AM","11/23/2020","00:00",,"212","REPAIR BROKEN MAIN"
"3014678","11/23/2020","10:00","AM","11/23/2020","00:00",,"212","REPAIR BROKEN MAIN"
"3014752","11/23/2020","01:15","PM","11/23/2020","00:00",,"212","REPAIR BROKEN MAIN"
"3014757","11/23/2020","01:25","PM","11/23/2020","00:00",,"212","REPAIR BROKEN MAIN"
"3014779","11/23/2020","03:13","PM","11/24/2020","00:00",,"212","REPAIR BROKEN MAIN"
"3014792","11/23/2020","04:23","PM","11/24/2020","00:00",,"212","REPAIR BROKEN MAIN"
"3014522","11/22/2020","07:57","AM","11/22/2020","00:00",,"212","REPAIR BROKEN MAIN"
"3014524","11/22/2020","08:24","AM","11/22/2020","00:00",,"212","REPAIR BROKEN MAIN"
"3014525","11/22/2020","08:55","AM","11/22/2020","00:00",,"212","REPAIR BROKEN MAIN"
"3014529","11/22/2020","09:29","AM","11/22/2020","00:00",,"212","REPAIR BROKEN MAIN"
"3014534","11/22/2020","10:46","AM","11/23/2020","00:00",,"212","REPAIR BROKEN MAIN"
"3014540","11/22/2020","11:47","AM","11/22/2020","00:00",,"212","REPAIR BROKEN MAIN"
"3014552","11/22/2020","01:38","PM","11/23/2020","00:00",,"212","REPAIR BROKEN MAIN"
"3014562","11/22/2020","02:43","PM","11/23/2020","00:00",,"212","REPAIR BROKEN MAIN"
"3014575","11/22/2020","05:27","PM","11/23/2020","00:00",,"212","REPAIR BROKEN MAIN"
"3014599","11/22/2020","09:38","PM","12/03/2020","08:30","PM","212","REPAIR BROKEN MAIN"
"3014454","11/21/2020","05:27","AM","11/23/2020","00:00",,"212","REPAIR BROKEN MAIN"
"3014467","11/21/2020","09:49","AM","11/21/2020","00:00",,"212","REPAIR BROKEN MAIN"
"3014469","11/21/2020","09:53","AM","11/22/2020","00:00",,"212","REPAIR BROKEN MAIN"
"3014477","11/21/2020","10:40","AM","11/23/2020","00:00",,"212","REPAIR BROKEN MAIN"
"3014479","11/21/2020","11:21","AM","11/23/2020","00:00",,"212","REPAIR BROKEN MAIN"
"3014481","11/21/2020","12:06","PM","11/23/2020","00:00",,"212","REPAIR BROKEN MAIN"
"3014509","11/21/2020","07:27","PM","11/22/2020","00:00",,"212","REPAIR BROKEN MAIN"
"3014512","11/21/2020","09:33","PM","11/24/2020","00:00",,"212","REPAIR BROKEN MAIN"
"3014219","11/20/2020","12:11","AM","11/20/2020","00:00",,"212","REPAIR BROKEN MAIN"
"3014258","11/20/2020","08:25","AM","11/20/2020","00:00",,"212","REPAIR BROKEN MAIN"
"3014293","11/20/2020","10:00","AM","11/20/2020","00:00",,"212","REPAIR BROKEN MAIN"
"3014325","11/20/2020","11:46","AM","11/20/2020","00:00",,"212","REPAIR BROKEN MAIN"
"3014371","11/20/2020","01:14","PM","11/22/2020","00:00",,"212","REPAIR BROKEN MAIN"
"3014403","11/20/2020","03:41","PM","11/20/2020","00:00",,"212","REPAIR BROKEN MAIN"
"3014428","11/20/2020","05:43","PM","11/21/2020","00:00",,"212","REPAIR BROKEN MAIN"
"3014434","11/20/2020","06:55","PM","11/23/2020","00:00",,"212","REPAIR BROKEN MAIN"
"3013982","11/19/2020","05:01","AM","11/19/2020","00:00",,"212","REPAIR BROKEN MAIN"
"3014010","11/19/2020","09:28","AM","11/19/2020","00:00",,"212","REPAIR BROKEN MAIN"
"3014027","11/19/2020","10:46","AM","11/19/2020","00:00",,"212","REPAIR BROKEN MAIN"
"3014116","11/19/2020","04:04","PM","11/19/2020","00:00",,"212","REPAIR BROKEN MAIN"
"3013806","11/18/2020","08:01","AM","11/18/2020","00:00",,"212","REPAIR BROKEN MAIN"
"3013828","11/18/2020","09:28","AM","11/19/2020","00:00",,"212","REPAIR BROKEN MAIN"
"3013922","11/18/2020","03:47","PM","11/19/2020","00:00",,"212","REPAIR BROKEN MAIN"
"3013609","11/17/2020","06:33","AM","11/17/2020","00:00",,"212","REPAIR BROKEN MAIN"
"3013653","11/17/2020","08:36","AM","11/17/2020","00:00",,"212","REPAIR BROKEN MAIN"
"3013719","11/17/2020","12:33","PM","11/17/2020","00:00",,"212","REPAIR BROKEN MAIN"
"3013753","11/17/2020","03:48","PM","11/17/2020","00:00",,"212","REPAIR BROKEN MAIN"
"3013775","11/17/2020","07:29","PM","11/18/2020","00:00",,"212","REPAIR BROKEN MAIN"
"3013395","11/16/2020","07:39","AM","11/16/2020","00:00",,"212","REPAIR BROKEN MAIN"
"3013342","11/15/2020","05:29","PM","11/16/2020","00:00",,"212","REPAIR BROKEN MAIN"
"3013254","11/14/2020","10:13","AM","11/15/2020","00:00",,"212","REPAIR BROKEN MAIN"
"3013294","11/14/2020","06:23","PM","11/16/2020","00:00",,"212","REPAIR BROKEN MAIN"
"3013303","11/14/2020","08:52","PM","11/15/2020","00:00",,"212","REPAIR BROKEN MAIN"
"3013068","11/13/2020","09:10","AM","11/13/2020","00:00",,"212","REPAIR BROKEN MAIN"
"3013177","11/13/2020","03:10","PM","11/14/2020","00:00",,"212","REPAIR BROKEN MAIN"
"3012734","11/12/2020","06:10","AM","11/12/2020","00:00",,"212","REPAIR BROKEN MAIN"
"3012752","11/12/2020","08:01","AM","11/12/2020","00:00",,"212","REPAIR BROKEN MAIN"
"3012776","11/12/2020","09:01","AM","11/12/2020","00:00",,"212","REPAIR BROKEN MAIN"
"3012912","11/12/2020","03:11","PM","11/12/2020","00:00",,"212","REPAIR BROKEN MAIN"
"3012675","11/11/2020","05:53","AM","11/11/2020","00:00",,"212","REPAIR BROKEN MAIN"
"3012367","11/10/2020","03:36","AM","11/10/2020","00:00",,"212","REPAIR BROKEN MAIN"
"3012372","11/10/2020","06:30","AM","11/10/2020","00:00",,"212","REPAIR BROKEN MAIN"
"3012405","11/10/2020","08:19","AM","11/10/2020","00:00",,"212","REPAIR BROKEN MAIN"
"3012555","11/10/2020","02:43","PM","11/10/2020","00:00",,"212","REPAIR BROKEN MAIN"
"3012096","11/09/2020","08:13","AM","11/09/2020","00:00",,"212","REPAIR BROKEN MAIN"
"3012132","11/09/2020","09:20","AM","11/09/2020","00:00",,"212","REPAIR BROKEN MAIN"
"3012159","11/09/2020","10:07","AM","11/09/2020","00:00",,"212","REPAIR BROKEN MAIN"
"3012165","11/09/2020","10:30","AM","11/09/2020","00:00",,"212","REPAIR BROKEN MAIN"
"3012169","11/09/2020","10:46","AM","11/09/2020","00:00",,"212","REPAIR BROKEN MAIN"
"3012171","11/09/2020","11:04","AM","11/10/2020","00:00",,"212","REPAIR BROKEN MAIN"
"3012232","11/09/2020","01:08","PM","11/09/2020","00:00",,"212","REPAIR BROKEN MAIN"
"3012238","11/09/2020","01:34","PM","11/10/2020","00:00",,"212","REPAIR BROKEN MAIN"
"3012355","11/09/2020","09:37","PM","11/10/2020","00:00",,"212","REPAIR BROKEN MAIN"
"3012024","11/08/2020","10:59","AM","11/10/2020","00:00",,"212","REPAIR BROKEN MAIN"
"3012035","11/08/2020","01:16","PM","11/08/2020","00:00",,"212","REPAIR BROKEN MAIN"
"3011949","11/07/2020","09:23","AM","11/09/2020","00:00",,"212","REPAIR BROKEN MAIN"
"3011965","11/07/2020","12:54","PM","11/09/2020","00:00",,"212","REPAIR BROKEN MAIN"
"3011768","11/06/2020","07:39","AM","11/06/2020","00:00",,"212","REPAIR BROKEN MAIN"
"3011774","11/06/2020","08:10","AM","11/06/2020","00:00",,"212","REPAIR BROKEN MAIN"
"3011785","11/06/2020","09:15","AM","11/06/2020","00:00",,"212","REPAIR BROKEN MAIN"
"3011793","11/06/2020","09:58","AM","11/06/2020","00:00",,"212","REPAIR BROKEN MAIN"
"3011801","11/06/2020","10:17","AM","01/12/2021","00:00","AM","212","REPAIR BROKEN MAIN"
"3011813","11/06/2020","11:08","AM","11/09/2020","00:00",,"212","REPAIR BROKEN MAIN"
"3011860","11/06/2020","02:02","PM","11/07/2020","00:00",,"212","REPAIR BROKEN MAIN"
"3011871","11/06/2020","02:19","PM","11/08/2020","00:00",,"212","REPAIR BROKEN MAIN"
"3011919","11/06/2020","05:48","PM","11/09/2020","00:00",,"212","REPAIR BROKEN MAIN"
"3011436","11/05/2020","12:47","AM","11/05/2020","00:00",,"212","REPAIR BROKEN MAIN"
"3011440","11/05/2020","05:29","AM","11/05/2020","00:00",,"212","REPAIR BROKEN MAIN"
"3011455","11/05/2020","07:38","AM","11/05/2020","00:00",,"212","REPAIR BROKEN MAIN"
"3011458","11/05/2020","07:55","AM","11/05/2020","00:00",,"212","REPAIR BROKEN MAIN"
"3011483","11/05/2020","09:29","AM","11/05/2020","00:00",,"212","REPAIR BROKEN MAIN"
"3011499","11/05/2020","09:54","AM","11/05/2020","00:00",,"212","REPAIR BROKEN MAIN"
"3011652","11/05/2020","02:16","PM","11/06/2020","00:00",,"212","REPAIR BROKEN MAIN"
"3011670","11/05/2020","02:38","PM","11/06/2020","00:00",,"212","REPAIR BROKEN MAIN"
"3011677","11/05/2020","03:10","PM","11/05/2020","00:00",,"212","REPAIR BROKEN MAIN"
"3011212","11/04/2020","12:06","AM","11/04/2020","00:00",,"212","REPAIR BROKEN MAIN"
"3011225","11/04/2020","07:30","AM","11/04/2020","00:00",,"212","REPAIR BROKEN MAIN"
"3011240","11/04/2020","09:01","AM","11/04/2020","00:00",,"212","REPAIR BROKEN MAIN"
"3011250","11/04/2020","09:54","AM","11/04/2020","00:00",,"212","REPAIR BROKEN MAIN"
"3011272","11/04/2020","11:05","AM","11/05/2020","00:00",,"212","REPAIR BROKEN MAIN"
"3011282","11/04/2020","11:35","AM","11/04/2020","00:00",,"212","REPAIR BROKEN MAIN"
"3011338","11/04/2020","02:21","PM","11/05/2020","00:00",,"212","REPAIR BROKEN MAIN"
"3011346","11/04/2020","02:35","PM","11/05/2020","00:00",,"212","REPAIR BROKEN MAIN"
"3011378","11/04/2020","03:51","PM","11/05/2020","00:00",,"212","REPAIR BROKEN MAIN"
"3011433","11/04/2020","10:15","PM","11/05/2020","00:00",,"212","REPAIR BROKEN MAIN"
"3011116","11/03/2020","06:16","AM","11/04/2020","00:00",,"212","REPAIR BROKEN MAIN"
"3011120","11/03/2020","07:21","AM","11/04/2020","00:00",,"212","REPAIR BROKEN MAIN"
"3011128","11/03/2020","08:38","AM","11/04/2020","00:00",,"212","REPAIR BROKEN MAIN"
"3011140","11/03/2020","09:58","AM","11/03/2020","00:00",,"212","REPAIR BROKEN MAIN"
"3011151","11/03/2020","11:06","AM","11/04/2020","00:00",,"212","REPAIR BROKEN MAIN"
"3011157","11/03/2020","12:02","PM","11/04/2020","00:00",,"212","REPAIR BROKEN MAIN"
"3011179","11/03/2020","02:14","PM","11/04/2020","00:00",,"212","REPAIR BROKEN MAIN"
"3011187","11/03/2020","03:59","PM","11/03/2020","00:00",,"212","REPAIR BROKEN MAIN"
"3011190","11/03/2020","04:13","PM","11/04/2020","00:00",,"212","REPAIR BROKEN MAIN"
"3009443","11/02/2020","08:15","AM","11/02/2020","00:00",,"212","REPAIR BROKEN MAIN"
"3009461","11/02/2020","09:08","AM","11/02/2020","00:00",,"212","REPAIR BROKEN MAIN"
"3009482","11/02/2020","10:19","AM","11/02/2020","00:00",,"212","REPAIR BROKEN MAIN"
"3009563","11/02/2020","02:27","PM","11/02/2020","00:00",,"212","REPAIR BROKEN MAIN"
"3009581","11/02/2020","03:53","PM","11/02/2020","00:00",,"212","REPAIR BROKEN MAIN"
"3009600","11/02/2020","06:16","PM","11/03/2020","00:00",,"212","REPAIR BROKEN MAIN"
"3009601","11/02/2020","06:20","PM","11/04/2020","00:00",,"212","REPAIR BROKEN MAIN"
"3009610","11/02/2020","08:09","PM","11/04/2020","00:00",,"212","REPAIR BROKEN MAIN"
"3009382","11/01/2020","08:51","AM","11/01/2020","00:00",,"212","REPAIR BROKEN MAIN"
"3009399","11/01/2020","04:13","PM","11/01/2020","00:00",,"212","REPAIR BROKEN MAIN"
"3009405","11/01/2020","06:49","PM","11/04/2020","00:00",,"212","REPAIR BROKEN MAIN"
"3009355","10/31/2020","01:51","PM","11/02/2020","00:00",,"212","REPAIR BROKEN MAIN"
"3009364","10/31/2020","03:54","PM","10/31/2020","00:00",,"212","REPAIR BROKEN MAIN"
"3009311","10/30/2020","06:30","PM","10/31/2020","00:00",,"212","REPAIR BROKEN MAIN"
"3009320","10/30/2020","09:09","PM","11/01/2020","00:00",,"212","REPAIR BROKEN MAIN"
"3009185","10/29/2020","08:08","PM","10/30/2020","00:00",,"212","REPAIR BROKEN MAIN"
"3009070","10/28/2020","09:01","PM","10/30/2020","00:00",,"212","REPAIR BROKEN MAIN"
"3008506","10/27/2020","11:47","AM","10/27/2020","00:00",,"212","REPAIR BROKEN MAIN"
"3008512","10/27/2020","12:01","PM","10/28/2020","00:00",,"212","REPAIR BROKEN MAIN"
"3008250","10/26/2020","09:22","AM","10/26/2020","00:00",,"212","REPAIR BROKEN MAIN"
"3008301","10/26/2020","12:17","PM","10/26/2020","00:00",,"212","REPAIR BROKEN MAIN"
"3008319","10/26/2020","01:15","PM","10/26/2020","00:00",,"212","REPAIR BROKEN MAIN"
"3008413","10/26/2020","09:03","PM","11/13/2020","00:00",,"212","REPAIR BROKEN MAIN"
"3008126","10/24/2020","08:57","AM","10/27/2020","00:00",,"212","REPAIR BROKEN MAIN"
"3008162","10/24/2020","07:35","PM","10/26/2020","00:00",,"212","REPAIR BROKEN MAIN"
"3008033","10/23/2020","12:49","PM","10/26/2020","00:00",,"212","REPAIR BROKEN MAIN"
"3008040","10/23/2020","01:20","PM","10/24/2020","00:00",,"212","REPAIR BROKEN MAIN"
"3007686","10/22/2020","07:53","AM","10/22/2020","00:00",,"212","REPAIR BROKEN MAIN"
"3007738","10/22/2020","10:41","AM","10/22/2020","00:00",,"212","REPAIR BROKEN MAIN"
"3007743","10/22/2020","10:55","AM","10/23/2020","00:00",,"212","REPAIR BROKEN MAIN"
"3007909","10/22/2020","11:00","PM","10/23/2020","00:00",,"212","REPAIR BROKEN MAIN"
"3007517","10/21/2020","08:32","AM","10/21/2020","00:00",,"212","REPAIR BROKEN MAIN"
"3007565","10/21/2020","12:00","AM","10/21/2020","00:00",,"212","REPAIR BROKEN MAIN"
"3007389","10/20/2020","12:45","PM","10/21/2020","00:00",,"212","REPAIR BROKEN MAIN"
"3007082","10/19/2020","02:45","AM","10/19/2020","00:00",,"212","REPAIR BROKEN MAIN"
"3007083","10/19/2020","03:45","AM","10/19/2020","00:00",,"212","REPAIR BROKEN MAIN"
"3007086","10/19/2020","05:45","AM","10/19/2020","00:00",,"212","REPAIR BROKEN MAIN"
"3007087","10/19/2020","06:37","AM","10/19/2020","00:00",,"212","REPAIR BROKEN MAIN"
"3007126","10/19/2020","09:23","AM","10/19/2020","00:00",,"212","REPAIR BROKEN MAIN"
"3007222","10/19/2020","01:34","PM","10/19/2020","00:00",,"212","REPAIR BROKEN MAIN"
"3007227","10/19/2020","02:11","PM","10/20/2020","00:00",,"212","REPAIR BROKEN MAIN"
"3007292","10/19/2020","10:01","PM","10/20/2020","00:00",,"212","REPAIR BROKEN MAIN"
"3007004","10/17/2020","02:36","AM","10/19/2020","00:00",,"212","REPAIR BROKEN MAIN"
"3007036","10/17/2020","06:46","PM","10/18/2020","00:00",,"212","REPAIR BROKEN MAIN"
"3006888","10/16/2020","07:50","AM","10/16/2020","00:00",,"212","REPAIR BROKEN MAIN"
"3006915","10/16/2020","10:37","AM","10/16/2020","00:00",,"212","REPAIR BROKEN MAIN"
"3007001","10/16/2020","11:23","PM","10/18/2020","00:00",,"212","REPAIR BROKEN MAIN"
"3006508","10/14/2020","11:15","AM","10/14/2020","00:00",,"212","REPAIR BROKEN MAIN"
"3006531","10/14/2020","12:07","PM","10/15/2020","00:00",,"212","REPAIR BROKEN MAIN"
"3006181","10/13/2020","03:22","AM","10/13/2020","00:00",,"212","REPAIR BROKEN MAIN"
"3006263","10/13/2020","12:10","PM","10/13/2020","00:00",,"212","REPAIR BROKEN MAIN"
"3006124","10/12/2020","06:37","AM","10/12/2020","00:00",,"212","REPAIR BROKEN MAIN"
"3006128","10/12/2020","08:20","AM","10/13/2020","00:00",,"212","REPAIR BROKEN MAIN"
"3006132","10/12/2020","09:55","AM","10/12/2020","00:00",,"212","REPAIR BROKEN MAIN"
"3006173","10/12/2020","05:01","PM","10/12/2020","00:00",,"212","REPAIR BROKEN MAIN"
"3006025","10/10/2020","07:38","AM","10/10/2020","00:00",,"212","REPAIR BROKEN MAIN"
"3006039","10/10/2020","09:52","AM","10/10/2020","00:00",,"212","REPAIR BROKEN MAIN"
"3006048","10/10/2020","11:42","AM","10/10/2020","00:00",,"212","REPAIR BROKEN MAIN"
"3006074","10/10/2020","04:34","PM","10/10/2020","00:00",,"212","REPAIR BROKEN MAIN"
"3005907","10/09/2020","09:56","AM","10/09/2020","00:00",,"212","REPAIR BROKEN MAIN"
"3005670","10/08/2020","08:56","AM","10/08/2020","00:00",,"212","REPAIR BROKEN MAIN"
"3005766","10/08/2020","01:07","PM","10/09/2020","00:00",,"212","REPAIR BROKEN MAIN"
"3005817","10/08/2020","02:00","PM","10/09/2020","00:00",,"212","REPAIR BROKEN MAIN"
"3005455","10/07/2020","06:04","AM","10/07/2020","00:00",,"212","REPAIR BROKEN MAIN"
"3005457","10/07/2020","06:18","AM","10/08/2020","00:00",,"212","REPAIR BROKEN MAIN"
"3005578","10/07/2020","05:46","PM","10/08/2020","00:00",,"212","REPAIR BROKEN MAIN"
"3005588","10/07/2020","07:38","PM","10/08/2020","00:00",,"212","REPAIR BROKEN MAIN"
"3005236","10/06/2020","08:48","AM","10/06/2020","00:00",,"212","REPAIR BROKEN MAIN"
"3005313","10/06/2020","12:10","PM","10/06/2020","00:00",,"212","REPAIR BROKEN MAIN"
"3005359","10/06/2020","03:07","PM","10/06/2020","00:00",,"212","REPAIR BROKEN MAIN"
"3005392","10/06/2020","05:48","PM","10/07/2020","00:00",,"212","REPAIR BROKEN MAIN"
"3005396","10/06/2020","05:56","PM","10/07/2020","00:00",,"212","REPAIR BROKEN MAIN"
"3005068","10/05/2020","10:09","AM","10/05/2020","00:00",,"212","REPAIR BROKEN MAIN"
"3005070","10/05/2020","10:12","AM","10/05/2020","00:00",,"212","REPAIR BROKEN MAIN"
"3004960","10/04/2020","01:34","PM","10/04/2020","00:00",,"212","REPAIR BROKEN MAIN"
"3004897","10/03/2020","08:15","AM","10/03/2020","00:00",,"212","REPAIR BROKEN MAIN"
"3004695","10/02/2020","05:49","AM","10/03/2020","00:00",,"212","REPAIR BROKEN MAIN"
"3004710","10/02/2020","08:09","AM","10/02/2020","00:00",,"212","REPAIR BROKEN MAIN"
"3004712","10/02/2020","08:15","AM","10/02/2020","00:00",,"212","REPAIR BROKEN MAIN"
"3004803","10/02/2020","01:40","PM","10/03/2020","00:00",,"212","REPAIR BROKEN MAIN"
"3004860","10/02/2020","06:42","PM","10/03/2020","00:00",,"212","REPAIR BROKEN MAIN"
"3002834","10/01/2020","02:56","PM","10/01/2020","00:00",,"212","REPAIR BROKEN MAIN"
"3002902","10/01/2020","10:00","PM","10/06/2020","00:00",,"212","REPAIR BROKEN MAIN"
"3002189","09/29/2020","10:30","AM","09/29/2020","00:00",,"212","REPAIR BROKEN MAIN"
"3002282","09/29/2020","12:28","PM","09/29/2020","00:00",,"212","REPAIR BROKEN MAIN"
"3002425","09/29/2020","06:11","PM","09/30/2020","00:00",,"212","REPAIR BROKEN MAIN"
"3001997","09/28/2020","01:22","PM","09/28/2020","00:00",,"212","REPAIR BROKEN MAIN"
"3002056","09/28/2020","03:38","PM","09/29/2020","00:00",,"212","REPAIR BROKEN MAIN"
"3002086","09/28/2020","06:59","PM","09/29/2020","00:00",,"212","REPAIR BROKEN MAIN"
"3001769","09/26/2020","01:00","PM","09/26/2020","00:00",,"212","REPAIR BROKEN MAIN"
"3001793","09/26/2020","06:34","PM","09/27/2020","00:00",,"212","REPAIR BROKEN MAIN"
"3001797","09/26/2020","07:18","PM","09/27/2020","00:00",,"212","REPAIR BROKEN MAIN"
"3001563","09/25/2020","09:11","AM","09/25/2020","00:00",,"212","REPAIR BROKEN MAIN"
"3001259","09/24/2020","08:10","AM","09/24/2020","00:00",,"212","REPAIR BROKEN MAIN"
"3001295","09/24/2020","09:06","AM","09/25/2020","00:00",,"212","REPAIR BROKEN MAIN"
"3001332","09/24/2020","10:02","AM","09/24/2020","00:00",,"212","REPAIR BROKEN MAIN"
"3001336","09/24/2020","10:14","AM","09/25/2020","00:00",,"212","REPAIR BROKEN MAIN"
"3001069","09/23/2020","09:57","AM","09/23/2020","00:00",,"212","REPAIR BROKEN MAIN"
"3001218","09/23/2020","08:49","PM","09/24/2020","00:00",,"212","REPAIR BROKEN MAIN"
"3000937","09/22/2020","01:59","PM","09/23/2020","00:00",,"212","REPAIR BROKEN MAIN"
"3001017","09/22/2020","10:33","PM","09/27/2020","00:00",,"212","REPAIR BROKEN MAIN"
"3000700","09/21/2020","09:40","AM","09/22/2020","00:00",,"212","REPAIR BROKEN MAIN"
"3000759","09/21/2020","12:13","PM","09/21/2020","00:00",,"212","REPAIR BROKEN MAIN"
"3000579","09/19/2020","09:12","AM","09/19/2020","00:00",,"212","REPAIR BROKEN MAIN"
"3000581","09/19/2020","09:36","AM","09/19/2020","00:00",,"212","REPAIR BROKEN MAIN"
"3000406","09/18/2020","08:28","AM","09/18/2020","00:00",,"212","REPAIR BROKEN MAIN"
"3000411","09/18/2020","08:35","AM","09/18/2020","00:00",,"212","REPAIR BROKEN MAIN"
"3000218","09/17/2020","09:00","AM","09/17/2020","00:00",,"212","REPAIR BROKEN MAIN"
"3000260","09/17/2020","11:29","AM","09/18/2020","00:00",,"212","REPAIR BROKEN MAIN"
"2999794","09/15/2020","10:33","AM","09/15/2020","00:00",,"212","REPAIR BROKEN MAIN"
"2999911","09/15/2020","04:32","PM","09/16/2020","00:00",,"212","REPAIR BROKEN MAIN"
"2999333","09/14/2020","11:15","AM","09/14/2020","00:00",,"212","REPAIR BROKEN MAIN"
"2999144","09/12/2020","11:03","AM","09/12/2020","00:00",,"212","REPAIR BROKEN MAIN"
"2991574","09/09/2020","08:40","AM","09/09/2020","00:00",,"212","REPAIR BROKEN MAIN"
"2991470","09/08/2020","02:59","PM","09/09/2020","00:00",,"212","REPAIR BROKEN MAIN"
"2991510","09/08/2020","05:20","PM","09/08/2020","00:00",,"212","REPAIR BROKEN MAIN"
"2991216","09/07/2020","09:47","AM","09/07/2020","00:00",,"212","REPAIR BROKEN MAIN"
"2991168","09/06/2020","03:47","AM","09/06/2020","00:00",,"212","REPAIR BROKEN MAIN"
"2991170","09/06/2020","05:09","AM","09/06/2020","00:00",,"212","REPAIR BROKEN MAIN"
"2991180","09/06/2020","09:08","AM","09/06/2020","00:00",,"212","REPAIR BROKEN MAIN"
"2991119","09/05/2020","06:58","AM","09/05/2020","00:00",,"212","REPAIR BROKEN MAIN"
"2990880","09/03/2020","07:55","AM","09/03/2020","00:00",,"212","REPAIR BROKEN MAIN"
"2990940","09/03/2020","02:26","PM","09/04/2020","00:00",,"212","REPAIR BROKEN MAIN"
"2990728","09/02/2020","02:36","AM","09/02/2020","00:00",,"212","REPAIR BROKEN MAIN"
"2990772","09/02/2020","10:55","AM","09/02/2020","00:00",,"212","REPAIR BROKEN MAIN"
"2988641","09/01/2020","06:08","AM","09/01/2020","00:00",,"212","REPAIR BROKEN MAIN"
"2988711","09/01/2020","12:25","PM","09/09/2020","00:00",,"212","REPAIR BROKEN MAIN"
"2988753","09/01/2020","05:29","PM","09/01/2020","00:00",,"212","REPAIR BROKEN MAIN"
"2988458","08/31/2020","06:00","AM","09/01/2020","00:00",,"212","REPAIR BROKEN MAIN"
"2988460","08/31/2020","06:28","AM","08/31/2020","00:00",,"212","REPAIR BROKEN MAIN"
"2988578","08/31/2020","01:48","PM","09/01/2020","00:00",,"212","REPAIR BROKEN MAIN"
"2988424","08/30/2020","06:59","AM","08/30/2020","00:00",,"212","REPAIR BROKEN MAIN"
"2987938","08/26/2020","09:18","AM","08/26/2020","00:00",,"212","REPAIR BROKEN MAIN"
"2987951","08/26/2020","09:54","AM","08/26/2020","00:00",,"212","REPAIR BROKEN MAIN"
"2987620","08/25/2020","11:49","AM","08/26/2020","00:00",,"212","REPAIR BROKEN MAIN"
"2987247","08/22/2020","05:58","PM","08/22/2020","00:00",,"212","REPAIR BROKEN MAIN"
"2987043","08/21/2020","08:39","AM","08/21/2020","00:00",,"212","REPAIR BROKEN MAIN"
"2987139","08/21/2020","02:55","PM","08/21/2020","00:00",,"212","REPAIR BROKEN MAIN"
"2986877","08/20/2020","11:02","AM","08/20/2020","00:00",,"212","REPAIR BROKEN MAIN"
"2986885","08/20/2020","11:38","AM","08/20/2020","00:00",,"212","REPAIR BROKEN MAIN"
"2986928","08/20/2020","02:18","PM","08/20/2020","00:00",,"212","REPAIR BROKEN MAIN"
"2986976","08/20/2020","08:40","PM","08/21/2020","00:00",,"212","REPAIR BROKEN MAIN"
"2986612","08/19/2020","10:09","AM","08/19/2020","00:00",,"212","REPAIR BROKEN MAIN"
"2986693","08/19/2020","05:32","PM","08/19/2020","00:00",,"212","REPAIR BROKEN MAIN"
"2986333","08/18/2020","03:31","AM","08/18/2020","00:00",,"212","REPAIR BROKEN MAIN"
"2986339","08/18/2020","05:44","AM","08/18/2020","00:00",,"212","REPAIR BROKEN MAIN"
"2986404","08/18/2020","08:46","AM","08/18/2020","00:00",,"212","REPAIR BROKEN MAIN"
"2986560","08/18/2020","11:20","PM","08/19/2020","00:00",,"212","REPAIR BROKEN MAIN"
"2986000","08/17/2020","07:08","AM","08/17/2020","00:00",,"212","REPAIR BROKEN MAIN"
"2986012","08/17/2020","07:51","AM","08/17/2020","00:00",,"212","REPAIR BROKEN MAIN"
"2986072","08/17/2020","12:42","PM","08/25/2020","00:00",,"212","REPAIR BROKEN MAIN"
"2986078","08/17/2020","01:16","PM","08/17/2020","00:00",,"212","REPAIR BROKEN MAIN"
"2986085","08/17/2020","01:52","PM","08/17/2020","00:00",,"212","REPAIR BROKEN MAIN"
"2985754","08/14/2020","03:29","AM","08/14/2020","00:00",,"212","REPAIR BROKEN MAIN"
"2985834","08/14/2020","01:23","PM","08/14/2020","00:00",,"212","REPAIR BROKEN MAIN"
"2985875","08/14/2020","04:08","PM","08/14/2020","00:00",,"212","REPAIR BROKEN MAIN"
"2985898","08/14/2020","09:14","PM","08/15/2020","00:00",,"212","REPAIR BROKEN MAIN"
"2985533","08/12/2020","04:52","PM","08/13/2020","00:00",,"212","REPAIR BROKEN MAIN"
"2985132","08/10/2020","12:52","PM","09/23/2020","00:00",,"212","REPAIR BROKEN MAIN"
"2985024","08/09/2020","08:31","AM","08/09/2020","00:00",,"212","REPAIR BROKEN MAIN"
"2984960","08/08/2020","12:48","AM","08/10/2020","00:00",,"212","REPAIR BROKEN MAIN"
"2984611","08/06/2020","08:25","AM","08/06/2020","00:00",,"212","REPAIR BROKEN MAIN"
"2984699","08/06/2020","02:14","PM","08/06/2020","00:00",,"212","REPAIR BROKEN MAIN"
"2984445","08/05/2020","04:06","AM","08/05/2020","00:00",,"212","REPAIR BROKEN MAIN"
"2984591","08/05/2020","09:02","PM","08/06/2020","00:00",,"212","REPAIR BROKEN MAIN"
"2984361","08/04/2020","11:52","AM","08/04/2020","00:00",,"212","REPAIR BROKEN MAIN"
"2984415","08/04/2020","04:08","PM","08/04/2020","00:00",,"212","REPAIR BROKEN MAIN"
"2984427","08/04/2020","05:21","PM","08/05/2020","00:00",,"212","REPAIR BROKEN MAIN"
"2982766","08/03/2020","06:48","AM","08/03/2020","00:00",,"212","REPAIR BROKEN MAIN"
"2982821","08/03/2020","10:51","AM","08/05/2020","00:00",,"212","REPAIR BROKEN MAIN"
"2982844","08/03/2020","11:51","AM","08/03/2020","00:00",,"212","REPAIR BROKEN MAIN"
"2982714","08/02/2020","07:05","AM","08/02/2020","00:00",,"212","REPAIR BROKEN MAIN"
"2982717","08/02/2020","08:18","AM","08/02/2020","00:00",,"212","REPAIR BROKEN MAIN"
"2982728","08/02/2020","12:01","PM","08/02/2020","00:00",,"212","REPAIR BROKEN MAIN"
"2982730","08/02/2020","12:20","PM","08/03/2020","00:00",,"212","REPAIR BROKEN MAIN"
"2982737","08/02/2020","02:24","PM","08/02/2020","00:00",,"212","REPAIR BROKEN MAIN"
"2982661","08/01/2020","02:30","AM","08/01/2020","00:00",,"212","REPAIR BROKEN MAIN"
"2982705","08/01/2020","06:45","PM","08/02/2020","00:00",,"212","REPAIR BROKEN MAIN"
"2982616","07/31/2020","03:47","PM","08/01/2020","00:00",,"212","REPAIR BROKEN MAIN"
"2982321","07/30/2020","06:56","AM","07/30/2020","00:00",,"212","REPAIR BROKEN MAIN"
"2982479","07/30/2020","08:19","PM","07/31/2020","00:00",,"212","REPAIR BROKEN MAIN"
"2982293","07/29/2020","05:39","PM","07/30/2020","00:00",,"212","REPAIR BROKEN MAIN"
"2981342","07/27/2020","10:19","AM","07/27/2020","00:00",,"212","REPAIR BROKEN MAIN"
"2981283","07/26/2020","04:10","PM","11/19/2020","00:00",,"212","REPAIR BROKEN MAIN"
"2981289","07/26/2020","06:02","PM","07/29/2020","00:00",,"212","REPAIR BROKEN MAIN"
"2981296","07/26/2020","11:01","PM","07/27/2020","00:00",,"212","REPAIR BROKEN MAIN"
"2981146","07/24/2020","01:30","PM","07/24/2020","00:00",,"212","REPAIR BROKEN MAIN"
"2981208","07/24/2020","11:58","PM","07/24/2020","00:00",,"212","REPAIR BROKEN MAIN"
"2980782","07/23/2020","08:37","AM","07/24/2020","00:00",,"212","REPAIR BROKEN MAIN"
"2980783","07/23/2020","08:38","AM","07/23/2020","00:00",,"212","REPAIR BROKEN MAIN"
"2980898","07/23/2020","05:17","PM","07/23/2020","00:00",,"212","REPAIR BROKEN MAIN"
"2980903","07/23/2020","06:08","PM","07/24/2020","00:00",,"212","REPAIR BROKEN MAIN"
"2980426","07/22/2020","07:56","PM","07/23/2020","00:00",,"212","REPAIR BROKEN MAIN"
"2980112","07/21/2020","05:53","AM","07/22/2020","00:00",,"212","REPAIR BROKEN MAIN"
"2980122","07/21/2020","06:40","AM","07/21/2020","00:00",,"212","REPAIR BROKEN MAIN"
"2980212","07/21/2020","01:12","PM","07/21/2020","00:00",,"212","REPAIR BROKEN MAIN"
"2980038","07/20/2020","01:55","PM","07/20/2020","00:00",,"212","REPAIR BROKEN MAIN"
"2979835","07/19/2020","01:14","AM","07/19/2020","00:00",,"212","REPAIR BROKEN MAIN"
"2979826","07/18/2020","07:49","PM","07/19/2020","00:00",,"212","REPAIR BROKEN MAIN"
"2979616","07/17/2020","04:18","AM","07/17/2020","00:00",,"212","REPAIR BROKEN MAIN"
"2979686","07/17/2020","12:55","PM","07/17/2020","00:00",,"212","REPAIR BROKEN MAIN"
"2979728","07/17/2020","03:53","PM","07/17/2020","00:00",,"212","REPAIR BROKEN MAIN"
"2979405","07/16/2020","09:20","AM","07/16/2020","00:00",,"212","REPAIR BROKEN MAIN"
"2979443","07/16/2020","12:22","PM","07/17/2020","00:00",,"212","REPAIR BROKEN MAIN"
"2979222","07/14/2020","07:30","PM","07/14/2020","00:00",,"212","REPAIR BROKEN MAIN"
"2978751","07/13/2020","07:01","AM","07/14/2020","00:00",,"212","REPAIR BROKEN MAIN"
"2978938","07/13/2020","07:36","PM","07/13/2020","00:00",,"212","REPAIR BROKEN MAIN"
"2978703","07/12/2020","07:53","AM","07/12/2020","00:00",,"212","REPAIR BROKEN MAIN"
"2978708","07/12/2020","09:12","AM","07/13/2020","00:00",,"212","REPAIR BROKEN MAIN"
"2978642","07/11/2020","07:16","AM","07/11/2020","00:00",,"212","REPAIR BROKEN MAIN"
"2978516","07/10/2020","12:33","PM","07/10/2020","00:00",,"212","REPAIR BROKEN MAIN"
"2978325","07/09/2020","02:37","PM","07/09/2020","00:00",,"212","REPAIR BROKEN MAIN"
"2978354","07/09/2020","04:41","PM","07/09/2020","00:00",,"212","REPAIR BROKEN MAIN"
"2978381","07/09/2020","09:17","PM","07/10/2020","00:00",,"212","REPAIR BROKEN MAIN"
"2977921","07/08/2020","10:06","AM","07/08/2020","00:00",,"212","REPAIR BROKEN MAIN"
"2977965","07/08/2020","01:37","PM","07/08/2020","00:00",,"212","REPAIR BROKEN MAIN"
"2977662","07/07/2020","05:29","AM","07/07/2020","00:00",,"212","REPAIR BROKEN MAIN"
"2977721","07/07/2020","09:57","AM","07/07/2020","00:00",,"212","REPAIR BROKEN MAIN"
"2977618","07/06/2020","04:31","PM","07/06/2020","00:00",,"212","REPAIR BROKEN MAIN"
"2977411","07/05/2020","12:13","PM","07/05/2020","00:00",,"212","REPAIR BROKEN MAIN"
"2977388","07/04/2020","06:00","PM","07/05/2020","00:00",,"212","REPAIR BROKEN MAIN"
"2977311","07/03/2020","03:14","AM","07/03/2020","00:00",,"212","REPAIR BROKEN MAIN"
"2977299","07/02/2020","11:07","PM","07/03/2020","00:00",,"212","REPAIR BROKEN MAIN"
"2976032","07/01/2020","09:24","PM","07/02/2020","00:00",,"212","REPAIR BROKEN MAIN"
"2975725","06/30/2020","01:43","AM","06/30/2020","00:00",,"212","REPAIR BROKEN MAIN"
"2975732","06/30/2020","06:35","AM","06/30/2020","00:00",,"212","REPAIR BROKEN MAIN"
"2975626","06/29/2020","11:56","AM","09/21/2020","00:00",,"212","REPAIR BROKEN MAIN"
"2975715","06/29/2020","08:55","PM","06/30/2020","00:00",,"212","REPAIR BROKEN MAIN"
"2975487","06/27/2020","06:21","PM","06/28/2020","00:00",,"212","REPAIR BROKEN MAIN"
"2973375","06/24/2020","02:42","PM","06/24/2020","00:00",,"212","REPAIR BROKEN MAIN"
"2973055","06/23/2020","08:26","AM","07/13/2020","00:00",,"212","REPAIR BROKEN MAIN"
"2973113","06/23/2020","12:36","PM","06/23/2020","00:00",,"212","REPAIR BROKEN MAIN"
"2972016","06/22/2020","09:04","AM","07/08/2020","00:00",,"212","REPAIR BROKEN MAIN"
"2971959","06/21/2020","08:52","AM","06/21/2020","00:00",,"212","REPAIR BROKEN MAIN"
"2971970","06/21/2020","08:35","PM","06/22/2020","00:00",,"212","REPAIR BROKEN MAIN"
"2971918","06/20/2020","10:09","AM","06/20/2020","00:00",,"212","REPAIR BROKEN MAIN"
"2971778","06/19/2020","02:13","AM","06/20/2020","00:00",,"212","REPAIR BROKEN MAIN"
"2971804","06/19/2020","09:09","AM","06/20/2020","00:00",,"212","REPAIR BROKEN MAIN"
"2971812","06/19/2020","09:23","AM","06/19/2020","00:00",,"212","REPAIR BROKEN MAIN"
"2971818","06/19/2020","09:53","AM","06/19/2020","00:00",,"212","REPAIR BROKEN MAIN"
"2971841","06/19/2020","11:57","AM","06/22/2020","00:00",,"212","REPAIR BROKEN MAIN"
"2971860","06/19/2020","01:47","PM","06/19/2020","00:00",,"212","REPAIR BROKEN MAIN"
"2971870","06/19/2020","02:45","PM","06/20/2020","00:00",,"212","REPAIR BROKEN MAIN"
"2971561","06/18/2020","06:29","AM","06/18/2020","00:00",,"212","REPAIR BROKEN MAIN"
"2971586","06/18/2020","09:57","AM","06/18/2020","00:00",,"212","REPAIR BROKEN MAIN"
"2971454","06/17/2020","07:12","AM","06/17/2020","00:00",,"212","REPAIR BROKEN MAIN"
"2971275","06/16/2020","05:17","AM","06/16/2020","00:00",,"212","REPAIR BROKEN MAIN"
"2971371","06/16/2020","01:09","PM","06/16/2020","00:00",,"212","REPAIR BROKEN MAIN"
"2971043","06/13/2020","08:37","AM","06/13/2020","00:00",,"212","REPAIR BROKEN MAIN"
"2970921","06/12/2020","08:38","AM","06/12/2020","00:00",,"212","REPAIR BROKEN MAIN"
"2970922","06/12/2020","08:42","AM","06/12/2020","00:00",,"212","REPAIR BROKEN MAIN"
"2970927","06/12/2020","09:02","AM","06/12/2020","00:00",,"212","REPAIR BROKEN MAIN"
"2970996","06/12/2020","03:45","PM","06/14/2020","00:00",,"212","REPAIR BROKEN MAIN"
"2970998","06/12/2020","03:53","PM","06/12/2020","00:00",,"212","REPAIR BROKEN MAIN"
"2971017","06/12/2020","06:06","PM","06/12/2020","00:00",,"212","REPAIR BROKEN MAIN"
"2970562","06/10/2020","08:33","AM","06/10/2020","00:00",,"212","REPAIR BROKEN MAIN"
"2970709","06/10/2020","05:53","PM","06/11/2020","00:00",,"212","REPAIR BROKEN MAIN"
"2970271","06/08/2020","01:44","PM","06/08/2020","00:00",,"212","REPAIR BROKEN MAIN"
"2970290","06/08/2020","02:40","PM","06/08/2020","00:00",,"212","REPAIR BROKEN MAIN"
"2970101","06/06/2020","01:06","PM","06/06/2020","00:00",,"212","REPAIR BROKEN MAIN"
"2969966","06/05/2020","08:18","AM","06/05/2020","00:00",,"212","REPAIR BROKEN MAIN"
"2970025","06/05/2020","02:44","PM","06/06/2020","00:00",,"212","REPAIR BROKEN MAIN"
"2969649","06/03/2020","08:50","AM","06/03/2020","00:00",,"212","REPAIR BROKEN MAIN"
"2968131","05/31/2020","02:17","PM","06/02/2020","00:00",,"212","REPAIR BROKEN MAIN"
"2968100","05/30/2020","06:31","PM","05/30/2020","00:00",,"212","REPAIR BROKEN MAIN"
"2967829","05/28/2020","01:04","PM","05/28/2020","00:00",,"212","REPAIR BROKEN MAIN"
"2967837","05/28/2020","02:19","PM","06/04/2020","00:00",,"212","REPAIR BROKEN MAIN"
"2967366","05/23/2020","10:04","PM","05/24/2020","00:00",,"212","REPAIR BROKEN MAIN"
"2967004","05/21/2020","12:35","AM","05/21/2020","00:00",,"212","REPAIR BROKEN MAIN"
"2967102","05/21/2020","01:17","PM","05/21/2020","00:00",,"212","REPAIR BROKEN MAIN"
"2967124","05/21/2020","02:52","PM","05/22/2020","00:00",,"212","REPAIR BROKEN MAIN"
"2966570","05/19/2020","10:27","AM","05/19/2020","00:00",,"212","REPAIR BROKEN MAIN"
"2965552","05/14/2020","08:48","AM","05/14/2020","00:00",,"212","REPAIR BROKEN MAIN"
"2965636","05/14/2020","02:05","PM","05/15/2020","00:00",,"212","REPAIR BROKEN MAIN"
"2965300","05/12/2020","06:01","PM","05/13/2020","00:00",,"212","REPAIR BROKEN MAIN"
"2965171","05/11/2020","09:23","PM","05/12/2020","00:00",,"212","REPAIR BROKEN MAIN"
"2964442","05/09/2020","03:21","AM","05/09/2020","00:00",,"212","REPAIR BROKEN MAIN"
"2964453","05/09/2020","09:46","AM","05/09/2020","00:00",,"212","REPAIR BROKEN MAIN"
"2964428","05/08/2020","06:00","PM","05/08/2020","00:00",,"212","REPAIR BROKEN MAIN"
"2961608","05/07/2020","03:01","PM","05/07/2020","00:00",,"212","REPAIR BROKEN MAIN"
"2961403","05/06/2020","01:09","PM","05/06/2020","00:00",,"212","REPAIR BROKEN MAIN"
"2961211","05/05/2020","05:04","AM","05/05/2020","00:00",,"212","REPAIR BROKEN MAIN"
"2961223","05/05/2020","07:59","AM","05/05/2020","00:00",,"212","REPAIR BROKEN MAIN"
"2961236","05/05/2020","08:50","AM","05/05/2020","00:00",,"212","REPAIR BROKEN MAIN"
"2961253","05/05/2020","09:28","AM","05/05/2020","00:00",,"212","REPAIR BROKEN MAIN"
"2961305","05/05/2020","02:41","PM","05/06/2020","00:00",,"212","REPAIR BROKEN MAIN"
"2961323","05/05/2020","03:54","PM","05/05/2020","00:00",,"212","REPAIR BROKEN MAIN"
"2960986","05/02/2020","03:37","PM","05/02/2020","00:00",,"212","REPAIR BROKEN MAIN"
"2958166","05/01/2020","08:50","AM","05/01/2020","00:00",,"212","REPAIR BROKEN MAIN"
"2957866","04/29/2020","09:42","AM","04/29/2020","00:00",,"212","REPAIR BROKEN MAIN"
"2957907","04/29/2020","01:40","PM","04/29/2020","00:00",,"212","REPAIR BROKEN MAIN"
"2957945","04/29/2020","05:25","PM","04/30/2020","00:00",,"212","REPAIR BROKEN MAIN"
"2957725","04/28/2020","07:02","AM","04/28/2020","00:00",,"212","REPAIR BROKEN MAIN"
"2957271","04/24/2020","10:29","AM","04/24/2020","00:00",,"212","REPAIR BROKEN MAIN"
"2957296","04/24/2020","12:57","PM","04/25/2020","00:00",,"212","REPAIR BROKEN MAIN"
"2957326","04/24/2020","05:33","PM","04/24/2020","00:00",,"212","REPAIR BROKEN MAIN"
"2957110","04/23/2020","06:07","AM","04/23/2020","00:00",,"212","REPAIR BROKEN MAIN"
"2957098","04/22/2020","07:29","PM","04/23/2020","00:00",,"212","REPAIR BROKEN MAIN"
"2956605","04/20/2020","07:29","AM","04/20/2020","00:00",,"212","REPAIR BROKEN MAIN"
"2956690","04/20/2020","01:28","PM","04/20/2020","00:00",,"212","REPAIR BROKEN MAIN"
"2956465","04/17/2020","11:14","AM","04/17/2020","00:00",,"212","REPAIR BROKEN MAIN"
"2956054","04/16/2020","09:00","AM","04/16/2020","00:00",,"212","REPAIR BROKEN MAIN"
"2955847","04/14/2020","01:47","PM","04/14/2020","00:00",,"212","REPAIR BROKEN MAIN"
"2955677","04/13/2020","10:49","AM","04/13/2020","00:00",,"212","REPAIR BROKEN MAIN"
"2955128","04/07/2020","08:14","AM","04/07/2020","00:00",,"212","REPAIR BROKEN MAIN"
"2955146","04/07/2020","09:55","AM","04/07/2020","00:00",,"212","REPAIR BROKEN MAIN"
"2955027","04/06/2020","08:28","AM","05/15/2020","00:00",,"212","REPAIR BROKEN MAIN"
"2954981","04/05/2020","09:16","AM","04/08/2020","00:00",,"212","REPAIR BROKEN MAIN"
"2953096","04/01/2020","12:50","PM","04/02/2020","00:00",,"212","REPAIR BROKEN MAIN"
"2952925","03/31/2020","03:51","AM","04/04/2020","00:00",,"212","REPAIR BROKEN MAIN"
"2953030","03/31/2020","05:35","PM","04/01/2020","00:00",,"212","REPAIR BROKEN MAIN"
"2952886","03/30/2020","02:31","PM","03/31/2020","00:00",,"212","REPAIR BROKEN MAIN"
"2952898","03/30/2020","04:18","PM","03/31/2020","00:00",,"212","REPAIR BROKEN MAIN"
"2952913","03/30/2020","06:59","PM","03/31/2020","00:00",,"212","REPAIR BROKEN MAIN"
"2952790","03/29/2020","09:12","AM","03/31/2020","00:00",,"212","REPAIR BROKEN MAIN"
"2952799","03/29/2020","09:58","AM","03/29/2020","00:00",,"212","REPAIR BROKEN MAIN"
"2952560","03/26/2020","11:40","AM","04/08/2020","00:00",,"212","REPAIR BROKEN MAIN"
"2951881","03/22/2020","10:17","AM","03/22/2020","00:00",,"212","REPAIR BROKEN MAIN"
"2951893","03/22/2020","04:31","PM","03/22/2020","00:00",,"212","REPAIR BROKEN MAIN"
"2951658","03/19/2020","01:42","PM","03/19/2020","00:00",,"212","REPAIR BROKEN MAIN"
"2950475","03/13/2020","03:03","PM","03/13/2020","00:00",,"212","REPAIR BROKEN MAIN"
"2950171","03/12/2020","05:27","AM","03/12/2020","00:00",,"212","REPAIR BROKEN MAIN"
"2950082","03/11/2020","11:23","AM","03/12/2020","00:00",,"212","REPAIR BROKEN MAIN"
"2950110","03/11/2020","01:31","PM","03/18/2020","00:00",,"212","REPAIR BROKEN MAIN"
"2948909","03/10/2020","02:07","AM","03/10/2020","00:00",,"212","REPAIR BROKEN MAIN"
"2949062","03/10/2020","05:00","PM","03/10/2020","00:00",,"212","REPAIR BROKEN MAIN"
"2948694","03/09/2020","09:26","AM","03/10/2020","00:00",,"212","REPAIR BROKEN MAIN"
"2948635","03/08/2020","07:58","AM","03/08/2020","00:00",,"212","REPAIR BROKEN MAIN"
"2948548","03/06/2020","12:50","PM","03/06/2020","00:00",,"212","REPAIR BROKEN MAIN"
"2948299","03/05/2020","10:11","AM","03/06/2020","00:00",,"212","REPAIR BROKEN MAIN"
"2948442","03/05/2020","06:54","PM","03/06/2020","00:00",,"212","REPAIR BROKEN MAIN"
"2948149","03/04/2020","11:11","AM","03/06/2020","00:00",,"212","REPAIR BROKEN MAIN"
"2947979","03/03/2020","08:37","AM","03/04/2020","00:00",,"212","REPAIR BROKEN MAIN"
"2947983","03/03/2020","08:51","AM","03/03/2020","00:00",,"212","REPAIR BROKEN MAIN"
"2948024","03/03/2020","10:43","AM","03/03/2020","00:00",,"212","REPAIR BROKEN MAIN"
"2946374","03/02/2020","12:40","AM","03/02/2020","00:00",,"212","REPAIR BROKEN MAIN"
"2946408","03/02/2020","08:24","AM","03/02/2020","00:00",,"212","REPAIR BROKEN MAIN"
"2946561","03/02/2020","02:17","PM","03/12/2020","00:00",,"212","REPAIR BROKEN MAIN"
"2946567","03/02/2020","02:40","PM","03/03/2020","00:00",,"212","REPAIR BROKEN MAIN"
"2946336","02/29/2020","08:13","PM","03/01/2020","00:00",,"212","REPAIR BROKEN MAIN"
"2945964","02/27/2020","09:11","AM","03/06/2020","00:00",,"212","REPAIR BROKEN MAIN"
"2946023","02/27/2020","01:34","PM","03/05/2020","00:00",,"212","REPAIR BROKEN MAIN"
"2945897","02/26/2020","03:17","PM","03/01/2020","00:00",,"212","REPAIR BROKEN MAIN"
"2945918","02/26/2020","05:52","PM","02/27/2020","00:00",,"212","REPAIR BROKEN MAIN"
"2945633","02/25/2020","02:43","AM","02/25/2020","00:00",,"212","REPAIR BROKEN MAIN"
"2945657","02/25/2020","08:47","AM","02/25/2020","00:00",,"212","REPAIR BROKEN MAIN"
"2945760","02/25/2020","08:41","PM","02/26/2020","00:00",,"212","REPAIR BROKEN MAIN"
"2945355","02/24/2020","11:36","AM","02/24/2020","00:00",,"212","REPAIR BROKEN MAIN"
"2945396","02/24/2020","08:47","AM","02/24/2020","00:00",,"212","REPAIR BROKEN MAIN"
"2945325","02/23/2020","09:10","AM","02/23/2020","00:00",,"212","REPAIR BROKEN MAIN"
"2944956","02/20/2020","07:38","AM","02/20/2020","00:00",,"212","REPAIR BROKEN MAIN"
"2945013","02/20/2020","11:49","AM","02/20/2020","00:00",,"212","REPAIR BROKEN MAIN"
"2945117","02/20/2020","10:15","PM","02/21/2020","00:00",,"212","REPAIR BROKEN MAIN"
"2944760","02/19/2020","07:16","AM","02/19/2020","00:00",,"212","REPAIR BROKEN MAIN"
"2944779","02/19/2020","07:56","AM","02/19/2020","00:00",,"212","REPAIR BROKEN MAIN"
"2944784","02/19/2020","08:01","AM","02/19/2020","00:00",,"212","REPAIR BROKEN MAIN"
"2944509","02/17/2020","06:06","AM","02/18/2020","00:00",,"212","REPAIR BROKEN MAIN"
"2944561","02/17/2020","06:29","PM","02/18/2020","00:00",,"212","REPAIR BROKEN MAIN"
"2944565","02/17/2020","07:44","PM","02/18/2020","00:00",,"212","REPAIR BROKEN MAIN"
"2944469","02/16/2020","09:25","AM","02/16/2020","00:00",,"212","REPAIR BROKEN MAIN"
"2944433","02/15/2020","12:01","PM","02/15/2020","00:00",,"212","REPAIR BROKEN MAIN"
"2944407","02/14/2020","07:12","PM","02/16/2020","00:00",,"212","REPAIR BROKEN MAIN"
"2944415","02/14/2020","11:48","PM","02/19/2020","00:00",,"212","REPAIR BROKEN MAIN"
"2944094","02/13/2020","09:36","AM","02/13/2020","00:00",,"212","REPAIR BROKEN MAIN"
"2943891","02/12/2020","08:04","AM","02/12/2020","00:00",,"212","REPAIR BROKEN MAIN"
"2943816","02/11/2020","01:00","PM","02/11/2020","00:00",,"212","REPAIR BROKEN MAIN"
"2943853","02/11/2020","05:30","PM","02/12/2020","00:00",,"212","REPAIR BROKEN MAIN"
"2943632","02/10/2020","06:47","AM","02/11/2020","00:00",,"212","REPAIR BROKEN MAIN"
"2943598","02/09/2020","09:08","AM","02/10/2020","00:00",,"212","REPAIR BROKEN MAIN"
"2943616","02/09/2020","03:45","PM","02/11/2020","00:00",,"212","REPAIR BROKEN MAIN"
"2943562","02/08/2020","09:45","AM","02/08/2020","00:00",,"212","REPAIR BROKEN MAIN"
"2943569","02/08/2020","11:00","AM","02/10/2020","00:00",,"212","REPAIR BROKEN MAIN"
"2943576","02/08/2020","01:16","PM","02/09/2020","00:00",,"212","REPAIR BROKEN MAIN"
"2943440","02/07/2020","08:57","AM","02/07/2020","00:00",,"212","REPAIR BROKEN MAIN"
"2943531","02/07/2020","06:51","PM","02/09/2020","00:00",,"212","REPAIR BROKEN MAIN"
"2943545","02/07/2020","09:29","PM","02/10/2020","00:00",,"212","REPAIR BROKEN MAIN"
"2943223","02/06/2020","08:38","AM","02/06/2020","00:00",,"212","REPAIR BROKEN MAIN"
"2943290","02/06/2020","11:59","AM","02/07/2020","00:00",,"212","REPAIR BROKEN MAIN"
"2943178","02/05/2020","05:24","PM","02/06/2020","00:00",,"212","REPAIR BROKEN MAIN"
"2943192","02/05/2020","07:27","PM","02/06/2020","00:00",,"212","REPAIR BROKEN MAIN"
"2938238","02/04/2020","03:32","AM","02/05/2020","00:00",,"212","REPAIR BROKEN MAIN"
"2943025","02/04/2020","09:28","PM","02/06/2020","00:00",,"212","REPAIR BROKEN MAIN"
"2937394","02/03/2020","09:16","AM","02/03/2020","00:00",,"212","REPAIR BROKEN MAIN"
"2937414","02/03/2020","10:14","AM","02/04/2020","00:00",,"212","REPAIR BROKEN MAIN"
"2938236","02/03/2020","10:44","PM","02/04/2020","00:00",,"212","REPAIR BROKEN MAIN"
"2936660","02/02/2020","06:40","AM","02/02/2020","00:00",,"212","REPAIR BROKEN MAIN"
"2936667","02/02/2020","09:10","AM","02/03/2020","00:00",,"212","REPAIR BROKEN MAIN"
"2936624","02/01/2020","11:28","AM","02/03/2020","00:00",,"212","REPAIR BROKEN MAIN"
"2936641","02/01/2020","03:45","PM","02/03/2020","00:00",,"212","REPAIR BROKEN MAIN"
"2932423","01/31/2020","11:25","AM","01/31/2020","00:00",,"212","REPAIR BROKEN MAIN"
"2932424","01/31/2020","11:34","AM","01/31/2020","00:00",,"212","REPAIR BROKEN MAIN"
"2932497","01/31/2020","04:55","PM","02/01/2020","00:00",,"212","REPAIR BROKEN MAIN"
"2932133","01/30/2020","01:15","AM","01/30/2020","00:00",,"212","REPAIR BROKEN MAIN"
"2932203","01/30/2020","11:39","AM","01/31/2020","00:00",,"212","REPAIR BROKEN MAIN"
"2931622","01/29/2020","06:17","PM","01/30/2020","00:00",,"212","REPAIR BROKEN MAIN"
"2932123","01/29/2020","09:10","PM","01/30/2020","00:00",,"212","REPAIR BROKEN MAIN"
"2930835","01/28/2020","10:09","AM","01/28/2020","00:00",,"212","REPAIR BROKEN MAIN"
"2930837","01/28/2020","10:19","AM","01/28/2020","00:00",,"212","REPAIR BROKEN MAIN"
"2930474","01/27/2020","01:04","AM","01/27/2020","00:00",,"212","REPAIR BROKEN MAIN"
"2930478","01/27/2020","02:44","AM","01/27/2020","00:00",,"212","REPAIR BROKEN MAIN"
"2930479","01/27/2020","03:08","AM","01/27/2020","00:00",,"212","REPAIR BROKEN MAIN"
"2930482","01/27/2020","06:38","AM","01/28/2020","00:00",,"212","REPAIR BROKEN MAIN"
"2930530","01/27/2020","08:57","AM","01/27/2020","00:00",,"212","REPAIR BROKEN MAIN"
"2930612","01/27/2020","11:49","AM","01/29/2020","00:00",,"212","REPAIR BROKEN MAIN"
"2930668","01/27/2020","02:07","PM","01/28/2020","00:00",,"212","REPAIR BROKEN MAIN"
"2930421","01/26/2020","06:47","AM","01/27/2020","00:00",,"212","REPAIR BROKEN MAIN"
"2930422","01/26/2020","08:24","AM","01/26/2020","00:00",,"212","REPAIR BROKEN MAIN"
"2930428","01/26/2020","10:03","AM","01/27/2020","00:00",,"212","REPAIR BROKEN MAIN"
"2930433","01/26/2020","10:48","AM","01/27/2020","00:00",,"212","REPAIR BROKEN MAIN"
"2930437","01/26/2020","11:17","AM","01/27/2020","00:00",,"212","REPAIR BROKEN MAIN"
"2930440","01/26/2020","11:45","AM","01/27/2020","00:00",,"212","REPAIR BROKEN MAIN"
"2930457","01/26/2020","04:57","PM","01/27/2020","00:00",,"212","REPAIR BROKEN MAIN"
"2930463","01/26/2020","06:00","PM","01/27/2020","00:00",,"212","REPAIR BROKEN MAIN"
"2930466","01/26/2020","06:46","PM","01/27/2020","00:00",,"212","REPAIR BROKEN MAIN"
"2930383","01/25/2020","01:15","PM","01/25/2020","00:00",,"212","REPAIR BROKEN MAIN"
"2930407","01/25/2020","06:02","PM","01/27/2020","00:00",,"212","REPAIR BROKEN MAIN"
"2930415","01/25/2020","08:11","PM","01/27/2020","00:00",,"212","REPAIR BROKEN MAIN"
"2930204","01/24/2020","01:18","AM","01/24/2020","00:00",,"212","REPAIR BROKEN MAIN"
"2930224","01/24/2020","07:32","AM","01/24/2020","00:00",,"212","REPAIR BROKEN MAIN"
"2930273","01/24/2020","11:36","AM","01/25/2020","00:00",,"212","REPAIR BROKEN MAIN"
"2930322","01/24/2020","03:39","PM","01/24/2020","00:00",,"212","REPAIR BROKEN MAIN"
"2930341","01/24/2020","06:19","PM","01/24/2020","00:00",,"212","REPAIR BROKEN MAIN"
"2930353","01/24/2020","09:25","PM","01/25/2020","00:00",,"212","REPAIR BROKEN MAIN"
"2930354","01/24/2020","07:00","PM","01/27/2020","00:00",,"212","REPAIR BROKEN MAIN"
"2930355","01/24/2020","09:33","PM","01/27/2020","00:00",,"212","REPAIR BROKEN MAIN"
"2930027","01/23/2020","09:23","AM","01/23/2020","00:00",,"212","REPAIR BROKEN MAIN"
"2930028","01/23/2020","09:24","AM","01/23/2020","00:00",,"212","REPAIR BROKEN MAIN"
"2930034","01/23/2020","09:33","AM","01/23/2020","00:00",,"212","REPAIR BROKEN MAIN"
"2930105","01/23/2020","01:38","PM","01/23/2020","00:00",,"212","REPAIR BROKEN MAIN"
"2930147","01/23/2020","04:17","PM","01/24/2020","00:00",,"212","REPAIR BROKEN MAIN"
"2929856","01/22/2020","09:51","AM","01/22/2020","00:00",,"212","REPAIR BROKEN MAIN"
"2929915","01/22/2020","01:56","PM","01/23/2020","00:00",,"212","REPAIR BROKEN MAIN"
"2929923","01/22/2020","02:26","PM","01/22/2020","00:00",,"212","REPAIR BROKEN MAIN"
"2929936","01/22/2020","02:57","PM","01/22/2020","00:00",,"212","REPAIR BROKEN MAIN"
"2929972","01/22/2020","06:25","PM","01/22/2020","00:00",,"212","REPAIR BROKEN MAIN"
"2929979","01/22/2020","08:06","PM","01/23/2020","00:00",,"212","REPAIR BROKEN MAIN"
"2929984","01/22/2020","09:51","PM","01/29/2020","00:00",,"212","REPAIR BROKEN MAIN"
"2929587","01/21/2020","05:11","AM","01/21/2020","00:00",,"212","REPAIR BROKEN MAIN"
"2929611","01/21/2020","08:44","AM","01/21/2020","00:00",,"212","REPAIR BROKEN MAIN"
"2929649","01/21/2020","10:30","AM","01/21/2020","00:00",,"212","REPAIR BROKEN MAIN"
"2929718","01/21/2020","12:36","PM","01/21/2020","00:00",,"212","REPAIR BROKEN MAIN"
"2929808","01/21/2020","09:07","PM","01/22/2020","00:00",,"212","REPAIR BROKEN MAIN"
"2929809","01/21/2020","09:19","PM","01/22/2020","00:00",,"212","REPAIR BROKEN MAIN"
"2929489","01/19/2020","12:30","AM","01/19/2020","00:00",,"212","REPAIR BROKEN MAIN"
"2929515","01/19/2020","04:35","PM","01/20/2020","00:00",,"212","REPAIR BROKEN MAIN"
"2929468","01/18/2020","05:49","AM","01/18/2020","00:00",,"212","REPAIR BROKEN MAIN"
"2929343","01/17/2020","10:03","AM","01/17/2020","00:00",,"212","REPAIR BROKEN MAIN"
"2928848","01/15/2020","12:31","PM","01/15/2020","00:00",,"212","REPAIR BROKEN MAIN"
"2928473","01/13/2020","08:39","AM","01/13/2020","00:00",,"212","REPAIR BROKEN MAIN"
"2928474","01/13/2020","08:39","AM","01/13/2020","00:00",,"212","REPAIR BROKEN MAIN"
"2928540","01/13/2020","11:13","AM","01/13/2020","00:00",,"212","REPAIR BROKEN MAIN"
"2928602","01/13/2020","01:28","PM","01/14/2020","00:00",,"212","REPAIR BROKEN MAIN"
"2928611","01/13/2020","02:05","PM","01/13/2020","00:00",,"212","REPAIR BROKEN MAIN"
"2928613","01/13/2020","02:08","PM","01/13/2020","00:00",,"212","REPAIR BROKEN MAIN"
"2928387","01/12/2020","09:15","AM","01/12/2020","00:00",,"212","REPAIR BROKEN MAIN"
"2928391","01/12/2020","10:05","AM","01/12/2020","00:00",,"212","REPAIR BROKEN MAIN"
"2928393","01/12/2020","11:04","AM","01/12/2020","00:00",,"212","REPAIR BROKEN MAIN"
"2928394","01/12/2020","11:16","AM","01/13/2020","00:00",,"212","REPAIR BROKEN MAIN"
"2928423","01/12/2020","07:17","PM","01/13/2020","00:00",,"212","REPAIR BROKEN MAIN"
"2928327","01/11/2020","09:31","AM","01/12/2020","00:00",,"212","REPAIR BROKEN MAIN"
"2928359","01/11/2020","04:35","PM","01/13/2020","00:00",,"212","REPAIR BROKEN MAIN"
"2928373","01/11/2020","07:07","PM","01/12/2020","00:00",,"212","REPAIR BROKEN MAIN"
"2928376","01/11/2020","09:56","PM","01/12/2020","00:00",,"212","REPAIR BROKEN MAIN"
"2928378","01/11/2020","10:30","PM","01/11/2020","00:00",,"212","REPAIR BROKEN MAIN"
"2928148","01/10/2020","05:57","AM","01/10/2020","00:00",,"212","REPAIR BROKEN MAIN"
"2928174","01/10/2020","08:56","AM","01/10/2020","00:00",,"212","REPAIR BROKEN MAIN"
"2928179","01/10/2020","09:40","AM","01/13/2020","00:00",,"212","REPAIR BROKEN MAIN"
"2928214","01/10/2020","12:23","PM","01/13/2020","00:00",,"212","REPAIR BROKEN MAIN"
"2928258","01/10/2020","02:45","PM","01/10/2020","00:00",,"212","REPAIR BROKEN MAIN"
"2927947","01/09/2020","06:49","AM","01/09/2020","00:00",,"212","REPAIR BROKEN MAIN"
"2928097","01/09/2020","06:49","PM","01/09/2020","00:00",,"212","REPAIR BROKEN MAIN"
"2928102","01/09/2020","08:48","PM","01/10/2020","00:00",,"212","REPAIR BROKEN MAIN"
"2927827","01/08/2020","08:11","AM","01/08/2020","00:00",,"212","REPAIR BROKEN MAIN"
"2927904","01/08/2020","03:27","PM","01/08/2020","00:00",,"212","REPAIR BROKEN MAIN"
"2927932","01/08/2020","08:13","PM","01/09/2020","00:00",,"212","REPAIR BROKEN MAIN"
"2927590","01/06/2020","02:55","PM","01/07/2020","00:00",,"212","REPAIR BROKEN MAIN"
"2927627","01/06/2020","09:06","PM","01/07/2020","00:00",,"212","REPAIR BROKEN MAIN"
"2927462","01/05/2020","05:20","PM","01/06/2020","00:00",,"212","REPAIR BROKEN MAIN"
"2927309","01/03/2020","08:16","AM","01/03/2020","00:00",,"212","REPAIR BROKEN MAIN"
"2927344","01/03/2020","11:19","AM","01/03/2020","00:00",,"212","REPAIR BROKEN MAIN"
"2926936","01/02/2020","11:00","AM","01/03/2020","00:00",,"212","REPAIR BROKEN MAIN"
"2926946","01/02/2020","11:36","AM","01/06/2020","00:00",,"212","REPAIR BROKEN MAIN"
"2926969","01/02/2020","01:20","PM","01/04/2020","00:00",,"212","REPAIR BROKEN MAIN"
"2926864","01/01/2020","09:24","AM","01/02/2020","00:00",,"212","REPAIR BROKEN MAIN"
"2926714","12/31/2019","08:19","AM","12/31/2019","00:00",,"212","REPAIR BROKEN MAIN"
"2926755","12/31/2019","10:57","AM","12/31/2019","00:00",,"212","REPAIR BROKEN MAIN"
"2926846","12/31/2019","04:37","PM","01/03/2020","00:00",,"212","REPAIR BROKEN MAIN"
"2926397","12/30/2019","10:08","AM","12/31/2019","00:00",,"212","REPAIR BROKEN MAIN"
"2926497","12/30/2019","05:35","PM","12/31/2019","00:00",,"212","REPAIR BROKEN MAIN"
"2926681","12/30/2019","09:20","PM","01/06/2020","00:00",,"212","REPAIR BROKEN MAIN"
"2926682","12/30/2019","10:06","PM","12/31/2019","00:00",,"212","REPAIR BROKEN MAIN"
"2926313","12/29/2019","08:19","AM","12/30/2019","00:00",,"212","REPAIR BROKEN MAIN"
"2926317","12/29/2019","09:16","AM","12/30/2019","00:00",,"212","REPAIR BROKEN MAIN"
"2926331","12/29/2019","04:41","PM","12/30/2019","00:00",,"212","REPAIR BROKEN MAIN"
"2926276","12/28/2019","01:41","PM","12/30/2019","00:00",,"212","REPAIR BROKEN MAIN"
"2926280","12/28/2019","02:03","PM","12/29/2019","00:00",,"212","REPAIR BROKEN MAIN"
"2926297","12/28/2019","05:33","PM","01/02/2020","00:00",,"212","REPAIR BROKEN MAIN"
"2926306","12/28/2019","09:57","PM","12/30/2019","00:00",,"212","REPAIR BROKEN MAIN"
"2926031","12/27/2019","12:02","AM","12/27/2019","00:00",,"212","REPAIR BROKEN MAIN"
"2926032","12/27/2019","12:48","AM","12/30/2019","00:00",,"212","REPAIR BROKEN MAIN"
"2926036","12/27/2019","02:03","AM","12/31/2019","00:00",,"212","REPAIR BROKEN MAIN"
"2926042","12/27/2019","05:41","AM","12/27/2019","00:00",,"212","REPAIR BROKEN MAIN"
"2926057","12/27/2019","07:02","AM","12/27/2019","00:00",,"212","REPAIR BROKEN MAIN"
"2926070","12/27/2019","07:50","AM","12/27/2019","00:00",,"212","REPAIR BROKEN MAIN"
"2926081","12/27/2019","08:49","AM","12/27/2019","00:00",,"212","REPAIR BROKEN MAIN"
"2926104","12/27/2019","10:51","AM","12/27/2019","00:00",,"212","REPAIR BROKEN MAIN"
"2926150","12/27/2019","01:50","PM","12/31/2019","00:00",,"212","REPAIR BROKEN MAIN"
"2926157","12/27/2019","01:54","PM","12/28/2019","00:00",,"212","REPAIR BROKEN MAIN"
"2926180","12/27/2019","02:33","PM","12/27/2019","00:00",,"212","REPAIR BROKEN MAIN"
"2926216","12/27/2019","06:14","PM","12/28/2019","00:00",,"212","REPAIR BROKEN MAIN"
"2926237","12/27/2019","09:21","PM","12/28/2019","00:00",,"212","REPAIR BROKEN MAIN"
"2926238","12/27/2019","09:31","PM","12/30/2019","00:00",,"212","REPAIR BROKEN MAIN"
"2926242","12/27/2019","11:54","PM","12/30/2019","00:00",,"212","REPAIR BROKEN MAIN"
"2925777","12/26/2019","07:52","AM","12/26/2019","00:00",,"212","REPAIR BROKEN MAIN"
"2925786","12/26/2019","08:09","AM","12/27/2019","00:00",,"212","REPAIR BROKEN MAIN"
"2925799","12/26/2019","08:28","AM","12/28/2019","00:00",,"212","REPAIR BROKEN MAIN"
"2925810","12/26/2019","09:04","AM","12/26/2019","00:00",,"212","REPAIR BROKEN MAIN"
"2925859","12/26/2019","12:55","PM","12/27/2019","00:00",,"212","REPAIR BROKEN MAIN"
"2925930","12/26/2019","07:08","PM","01/11/2020","00:00",,"212","REPAIR BROKEN MAIN"
"2925997","12/26/2019","10:34","PM","12/27/2019","00:00",,"212","REPAIR BROKEN MAIN"
"2925999","12/26/2019","10:48","PM","12/27/2019","00:00",,"212","REPAIR BROKEN MAIN"
"2926030","12/26/2019","11:56","PM","12/27/2019","00:00",,"212","REPAIR BROKEN MAIN"
"2925697","12/25/2019","05:05","AM","12/25/2019","00:00",,"212","REPAIR BROKEN MAIN"
"2925707","12/25/2019","09:12","AM","12/27/2019","00:00",,"212","REPAIR BROKEN MAIN"
"2925711","12/25/2019","09:44","AM","12/25/2019","00:00",,"212","REPAIR BROKEN MAIN"
"2925712","12/25/2019","09:50","AM","12/26/2019","00:00",,"212","REPAIR BROKEN MAIN"
"2925713","12/25/2019","10:11","AM","12/26/2019","00:00",,"212","REPAIR BROKEN MAIN"
"2925714","12/25/2019","10:20","AM","01/03/2020","00:00",,"212","REPAIR BROKEN MAIN"
"2925719","12/25/2019","11:48","AM","12/26/2019","00:00",,"212","REPAIR BROKEN MAIN"
"2925724","12/25/2019","01:07","PM","12/26/2019","00:00",,"212","REPAIR BROKEN MAIN"
"2925727","12/25/2019","01:32","PM","12/26/2019","00:00",,"212","REPAIR BROKEN MAIN"
"2925743","12/25/2019","10:00","PM","12/26/2019","00:00",,"212","REPAIR BROKEN MAIN"
"2925551","12/24/2019","12:00","AM","12/26/2019","00:00",,"212","REPAIR BROKEN MAIN"
"2925554","12/24/2019","03:10","AM","12/24/2019","00:00",,"212","REPAIR BROKEN MAIN"
"2925556","12/24/2019","06:30","AM","12/24/2019","00:00",,"212","REPAIR BROKEN MAIN"
"2925573","12/24/2019","09:20","AM","12/24/2019","00:00",,"212","REPAIR BROKEN MAIN"
"2925579","12/24/2019","09:56","AM","12/24/2019","00:00",,"212","REPAIR BROKEN MAIN"
"2925597","12/24/2019","11:27","AM","12/26/2019","00:00",,"212","REPAIR BROKEN MAIN"
"2925606","12/24/2019","12:08","PM","12/26/2019","00:00",,"212","REPAIR BROKEN MAIN"
"2925610","12/24/2019","12:14","PM","12/24/2019","00:00",,"212","REPAIR BROKEN MAIN"
"2925640","12/24/2019","02:59","PM","12/26/2019","00:00",,"212","REPAIR BROKEN MAIN"
"2925655","12/24/2019","04:35","PM","12/24/2019","00:00",,"212","REPAIR BROKEN MAIN"
"2925657","12/24/2019","04:51","PM","12/24/2019","00:00",,"212","REPAIR BROKEN MAIN"
"2925658","12/24/2019","04:57","PM","12/27/2019","00:00",,"212","REPAIR BROKEN MAIN"
"2925664","12/24/2019","06:22","PM","12/24/2019","00:00",,"212","REPAIR BROKEN MAIN"
"2925675","12/24/2019","07:51","PM","12/27/2019","00:00",,"212","REPAIR BROKEN MAIN"
"2925690","12/24/2019","10:26","PM","12/26/2019","00:00",,"212","REPAIR BROKEN MAIN"
"2925312","12/23/2019","01:22","AM","12/23/2019","00:00",,"212","REPAIR BROKEN MAIN"
"2925313","12/23/2019","01:38","AM","12/23/2019","00:00",,"212","REPAIR BROKEN MAIN"
"2925319","12/23/2019","05:59","AM","12/23/2019","00:00",,"212","REPAIR BROKEN MAIN"
"2925373","12/23/2019","08:17","AM","12/23/2019","00:00",,"212","REPAIR BROKEN MAIN"
"2925374","12/23/2019","08:20","AM","12/27/2019","00:00",,"212","REPAIR BROKEN MAIN"
"2925375","12/23/2019","08:22","AM","12/23/2019","00:00",,"212","REPAIR BROKEN MAIN"
"2925386","12/23/2019","08:55","AM","12/24/2019","00:00",,"212","REPAIR BROKEN MAIN"
"2925395","12/23/2019","09:15","AM","12/23/2019","00:00",,"212","REPAIR BROKEN MAIN"
"2925396","12/23/2019","09:20","AM","12/23/2019","00:00",,"212","REPAIR BROKEN MAIN"
"2925397","12/23/2019","09:24","AM","12/24/2019","00:00",,"212","REPAIR BROKEN MAIN"
"2925419","12/23/2019","10:36","AM","12/23/2019","00:00",,"212","REPAIR BROKEN MAIN"
"2925440","12/23/2019","11:21","AM","12/24/2019","00:00",,"212","REPAIR BROKEN MAIN"
"2925462","12/23/2019","12:46","PM","12/23/2019","00:00",,"212","REPAIR BROKEN MAIN"
"2925478","12/23/2019","02:09","PM","12/23/2019","00:00",,"212","REPAIR BROKEN MAIN"
"2925482","12/23/2019","02:32","PM","12/24/2019","00:00",,"212","REPAIR BROKEN MAIN"
"2925513","12/23/2019","05:38","PM","12/25/2019","00:00",,"212","REPAIR BROKEN MAIN"
"2925516","12/23/2019","05:42","PM","12/24/2019","00:00",,"212","REPAIR BROKEN MAIN"
"2925524","12/23/2019","05:59","PM","12/24/2019","00:00",,"212","REPAIR BROKEN MAIN"
"2925538","12/23/2019","06:55","PM","12/24/2019","00:00",,"212","REPAIR BROKEN MAIN"
"2925541","12/23/2019","08:49","PM","12/24/2019","00:00",,"212","REPAIR BROKEN MAIN"
"2925542","12/23/2019","08:51","PM","12/24/2019","00:00",,"212","REPAIR BROKEN MAIN"
"2925218","12/22/2019","04:35","AM","12/23/2019","00:00",,"212","REPAIR BROKEN MAIN"
"2925222","12/22/2019","07:05","AM","12/22/2019","00:00",,"212","REPAIR BROKEN MAIN"
"2925228","12/22/2019","08:21","AM","12/22/2019","00:00",,"212","REPAIR BROKEN MAIN"
"2925230","12/22/2019","09:14","AM","12/23/2019","00:00",,"212","REPAIR BROKEN MAIN"
"2925232","12/22/2019","09:16","AM","12/22/2019","00:00",,"212","REPAIR BROKEN MAIN"
"2925234","12/22/2019","09:26","AM","12/23/2019","00:00",,"212","REPAIR BROKEN MAIN"
"2925241","12/22/2019","10:11","AM","12/22/2019","00:00",,"212","REPAIR BROKEN MAIN"
"2925250","12/22/2019","11:13","AM","12/23/2019","00:00",,"212","REPAIR BROKEN MAIN"
"2925252","12/22/2019","11:21","AM","12/23/2019","00:00",,"212","REPAIR BROKEN MAIN"
"2925256","12/22/2019","11:43","AM","12/23/2019","00:00",,"212","REPAIR BROKEN MAIN"
"2925257","12/22/2019","11:59","AM","12/22/2019","00:00",,"212","REPAIR BROKEN MAIN"
"2925264","12/22/2019","12:57","PM","12/22/2019","00:00",,"212","REPAIR BROKEN MAIN"
"2925266","12/22/2019","01:07","PM","12/22/2019","00:00",,"212","REPAIR BROKEN MAIN"
"2925268","12/22/2019","01:26","PM","12/22/2019","00:00",,"212","REPAIR BROKEN MAIN"
"2925273","12/22/2019","02:18","PM","12/24/2019","00:00",,"212","REPAIR BROKEN MAIN"
"2925276","12/22/2019","03:26","PM","12/24/2019","00:00",,"212","REPAIR BROKEN MAIN"
"2925278","12/22/2019","03:33","PM","12/22/2019","00:00",,"212","REPAIR BROKEN MAIN"
"2925287","12/22/2019","04:22","PM","12/23/2019","00:00",,"212","REPAIR BROKEN MAIN"
"2925292","12/22/2019","05:15","PM","12/23/2019","00:00",,"212","REPAIR BROKEN MAIN"
"2925298","12/22/2019","06:54","PM","12/24/2019","00:00",,"212","REPAIR BROKEN MAIN"
"2925107","12/21/2019","12:54","AM","12/23/2019","00:00",,"212","REPAIR BROKEN MAIN"
"2925109","12/21/2019","01:34","AM","12/21/2019","00:00",,"212","REPAIR BROKEN MAIN"
"2925121","12/21/2019","08:41","AM","12/21/2019","00:00",,"212","REPAIR BROKEN MAIN"
"2925129","12/21/2019","09:28","AM","12/21/2019","00:00",,"212","REPAIR BROKEN MAIN"
"2925139","12/21/2019","10:43","AM","12/21/2019","00:00",,"212","REPAIR BROKEN MAIN"
"2925141","12/21/2019","11:08","AM","12/21/2019","00:00",,"212","REPAIR BROKEN MAIN"
"2925161","12/21/2019","01:41","PM","12/24/2019","00:00",,"212","REPAIR BROKEN MAIN"
"2925172","12/21/2019","03:02","PM","01/02/2020","00:00",,"212","REPAIR BROKEN MAIN"
"2925176","12/21/2019","03:54","PM","12/23/2019","00:00",,"212","REPAIR BROKEN MAIN"
"2925177","12/21/2019","03:58","PM","12/23/2019","00:00",,"212","REPAIR BROKEN MAIN"
"2925181","12/21/2019","04:22","PM","12/22/2019","00:00",,"212","REPAIR BROKEN MAIN"
"2925191","12/21/2019","07:05","PM","12/22/2019","00:00",,"212","REPAIR BROKEN MAIN"
"2925192","12/21/2019","07:08","PM","12/23/2019","00:00",,"212","REPAIR BROKEN MAIN"
"2925202","12/21/2019","08:30","PM","12/22/2019","00:00",,"212","REPAIR BROKEN MAIN"
"2925204","12/21/2019","08:38","PM","12/23/2019","00:00",,"212","REPAIR BROKEN MAIN"
"2925205","12/21/2019","08:38","PM","12/23/2019","00:00",,"212","REPAIR BROKEN MAIN"
"2925209","12/21/2019","09:32","PM","12/22/2019","00:00",,"212","REPAIR BROKEN MAIN"
"2925211","12/21/2019","09:41","PM","01/19/2020","00:00",,"212","REPAIR BROKEN MAIN"
"2924894","12/20/2019","01:15","AM","12/20/2019","00:00",,"212","REPAIR BROKEN MAIN"
"2924895","12/20/2019","01:29","AM","12/20/2019","00:00",,"212","REPAIR BROKEN MAIN"
"2924927","12/20/2019","07:58","AM","12/20/2019","00:00",,"212","REPAIR BROKEN MAIN"
"2924930","12/20/2019","08:05","AM","12/20/2019","00:00",,"212","REPAIR BROKEN MAIN"
"2924933","12/20/2019","08:11","AM","12/20/2019","00:00",,"212","REPAIR BROKEN MAIN"
"2924949","12/20/2019","09:02","AM","12/20/2019","00:00",,"212","REPAIR BROKEN MAIN"
"2924992","12/20/2019","11:51","AM","12/23/2019","00:00",,"212","REPAIR BROKEN MAIN"
"2925015","12/20/2019","01:25","PM","12/21/2019","00:00",,"212","REPAIR BROKEN MAIN"
"2925018","12/20/2019","01:40","PM","12/20/2019","00:00",,"212","REPAIR BROKEN MAIN"
"2925051","12/20/2019","02:51","PM","12/24/2019","00:00",,"212","REPAIR BROKEN MAIN"
"2925097","12/20/2019","08:49","PM","12/24/2019","00:00",,"212","REPAIR BROKEN MAIN"
"2924650","12/19/2019","12:50","AM","12/19/2019","00:00",,"212","REPAIR BROKEN MAIN"
"2924657","12/19/2019","06:36","AM","12/19/2019","00:00",,"212","REPAIR BROKEN MAIN"
"2924659","12/19/2019","06:46","AM","12/19/2019","00:00",,"212","REPAIR BROKEN MAIN"
"2924660","12/19/2019","06:49","AM","12/19/2019","00:00",,"212","REPAIR BROKEN MAIN"
"2924692","12/19/2019","08:41","AM","12/19/2019","00:00",,"212","REPAIR BROKEN MAIN"
"2924724","12/19/2019","10:16","AM","12/19/2019","00:00",,"212","REPAIR BROKEN MAIN"
"2924752","12/19/2019","11:33","AM","12/19/2019","00:00",,"212","REPAIR BROKEN MAIN"
"2924772","12/19/2019","12:54","PM","12/23/2019","00:00",,"212","REPAIR BROKEN MAIN"
"2924829","12/19/2019","06:05","PM","12/21/2019","00:00",,"212","REPAIR BROKEN MAIN"
"2924833","12/19/2019","06:23","PM","12/20/2019","00:00",,"212","REPAIR BROKEN MAIN"
"2924494","12/18/2019","08:23","AM","12/20/2019","00:00",,"212","REPAIR BROKEN MAIN"
"2924501","12/18/2019","08:54","AM","12/18/2019","00:00",,"212","REPAIR BROKEN MAIN"
"2924503","12/18/2019","08:58","AM","12/18/2019","00:00",,"212","REPAIR BROKEN MAIN"
"2924513","12/18/2019","09:56","AM","01/14/2020","00:00",,"212","REPAIR BROKEN MAIN"
"2924519","12/18/2019","10:24","AM","12/18/2019","00:00",,"212","REPAIR BROKEN MAIN"
"2924612","12/18/2019","05:09","PM","12/20/2019","00:00",,"212","REPAIR BROKEN MAIN"
"2924627","12/18/2019","07:08","PM","12/19/2019","00:00",,"212","REPAIR BROKEN MAIN"
"2924634","12/18/2019","07:44","PM","12/19/2019","00:00",,"212","REPAIR BROKEN MAIN"
"2924638","12/18/2019","08:21","PM","12/19/2019","00:00",,"212","REPAIR BROKEN MAIN"
"2924644","12/18/2019","10:09","PM","12/19/2019","00:00",,"212","REPAIR BROKEN MAIN"
"2924341","12/17/2019","08:45","AM","12/17/2019","00:00",,"212","REPAIR BROKEN MAIN"
"2924342","12/17/2019","09:02","AM","12/17/2019","00:00",,"212","REPAIR BROKEN MAIN"
"2924351","12/17/2019","09:52","AM","12/17/2019","00:00",,"212","REPAIR BROKEN MAIN"
"2924365","12/17/2019","10:37","AM","12/18/2019","00:00",,"212","REPAIR BROKEN MAIN"
"2924400","12/17/2019","01:25","PM","12/17/2019","00:00",,"212","REPAIR BROKEN MAIN"
"2924429","12/17/2019","04:25","PM","12/18/2019","00:00",,"212","REPAIR BROKEN MAIN"
"2924437","12/17/2019","05:15","PM","12/18/2019","00:00",,"212","REPAIR BROKEN MAIN"
"2924450","12/17/2019","07:09","PM","12/18/2019","00:00",,"212","REPAIR BROKEN MAIN"
"2924181","12/16/2019","01:03","AM","12/16/2019","00:00",,"212","REPAIR BROKEN MAIN"
"2924183","12/16/2019","04:43","AM","12/16/2019","00:00",,"212","REPAIR BROKEN MAIN"
"2924302","12/16/2019","06:31","PM","12/17/2019","00:00",,"212","REPAIR BROKEN MAIN"
"2924124","12/15/2019","01:29","AM","12/16/2019","00:00",,"212","REPAIR BROKEN MAIN"
"2924125","12/15/2019","01:53","AM","12/16/2019","00:00",,"212","REPAIR BROKEN MAIN"
"2924127","12/15/2019","06:31","AM","12/17/2019","00:00",,"212","REPAIR BROKEN MAIN"
"2924140","12/15/2019","10:16","AM","12/16/2019","00:00",,"212","REPAIR BROKEN MAIN"
"2924148","12/15/2019","11:55","AM","12/15/2019","00:00",,"212","REPAIR BROKEN MAIN"
"2924150","12/15/2019","12:13","PM","12/17/2019","00:00",,"212","REPAIR BROKEN MAIN"
"2924152","12/15/2019","12:55","PM","12/15/2019","00:00",,"212","REPAIR BROKEN MAIN"
"2924155","12/15/2019","01:14","PM","12/16/2019","00:00",,"212","REPAIR BROKEN MAIN"
"2924160","12/15/2019","01:55","PM","12/17/2019","00:00",,"212","REPAIR BROKEN MAIN"
"2924168","12/15/2019","04:23","PM","12/17/2019","00:00",,"212","REPAIR BROKEN MAIN"
"2924170","12/15/2019","04:49","PM","12/17/2019","00:00",,"212","REPAIR BROKEN MAIN"
"2924175","12/15/2019","08:30","PM","12/16/2019","00:00",,"212","REPAIR BROKEN MAIN"
"2924176","12/15/2019","09:56","PM","12/16/2019","00:00",,"212","REPAIR BROKEN MAIN"
"2924079","12/14/2019","09:09","AM","12/16/2019","00:00",,"212","REPAIR BROKEN MAIN"
"2924092","12/14/2019","12:34","PM","12/15/2019","00:00",,"212","REPAIR BROKEN MAIN"
"2924098","12/14/2019","01:59","PM","12/16/2019","00:00",,"212","REPAIR BROKEN MAIN"
"2924101","12/14/2019","03:00","PM","12/14/2019","00:00",,"212","REPAIR BROKEN MAIN"
"2924008","12/13/2019","10:34","AM","12/13/2019","00:00",,"212","REPAIR BROKEN MAIN"
"2924070","12/13/2019","07:23","PM","12/15/2019","00:00",,"212","REPAIR BROKEN MAIN"
"2923776","12/12/2019","01:45","AM","12/12/2019","00:00",,"212","REPAIR BROKEN MAIN"
"2923802","12/12/2019","08:38","AM","12/12/2019","00:00",,"212","REPAIR BROKEN MAIN"
"2923815","12/12/2019","10:20","AM","12/12/2019","00:00",,"212","REPAIR BROKEN MAIN"
"2923821","12/12/2019","10:41","AM","12/27/2019","00:00",,"212","REPAIR BROKEN MAIN"
"2923842","12/12/2019","12:27","PM","12/13/2019","00:00",,"212","REPAIR BROKEN MAIN"
"2923860","12/12/2019","01:36","PM","12/13/2019","00:00",,"212","REPAIR BROKEN MAIN"
"2923889","12/12/2019","03:00","PM","12/13/2019","00:00",,"212","REPAIR BROKEN MAIN"
"2923897","12/12/2019","03:22","PM","12/12/2019","00:00",,"212","REPAIR BROKEN MAIN"
"2923585","12/11/2019","08:17","AM","12/11/2019","00:00",,"212","REPAIR BROKEN MAIN"
"2923592","12/11/2019","08:55","AM","12/12/2019","00:00",,"212","REPAIR BROKEN MAIN"
"2923593","12/11/2019","08:59","AM","12/11/2019","00:00",,"212","REPAIR BROKEN MAIN"
"2923597","12/11/2019","09:12","AM","12/11/2019","00:00",,"212","REPAIR BROKEN MAIN"
"2923600","12/11/2019","09:20","AM","12/11/2019","00:00",,"212","REPAIR BROKEN MAIN"
"2923614","12/11/2019","09:55","AM","12/11/2019","00:00",,"212","REPAIR BROKEN MAIN"
"2923620","12/11/2019","10:01","AM","12/11/2019","00:00",,"212","REPAIR BROKEN MAIN"
"2923635","12/11/2019","10:30","AM","12/11/2019","00:00",,"212","REPAIR BROKEN MAIN"
"2923638","12/11/2019","10:41","AM","12/11/2019","00:00",,"212","REPAIR BROKEN MAIN"
"2923736","12/11/2019","04:17","PM","12/11/2019","00:00",,"212","REPAIR BROKEN MAIN"
"2923747","12/11/2019","05:34","PM","12/12/2019","00:00",,"212","REPAIR BROKEN MAIN"
"2923763","12/11/2019","08:51","PM","12/11/2019","00:00",,"212","REPAIR BROKEN MAIN"
"2923428","12/10/2019","07:31","AM","12/10/2019","00:00",,"212","REPAIR BROKEN MAIN"
"2923441","12/10/2019","08:47","AM","12/10/2019","00:00",,"212","REPAIR BROKEN MAIN"
"2923442","12/10/2019","08:47","AM","12/10/2019","00:00",,"212","REPAIR BROKEN MAIN"
"2923446","12/10/2019","08:57","AM","12/11/2019","00:00",,"212","REPAIR BROKEN MAIN"
"2923501","12/10/2019","12:35","PM","12/10/2019","00:00",,"212","REPAIR BROKEN MAIN"
"2923294","12/09/2019","08:34","AM","12/09/2019","00:00",,"212","REPAIR BROKEN MAIN"
"2923310","12/09/2019","09:21","AM","12/10/2019","00:00",,"212","REPAIR BROKEN MAIN"
"2923312","12/09/2019","09:23","AM","12/09/2019","00:00",,"212","REPAIR BROKEN MAIN"
"2923327","12/09/2019","11:05","AM","12/09/2019","00:00",,"212","REPAIR BROKEN MAIN"
"2923389","12/09/2019","06:16","PM","12/10/2019","00:00",,"212","REPAIR BROKEN MAIN"
"2923187","12/08/2019","04:13","AM","12/10/2019","00:00",,"212","REPAIR BROKEN MAIN"
"2923188","12/08/2019","04:46","AM","12/08/2019","00:00",,"212","REPAIR BROKEN MAIN"
"2923190","12/08/2019","04:58","AM","12/09/2019","00:00",,"212","REPAIR BROKEN MAIN"
"2923193","12/08/2019","05:44","AM","12/08/2019","00:00",,"212","REPAIR BROKEN MAIN"
"2923201","12/08/2019","08:08","AM","12/08/2019","00:00",,"212","REPAIR BROKEN MAIN"
"2923208","12/08/2019","08:52","AM","12/09/2019","00:00",,"212","REPAIR BROKEN MAIN"
"2923214","12/08/2019","09:48","AM","12/08/2019","00:00",,"212","REPAIR BROKEN MAIN"
"2923219","12/08/2019","10:39","AM","12/09/2019","00:00",,"212","REPAIR BROKEN MAIN"
"2923221","12/08/2019","10:53","AM","12/09/2019","00:00",,"212","REPAIR BROKEN MAIN"
"2923234","12/08/2019","01:31","PM","12/24/2019","00:00",,"212","REPAIR BROKEN MAIN"
"2923239","12/08/2019","02:52","PM","12/08/2019","00:00",,"212","REPAIR BROKEN MAIN"
"2923244","12/08/2019","03:40","PM","12/09/2019","00:00",,"212","REPAIR BROKEN MAIN"
"2923252","12/08/2019","06:20","PM","12/09/2019","00:00",,"212","REPAIR BROKEN MAIN"
"2923253","12/08/2019","06:23","PM","12/11/2019","00:00",,"212","REPAIR BROKEN MAIN"
"2923132","12/07/2019","08:22","AM","12/07/2019","00:00",,"212","REPAIR BROKEN MAIN"
"2923134","12/07/2019","08:40","AM","12/07/2019","00:00",,"212","REPAIR BROKEN MAIN"
"2923135","12/07/2019","08:45","AM","12/07/2019","00:00",,"212","REPAIR BROKEN MAIN"
"2923147","12/07/2019","10:38","AM","12/07/2019","00:00",,"212","REPAIR BROKEN MAIN"
"2923154","12/07/2019","11:47","AM","12/09/2019","00:00",,"212","REPAIR BROKEN MAIN"
"2923160","12/07/2019","09:54","PM","12/08/2019","00:00",,"212","REPAIR BROKEN MAIN"
"2923163","12/07/2019","10:30","PM","12/12/2019","00:00",,"212","REPAIR BROKEN MAIN"
"2923175","12/07/2019","11:25","PM","12/08/2019","00:00",,"212","REPAIR BROKEN MAIN"
"2923176","12/07/2019","11:29","PM","12/09/2019","00:00",,"212","REPAIR BROKEN MAIN"
"2923178","12/07/2019","11:32","PM","12/09/2019","00:00",,"212","REPAIR BROKEN MAIN"
"2923179","12/07/2019","11:34","PM","12/10/2019","00:00",,"212","REPAIR BROKEN MAIN"
"2923183","12/07/2019","11:48","PM","12/08/2019","00:00",,"212","REPAIR BROKEN MAIN"
"2923207","12/07/2019","11:15","PM","12/08/2019","00:00",,"212","REPAIR BROKEN MAIN"
"2922987","12/06/2019","07:35","AM","12/06/2019","00:00",,"212","REPAIR BROKEN MAIN"
"2923000","12/06/2019","08:08","AM","12/06/2019","00:00",,"212","REPAIR BROKEN MAIN"
"2923010","12/06/2019","09:17","AM","12/06/2019","00:00",,"212","REPAIR BROKEN MAIN"
"2923053","12/06/2019","12:11","PM","12/10/2019","00:00",,"212","REPAIR BROKEN MAIN"
"2923054","12/06/2019","12:22","PM","12/07/2019","00:00",,"212","REPAIR BROKEN MAIN"
"2923059","12/06/2019","12:42","PM","12/06/2019","00:00",,"212","REPAIR BROKEN MAIN"
"2923060","12/06/2019","12:43","PM","12/06/2019","00:00",,"212","REPAIR BROKEN MAIN"
"2923101","12/06/2019","04:03","PM","12/06/2019","00:00",,"212","REPAIR BROKEN MAIN"
"2923123","12/06/2019","10:01","PM","12/07/2019","00:00",,"212","REPAIR BROKEN MAIN"
"2923125","12/06/2019","11:23","PM","12/07/2019","00:00",,"212","REPAIR BROKEN MAIN"
"2922752","12/05/2019","06:45","AM","12/05/2019","00:00",,"212","REPAIR BROKEN MAIN"
"2922775","12/05/2019","08:40","AM","12/05/2019","00:00",,"212","REPAIR BROKEN MAIN"
"2922803","12/05/2019","10:58","AM","12/05/2019","00:00",,"212","REPAIR BROKEN MAIN"
"2922868","12/05/2019","02:11","PM","12/06/2019","00:00",,"212","REPAIR BROKEN MAIN"
"2922877","12/05/2019","02:39","PM","12/06/2019","00:00",,"212","REPAIR BROKEN MAIN"
"2922896","12/05/2019","03:55","PM","12/05/2019","00:00",,"212","REPAIR BROKEN MAIN"
"2922926","12/05/2019","09:13","PM","12/06/2019","00:00",,"212","REPAIR BROKEN MAIN"
"2922934","12/05/2019","10:40","PM","12/06/2019","00:00",,"212","REPAIR BROKEN MAIN"
"2922597","12/04/2019","08:04","AM","12/04/2019","00:00",,"212","REPAIR BROKEN MAIN"
"2922604","12/04/2019","09:14","AM","12/06/2019","00:00",,"212","REPAIR BROKEN MAIN"
"2922640","12/04/2019","11:49","AM","12/04/2019","00:00",,"212","REPAIR BROKEN MAIN"
"2922652","12/04/2019","12:28","PM","12/05/2019","00:00",,"212","REPAIR BROKEN MAIN"
"2922686","12/04/2019","02:59","PM","12/04/2019","00:00",,"212","REPAIR BROKEN MAIN"
"2922731","12/04/2019","07:39","PM","12/05/2019","00:00",,"212","REPAIR BROKEN MAIN"
"2922743","12/04/2019","09:54","PM","12/06/2019","00:00",,"212","REPAIR BROKEN MAIN"
"2921888","12/03/2019","01:11","AM","12/03/2019","00:00",,"212","REPAIR BROKEN MAIN"
"2921929","12/03/2019","07:06","AM","12/03/2019","00:00",,"212","REPAIR BROKEN MAIN"
"2921951","12/03/2019","08:04","AM","12/03/2019","00:00",,"212","REPAIR BROKEN MAIN"
"2921964","12/03/2019","08:21","AM","12/04/2019","00:00",,"212","REPAIR BROKEN MAIN"
"2922033","12/03/2019","11:26","AM","12/27/2019","00:00",,"212","REPAIR BROKEN MAIN"
"2922058","12/03/2019","12:57","PM","12/03/2019","00:00",,"212","REPAIR BROKEN MAIN"
"2922110","12/03/2019","04:47","PM","12/04/2019","00:00",,"212","REPAIR BROKEN MAIN"
"2920910","12/02/2019","08:13","AM","12/02/2019","00:00",,"212","REPAIR BROKEN MAIN"
"2920925","12/02/2019","09:08","AM","12/02/2019","00:00",,"212","REPAIR BROKEN MAIN"
"2921004","12/02/2019","01:37","PM","12/02/2019","00:00",,"212","REPAIR BROKEN MAIN"
"2921012","12/02/2019","02:11","PM","12/03/2019","00:00",,"212","REPAIR BROKEN MAIN"
"2921031","12/02/2019","03:20","PM","12/03/2019","00:00",,"212","REPAIR BROKEN MAIN"
"2921883","12/02/2019","10:18","PM","12/04/2019","00:00",,"212","REPAIR BROKEN MAIN"
"2921884","12/02/2019","10:59","PM","12/03/2019","00:00",,"212","REPAIR BROKEN MAIN"
"2920864","12/01/2019","09:02","AM","12/02/2019","00:00",,"212","REPAIR BROKEN MAIN"
"2920788","11/30/2019","05:45","AM","11/30/2019","00:00",,"212","REPAIR BROKEN MAIN"
"2920789","11/30/2019","05:46","AM","12/01/2019","00:00",,"212","REPAIR BROKEN MAIN"
"2920811","11/30/2019","11:27","AM","11/30/2019","00:00",,"212","REPAIR BROKEN MAIN"
"2920820","11/30/2019","01:43","PM","12/01/2019","00:00",,"212","REPAIR BROKEN MAIN"
"2920854","11/30/2019","09:42","PM","12/02/2019","00:00",,"212","REPAIR BROKEN MAIN"
"2920713","11/29/2019","08:46","AM","12/03/2019","00:00",,"212","REPAIR BROKEN MAIN"
"2920718","11/29/2019","09:18","AM","12/02/2019","00:00",,"212","REPAIR BROKEN MAIN"
"2920726","11/29/2019","10:01","AM","12/05/2019","00:00",,"212","REPAIR BROKEN MAIN"
"2920738","11/29/2019","12:25","PM","11/29/2019","00:00",,"212","REPAIR BROKEN MAIN"
"2920770","11/29/2019","07:50","PM","11/30/2019","00:00",,"212","REPAIR BROKEN MAIN"
"2920775","11/29/2019","10:47","PM","12/05/2019","00:00",,"212","REPAIR BROKEN MAIN"
"2920672","11/28/2019","09:54","PM","11/29/2019","00:00",,"212","REPAIR BROKEN MAIN"
"2920509","11/27/2019","08:24","AM","11/27/2019","00:00",,"212","REPAIR BROKEN MAIN"
"2920571","11/27/2019","11:25","AM","12/04/2019","00:00",,"212","REPAIR BROKEN MAIN"
"2920627","11/27/2019","07:16","PM","11/27/2019","00:00",,"212","REPAIR BROKEN MAIN"
"2920312","11/26/2019","10:19","AM","11/27/2019","00:00",,"212","REPAIR BROKEN MAIN"
"2920359","11/26/2019","12:49","PM","11/26/2019","00:00",,"212","REPAIR BROKEN MAIN"
"2920423","11/26/2019","02:57","PM","12/04/2019","00:00",,"212","REPAIR BROKEN MAIN"
"2920442","11/26/2019","04:15","PM","11/26/2019","00:00",,"212","REPAIR BROKEN MAIN"
"2920446","11/26/2019","04:48","PM","11/27/2019","00:00",,"212","REPAIR BROKEN MAIN"
"2916485","11/25/2019","12:25","AM","11/25/2019","00:00",,"212","REPAIR BROKEN MAIN"
"2916512","11/25/2019","08:20","AM","11/25/2019","00:00",,"212","REPAIR BROKEN MAIN"
"2916524","11/25/2019","09:05","AM","11/25/2019","00:00",,"212","REPAIR BROKEN MAIN"
"2916529","11/25/2019","09:22","AM","11/25/2019","00:00",,"212","REPAIR BROKEN MAIN"
"2916668","11/25/2019","04:44","PM","11/26/2019","00:00",,"212","REPAIR BROKEN MAIN"
"2916675","11/25/2019","06:04","PM","11/26/2019","00:00",,"212","REPAIR BROKEN MAIN"
"2920238","11/25/2019","11:21","PM","11/26/2019","00:00",,"212","REPAIR BROKEN MAIN"
"2916460","11/24/2019","12:51","PM","11/24/2019","00:00",,"212","REPAIR BROKEN MAIN"
"2916480","11/24/2019","07:07","PM","11/25/2019","00:00",,"212","REPAIR BROKEN MAIN"
"2916390","11/23/2019","10:00","AM","11/23/2019","00:00",,"212","REPAIR BROKEN MAIN"
"2916391","11/23/2019","10:05","AM","11/23/2019","00:00",,"212","REPAIR BROKEN MAIN"
"2916392","11/23/2019","10:14","AM","11/23/2019","00:00",,"212","REPAIR BROKEN MAIN"
"2916419","11/23/2019","02:58","PM","11/25/2019","00:00",,"212","REPAIR BROKEN MAIN"
"2916238","11/22/2019","09:25","AM","11/22/2019","00:00",,"212","REPAIR BROKEN MAIN"
"2916240","11/22/2019","09:30","AM","11/22/2019","00:00",,"212","REPAIR BROKEN MAIN"
"2916261","11/22/2019","10:15","AM","11/25/2019","00:00",,"212","REPAIR BROKEN MAIN"
"2916284","11/22/2019","11:51","AM","11/23/2019","00:00",,"212","REPAIR BROKEN MAIN"
"2916358","11/22/2019","07:27","PM","11/23/2019","00:00",,"212","REPAIR BROKEN MAIN"
"2916363","11/22/2019","08:56","PM","11/23/2019","00:00",,"212","REPAIR BROKEN MAIN"
"2915954","11/21/2019","02:55","AM","11/21/2019","00:00",,"212","REPAIR BROKEN MAIN"
"2915959","11/21/2019","06:20","AM","11/21/2019","00:00",,"212","REPAIR BROKEN MAIN"
"2915979","11/21/2019","07:49","AM","11/21/2019","00:00",,"212","REPAIR BROKEN MAIN"
"2915995","11/21/2019","08:27","AM","11/21/2019","00:00",,"212","REPAIR BROKEN MAIN"
"2916019","11/21/2019","10:00","AM","11/21/2019","00:00",,"212","REPAIR BROKEN MAIN"
"2916020","11/21/2019","10:00","AM","11/21/2019","00:00",,"212","REPAIR BROKEN MAIN"
"2916021","11/21/2019","10:07","AM","11/21/2019","00:00",,"212","REPAIR BROKEN MAIN"
"2916023","11/21/2019","10:20","AM","11/21/2019","00:00",,"212","REPAIR BROKEN MAIN"
"2916029","11/21/2019","11:14","AM","11/21/2019","00:00",,"212","REPAIR BROKEN MAIN"
"2916063","11/21/2019","01:16","PM","11/21/2019","00:00",,"212","REPAIR BROKEN MAIN"
"2916141","11/21/2019","06:10","PM","11/23/2019","00:00",,"212","REPAIR BROKEN MAIN"
"2916156","11/21/2019","09:10","PM","11/21/2019","00:00",,"212","REPAIR BROKEN MAIN"
"2915473","11/20/2019","01:08","AM","11/20/2019","00:00",,"212","REPAIR BROKEN MAIN"
"2915501","11/20/2019","08:09","AM","11/22/2019","00:00",,"212","REPAIR BROKEN MAIN"
"2915516","11/20/2019","08:38","AM","11/20/2019","00:00",,"212","REPAIR BROKEN MAIN"
"2915518","11/20/2019","08:44","AM","11/20/2019","00:00",,"212","REPAIR BROKEN MAIN"
"2915528","11/20/2019","09:36","AM","11/20/2019","00:00",,"212","REPAIR BROKEN MAIN"
"2915530","11/20/2019","09:40","AM","11/21/2019","00:00",,"212","REPAIR BROKEN MAIN"
"2915627","11/20/2019","04:12","PM","11/21/2019","00:00",,"212","REPAIR BROKEN MAIN"
"2915651","11/20/2019","04:59","PM","11/21/2019","00:00",,"212","REPAIR BROKEN MAIN"
"2915944","11/20/2019","08:15","PM","11/21/2019","00:00",,"212","REPAIR BROKEN MAIN"
"2915256","11/19/2019","08:16","AM","11/19/2019","00:00",,"212","REPAIR BROKEN MAIN"
"2915295","11/19/2019","10:33","AM","11/20/2019","00:00",,"212","REPAIR BROKEN MAIN"
"2915296","11/19/2019","10:37","AM","11/19/2019","00:00",,"212","REPAIR BROKEN MAIN"
"2915315","11/19/2019","11:44","AM","11/19/2019","00:00",,"212","REPAIR BROKEN MAIN"
"2915321","11/19/2019","11:54","AM","11/19/2019","00:00",,"212","REPAIR BROKEN MAIN"
"2915339","11/19/2019","01:11","PM","11/19/2019","00:00",,"212","REPAIR BROKEN MAIN"
"2915350","11/19/2019","01:35","PM","11/19/2019","00:00",,"212","REPAIR BROKEN MAIN"
"2915373","11/19/2019","02:44","PM","11/19/2019","00:00",,"212","REPAIR BROKEN MAIN"
"2915379","11/19/2019","02:58","PM","11/19/2019","00:00",,"212","REPAIR BROKEN MAIN"
"2915421","11/19/2019","05:00","PM","11/19/2019","00:00",,"212","REPAIR BROKEN MAIN"
"2915430","11/19/2019","05:47","PM","11/20/2019","00:00",,"212","REPAIR BROKEN MAIN"
"2915442","11/19/2019","07:29","PM","11/19/2019","00:00",,"212","REPAIR BROKEN MAIN"
"2915445","11/19/2019","07:50","PM","11/20/2019","00:00",,"212","REPAIR BROKEN MAIN"
"2915453","11/19/2019","08:55","PM","11/20/2019","00:00",,"212","REPAIR BROKEN MAIN"
"2915001","11/18/2019","07:33","AM","11/18/2019","00:00",,"212","REPAIR BROKEN MAIN"
"2915027","11/18/2019","09:16","AM","11/24/2019","00:00",,"212","REPAIR BROKEN MAIN"
"2915036","11/18/2019","09:54","AM","11/18/2019","00:00",,"212","REPAIR BROKEN MAIN"
"2915044","11/18/2019","10:08","AM","11/18/2019","00:00",,"212","REPAIR BROKEN MAIN"
"2915052","11/18/2019","09:50","AM","11/19/2019","00:00",,"212","REPAIR BROKEN MAIN"
"2915102","11/18/2019","01:12","PM","11/19/2019","00:00",,"212","REPAIR BROKEN MAIN"
"2915194","11/18/2019","06:31","PM","11/19/2019","00:00",,"212","REPAIR BROKEN MAIN"
"2915208","11/18/2019","07:31","PM","11/19/2019","00:00",,"212","REPAIR BROKEN MAIN"
"2914911","11/17/2019","12:42","AM","11/18/2019","00:00",,"212","REPAIR BROKEN MAIN"
"2914922","11/17/2019","09:14","AM","11/18/2019","00:00",,"212","REPAIR BROKEN MAIN"
"2914942","11/17/2019","12:27","PM","11/17/2019","00:00",,"212","REPAIR BROKEN MAIN"
"2914943","11/17/2019","12:40","PM","11/18/2019","00:00",,"212","REPAIR BROKEN MAIN"
"2914948","11/17/2019","02:01","PM","11/19/2019","00:00",,"212","REPAIR BROKEN MAIN"
"2914955","11/17/2019","04:00","PM","11/19/2019","00:00",,"212","REPAIR BROKEN MAIN"
"2914969","11/17/2019","10:36","PM","11/19/2019","00:00",,"212","REPAIR BROKEN MAIN"
"2914808","11/16/2019","12:20","AM","12/04/2019","00:00",,"212","REPAIR BROKEN MAIN"
"2914809","11/16/2019","12:13","AM","11/19/2019","00:00",,"212","REPAIR BROKEN MAIN"
"2914811","11/16/2019","06:56","AM","11/16/2019","00:00",,"212","REPAIR BROKEN MAIN"
"2914837","11/16/2019","10:43","AM","11/16/2019","00:00",,"212","REPAIR BROKEN MAIN"
"2914842","11/16/2019","10:55","AM","11/18/2019","00:00",,"212","REPAIR BROKEN MAIN"
"2914854","11/16/2019","11:53","AM","11/16/2019","00:00",,"212","REPAIR BROKEN MAIN"
"2914882","11/16/2019","04:29","PM","11/18/2019","00:00",,"212","REPAIR BROKEN MAIN"
"2914888","11/16/2019","05:32","PM","11/17/2019","00:00",,"212","REPAIR BROKEN MAIN"
"2914902","11/16/2019","08:35","PM","11/18/2019","00:00",,"212","REPAIR BROKEN MAIN"
"2914608","11/15/2019","03:00","AM","11/15/2019","00:00",,"212","REPAIR BROKEN MAIN"
"2914609","11/15/2019","03:05","AM","11/15/2019","00:00",,"212","REPAIR BROKEN MAIN"
"2914638","11/15/2019","08:11","AM","11/17/2019","00:00",,"212","REPAIR BROKEN MAIN"
"2914640","11/15/2019","08:17","AM","11/18/2019","00:00",,"212","REPAIR BROKEN MAIN"
"2914645","11/15/2019","08:31","AM","11/15/2019","00:00",,"212","REPAIR BROKEN MAIN"
"2914656","11/15/2019","09:06","AM","11/15/2019","00:00",,"212","REPAIR BROKEN MAIN"
"2914660","11/15/2019","09:29","AM","11/15/2019","00:00",,"212","REPAIR BROKEN MAIN"
"2914741","11/15/2019","02:44","PM","11/15/2019","00:00",,"212","REPAIR BROKEN MAIN"
"2914797","11/15/2019","09:11","PM","11/17/2019","00:00",,"212","REPAIR BROKEN MAIN"
"2914798","11/15/2019","09:20","PM","11/16/2019","00:00",,"212","REPAIR BROKEN MAIN"
"2914311","11/14/2019","02:48","AM","11/14/2019","00:00",,"212","REPAIR BROKEN MAIN"
"2914321","11/14/2019","05:50","AM","11/15/2019","00:00",,"212","REPAIR BROKEN MAIN"
"2914323","11/14/2019","06:05","AM","11/14/2019","00:00",,"212","REPAIR BROKEN MAIN"
"2914328","11/14/2019","06:46","AM","11/14/2019","00:00",,"212","REPAIR BROKEN MAIN"
"2914349","11/14/2019","08:02","AM","11/14/2019","00:00",,"212","REPAIR BROKEN MAIN"
"2914376","11/14/2019","09:10","AM","11/14/2019","00:00",,"212","REPAIR BROKEN MAIN"
"2914392","11/14/2019","10:02","AM","11/21/2019","00:00",,"212","REPAIR BROKEN MAIN"
"2914463","11/14/2019","01:27","PM","11/14/2019","00:00",,"212","REPAIR BROKEN MAIN"
"2914471","11/14/2019","01:48","PM","11/14/2019","00:00",,"212","REPAIR BROKEN MAIN"
"2914481","11/14/2019","02:23","PM","11/14/2019","00:00",,"212","REPAIR BROKEN MAIN"
"2914483","11/14/2019","02:28","PM","11/14/2019","00:00",,"212","REPAIR BROKEN MAIN"
"2914506","11/14/2019","03:40","PM","11/15/2019","00:00",,"212","REPAIR BROKEN MAIN"
"2914544","11/14/2019","07:37","PM","11/15/2019","00:00",,"212","REPAIR BROKEN MAIN"
"2914548","11/14/2019","08:06","PM","11/15/2019","00:00",,"212","REPAIR BROKEN MAIN"
"2914555","11/14/2019","09:02","PM","11/15/2019","00:00",,"212","REPAIR BROKEN MAIN"
"2914557","11/14/2019","09:07","PM","11/15/2019","00:00",,"212","REPAIR BROKEN MAIN"
"2914132","11/13/2019","08:19","AM","11/13/2019","00:00",,"212","REPAIR BROKEN MAIN"
"2914141","11/13/2019","08:32","AM","11/13/2019","00:00",,"212","REPAIR BROKEN MAIN"
"2914199","11/13/2019","11:57","AM","11/13/2019","00:00",,"212","REPAIR BROKEN MAIN"
"2914219","11/13/2019","01:25","PM","11/14/2019","00:00",,"212","REPAIR BROKEN MAIN"
"2914262","11/13/2019","04:19","PM","11/15/2019","00:00",,"212","REPAIR BROKEN MAIN"
"2914270","11/13/2019","04:53","PM","11/14/2019","00:00",,"212","REPAIR BROKEN MAIN"
"2914296","11/13/2019","08:55","PM","11/14/2019","00:00",,"212","REPAIR BROKEN MAIN"
"2914304","11/13/2019","08:00","PM","11/14/2019","00:00",,"212","REPAIR BROKEN MAIN"
"2913876","11/12/2019","08:26","AM","11/13/2019","00:00",,"212","REPAIR BROKEN MAIN"
"2913883","11/12/2019","08:38","AM","11/12/2019","00:00",,"212","REPAIR BROKEN MAIN"
"2913894","11/12/2019","09:30","AM","11/12/2019","00:00",,"212","REPAIR BROKEN MAIN"
"2913914","11/12/2019","10:24","AM","11/12/2019","00:00",,"212","REPAIR BROKEN MAIN"
"2913923","11/12/2019","10:43","AM","11/13/2019","00:00",,"212","REPAIR BROKEN MAIN"
"2913936","11/12/2019","11:25","AM","11/12/2019","00:00",,"212","REPAIR BROKEN MAIN"
"2913938","11/12/2019","11:26","AM","11/13/2019","00:00",,"212","REPAIR BROKEN MAIN"
"2913981","11/12/2019","01:42","PM","11/21/2019","00:00",,"212","REPAIR BROKEN MAIN"
"2914040","11/12/2019","04:56","PM","11/13/2019","00:00",,"212","REPAIR BROKEN MAIN"
"2913688","11/11/2019","12:43","AM","11/12/2019","00:00",,"212","REPAIR BROKEN MAIN"
"2913689","11/11/2019","12:49","AM","11/12/2019","00:00",,"212","REPAIR BROKEN MAIN"
"2913694","11/11/2019","04:32","AM","11/12/2019","00:00",,"212","REPAIR BROKEN MAIN"
"2913700","11/11/2019","07:05","AM","11/11/2019","00:00",,"212","REPAIR BROKEN MAIN"
"2913711","11/11/2019","08:34","AM","11/11/2019","00:00",,"212","REPAIR BROKEN MAIN"
"2913714","11/11/2019","09:00","AM","11/11/2019","00:00",,"212","REPAIR BROKEN MAIN"
"2913731","11/11/2019","10:07","AM","11/12/2019","00:00",,"212","REPAIR BROKEN MAIN"
"2913733","11/11/2019","10:28","AM","11/11/2019","00:00",,"212","REPAIR BROKEN MAIN"
"2913735","11/11/2019","10:32","AM","11/12/2019","00:00",,"212","REPAIR BROKEN MAIN"
"2913738","11/11/2019","10:43","AM","11/12/2019","00:00",,"212","REPAIR BROKEN MAIN"
"2913740","11/11/2019","11:07","AM","11/12/2019","00:00",,"212","REPAIR BROKEN MAIN"
"2913744","11/11/2019","11:25","AM","11/14/2019","00:00",,"212","REPAIR BROKEN MAIN"
"2913756","11/11/2019","12:25","PM","11/11/2019","00:00",,"212","REPAIR BROKEN MAIN"
"2913776","11/11/2019","02:06","PM","11/12/2019","00:00",,"212","REPAIR BROKEN MAIN"
"2913783","11/11/2019","02:50","PM","11/11/2019","00:00",,"212","REPAIR BROKEN MAIN"
"2913798","11/11/2019","04:45","PM","11/12/2019","00:00",,"212","REPAIR BROKEN MAIN"
"2913820","11/11/2019","08:04","PM","11/12/2019","00:00",,"212","REPAIR BROKEN MAIN"
"2913828","11/11/2019","10:04","PM","11/12/2019","00:00",,"212","REPAIR BROKEN MAIN"
"2913838","11/11/2019","10:42","PM","11/12/2019","00:00",,"212","REPAIR BROKEN MAIN"
"2913608","11/10/2019","02:38","AM","11/13/2019","00:00",,"212","REPAIR BROKEN MAIN"
"2913630","11/10/2019","10:48","AM","11/10/2019","00:00",,"212","REPAIR BROKEN MAIN"
"2913662","11/10/2019","04:16","PM","11/11/2019","00:00",,"212","REPAIR BROKEN MAIN"
"2913665","11/10/2019","04:32","PM","11/10/2019","00:00",,"212","REPAIR BROKEN MAIN"
"2913668","11/10/2019","05:15","PM","11/11/2019","00:00",,"212","REPAIR BROKEN MAIN"
"2913673","11/10/2019","08:41","PM","11/21/2019","00:00",,"212","REPAIR BROKEN MAIN"
"2913680","11/10/2019","09:51","PM","11/12/2019","00:00",,"212","REPAIR BROKEN MAIN"
"2913681","11/10/2019","09:56","PM","11/11/2019","00:00",,"212","REPAIR BROKEN MAIN"
"2913523","11/09/2019","07:44","AM","11/10/2019","00:00",,"212","REPAIR BROKEN MAIN"
"2913527","11/09/2019","08:54","AM","11/09/2019","00:00",,"212","REPAIR BROKEN MAIN"
"2913557","11/09/2019","02:35","PM","11/09/2019","00:00",,"212","REPAIR BROKEN MAIN"
"2913564","11/09/2019","04:14","PM","11/12/2019","00:00",,"212","REPAIR BROKEN MAIN"
"2913572","11/09/2019","05:24","PM","11/12/2019","00:00",,"212","REPAIR BROKEN MAIN"
"2913578","11/09/2019","06:09","PM","11/10/2019","00:00",,"212","REPAIR BROKEN MAIN"
"2913584","11/09/2019","07:24","PM","11/10/2019","00:00",,"212","REPAIR BROKEN MAIN"
"2913596","11/09/2019","09:56","PM","11/10/2019","00:00",,"212","REPAIR BROKEN MAIN"
"2913604","11/09/2019","11:41","PM","11/12/2019","00:00",,"212","REPAIR BROKEN MAIN"
"2913349","11/08/2019","12:50","AM","11/08/2019","00:00",,"212","REPAIR BROKEN MAIN"
"2913352","11/08/2019","04:24","AM","11/08/2019","00:00",,"212","REPAIR BROKEN MAIN"
"2913376","11/08/2019","08:10","AM","11/09/2019","00:00",,"212","REPAIR BROKEN MAIN"
"2913384","11/08/2019","08:36","AM","11/08/2019","00:00",,"212","REPAIR BROKEN MAIN"
"2913389","11/08/2019","08:59","AM","11/09/2019","00:00",,"212","REPAIR BROKEN MAIN"
"2913448","11/08/2019","01:16","PM","11/12/2019","00:00",,"212","REPAIR BROKEN MAIN"
"2913457","11/08/2019","01:57","PM","11/09/2019","00:00",,"212","REPAIR BROKEN MAIN"
"2913164","11/07/2019","09:29","AM","11/07/2019","00:00",,"212","REPAIR BROKEN MAIN"
"2913167","11/07/2019","09:36","AM","11/08/2019","00:00",,"212","REPAIR BROKEN MAIN"
"2913172","11/07/2019","10:01","AM","11/07/2019","00:00",,"212","REPAIR BROKEN MAIN"
"2913181","11/07/2019","10:32","AM","11/11/2019","00:00",,"212","REPAIR BROKEN MAIN"
"2913239","11/07/2019","01:41","PM","11/07/2019","00:00",,"212","REPAIR BROKEN MAIN"
"2913276","11/07/2019","04:15","PM","11/08/2019","00:00",,"212","REPAIR BROKEN MAIN"
"2912891","11/06/2019","06:45","AM","11/06/2019","00:00",,"212","REPAIR BROKEN MAIN"
"2912944","11/06/2019","09:40","AM","11/06/2019","00:00",,"212","REPAIR BROKEN MAIN"
"2912982","11/06/2019","11:13","AM","11/11/2019","00:00",,"212","REPAIR BROKEN MAIN"
"2912992","11/06/2019","11:20","AM","11/06/2019","00:00",,"212","REPAIR BROKEN MAIN"
"2912996","11/06/2019","11:52","AM","11/06/2019","00:00",,"212","REPAIR BROKEN MAIN"
"2913023","11/06/2019","02:14","PM","11/06/2019","00:00",,"212","REPAIR BROKEN MAIN"
"2913109","11/06/2019","09:10","PM","11/07/2019","00:00",,"212","REPAIR BROKEN MAIN"
"2913112","11/06/2019","09:51","PM","11/07/2019","00:00",,"212","REPAIR BROKEN MAIN"
"2912605","11/05/2019","07:33","AM","11/05/2019","00:00",,"212","REPAIR BROKEN MAIN"
"2912614","11/05/2019","07:55","AM","11/05/2019","00:00",,"212","REPAIR BROKEN MAIN"
"2912626","11/05/2019","08:24","AM","11/06/2019","00:00",,"212","REPAIR BROKEN MAIN"
"2912651","11/05/2019","09:37","AM","11/06/2019","00:00",,"212","REPAIR BROKEN MAIN"
"2912878","11/05/2019","08:49","PM","11/08/2019","00:00",,"212","REPAIR BROKEN MAIN"
"2912881","11/05/2019","09:03","PM","11/06/2019","00:00",,"212","REPAIR BROKEN MAIN"
"2912389","11/04/2019","05:07","AM","11/04/2019","00:00",,"212","REPAIR BROKEN MAIN"
"2912409","11/04/2019","08:05","AM","11/04/2019","00:00",,"212","REPAIR BROKEN MAIN"
"2912428","11/04/2019","09:35","AM","11/04/2019","00:00",,"212","REPAIR BROKEN MAIN"
"2912462","11/04/2019","10:28","AM","11/05/2019","00:00",,"212","REPAIR BROKEN MAIN"
"2912492","11/04/2019","11:41","AM","11/04/2019","00:00",,"212","REPAIR BROKEN MAIN"
"2912496","11/04/2019","11:49","AM","11/04/2019","00:00",,"212","REPAIR BROKEN MAIN"
"2912578","11/04/2019","08:50","PM","11/05/2019","00:00",,"212","REPAIR BROKEN MAIN"
"2912362","11/03/2019","03:09","PM","11/03/2019","00:00",,"212","REPAIR BROKEN MAIN"
"2912368","11/03/2019","04:46","PM","11/04/2019","00:00",,"212","REPAIR BROKEN MAIN"
"2912371","11/03/2019","07:06","PM","11/04/2019","00:00",,"212","REPAIR BROKEN MAIN"
"2912387","11/03/2019","11:22","PM","11/04/2019","00:00",,"212","REPAIR BROKEN MAIN"
"2912310","11/02/2019","11:04","AM","11/04/2019","00:00",,"212","REPAIR BROKEN MAIN"
"2912311","11/02/2019","11:07","AM","11/02/2019","00:00",,"212","REPAIR BROKEN MAIN"
"2912323","11/02/2019","02:27","PM","11/04/2019","00:00",,"212","REPAIR BROKEN MAIN"
"2912333","11/02/2019","07:03","PM","11/04/2019","00:00",,"212","REPAIR BROKEN MAIN"
"2910437","10/31/2019","11:54","AM","11/27/2019","00:00",,"212","REPAIR BROKEN MAIN"
"2910449","10/31/2019","12:59","PM","11/03/2019","00:00",,"212","REPAIR BROKEN MAIN"
"2910487","10/31/2019","02:47","PM","10/31/2019","00:00",,"212","REPAIR BROKEN MAIN"
"2910519","10/31/2019","07:19","PM","11/01/2019","00:00",,"212","REPAIR BROKEN MAIN"
"2910163","10/30/2019","08:47","AM","11/12/2019","00:00",,"212","REPAIR BROKEN MAIN"
"2910181","10/30/2019","10:15","AM","10/30/2019","00:00",,"212","REPAIR BROKEN MAIN"
"2910251","10/30/2019","02:07","PM","10/30/2019","00:00",,"212","REPAIR BROKEN MAIN"
"2910291","10/30/2019","05:26","PM","10/31/2019","00:00",,"212","REPAIR BROKEN MAIN"
"2910038","10/29/2019","02:00","PM","10/30/2019","00:00",,"212","REPAIR BROKEN MAIN"
"2910121","10/29/2019","09:02","PM","10/30/2019","00:00",,"212","REPAIR BROKEN MAIN"
"2909743","10/28/2019","12:45","PM","10/29/2019","00:00",,"212","REPAIR BROKEN MAIN"
"2909845","10/28/2019","08:21","PM","10/29/2019","00:00",,"212","REPAIR BROKEN MAIN"
"2909600","10/27/2019","07:26","AM","10/27/2019","00:00",,"212","REPAIR BROKEN MAIN"
"2909606","10/27/2019","10:28","AM","10/30/2019","00:00",,"212","REPAIR BROKEN MAIN"
"2909571","10/26/2019","10:38","AM","10/26/2019","00:00",,"212","REPAIR BROKEN MAIN"
"2909582","10/26/2019","02:01","PM","10/28/2019","00:00",,"212","REPAIR BROKEN MAIN"
"2909590","10/26/2019","04:56","PM","10/28/2019","00:00",,"212","REPAIR BROKEN MAIN"
"2909515","10/25/2019","04:15","PM","10/25/2019","00:00",,"212","REPAIR BROKEN MAIN"
"2909542","10/25/2019","08:32","PM","10/26/2019","00:00",,"212","REPAIR BROKEN MAIN"
"2909139","10/24/2019","06:20","AM","10/24/2019","00:00",,"212","REPAIR BROKEN MAIN"
"2909187","10/24/2019","09:30","AM","10/25/2019","00:00",,"212","REPAIR BROKEN MAIN"
"2909213","10/24/2019","11:04","AM","10/24/2019","00:00",,"212","REPAIR BROKEN MAIN"
"2909249","10/24/2019","01:11","PM","10/24/2019","00:00",,"212","REPAIR BROKEN MAIN"
"2909257","10/24/2019","01:37","PM","10/29/2019","00:00",,"212","REPAIR BROKEN MAIN"
"2909289","10/24/2019","03:37","PM","10/29/2019","00:00",,"212","REPAIR BROKEN MAIN"
"2909303","10/24/2019","04:56","PM","10/25/2019","00:00",,"212","REPAIR BROKEN MAIN"
"2909325","10/24/2019","07:28","PM","10/25/2019","00:00",,"212","REPAIR BROKEN MAIN"
"2909340","10/24/2019","09:54","PM","10/25/2019","00:00",,"212","REPAIR BROKEN MAIN"
"2909342","10/24/2019","10:17","PM","10/25/2019","00:00",,"212","REPAIR BROKEN MAIN"
"2909019","10/23/2019","11:46","AM","10/30/2019","00:00",,"212","REPAIR BROKEN MAIN"
"2909035","10/23/2019","12:52","PM","10/24/2019","00:00",,"212","REPAIR BROKEN MAIN"
"2909082","10/23/2019","03:50","PM","10/24/2019","00:00",,"212","REPAIR BROKEN MAIN"
"2908767","10/22/2019","08:20","AM","10/22/2019","00:00",,"212","REPAIR BROKEN MAIN"
"2908778","10/22/2019","09:09","AM","10/22/2019","00:00",,"212","REPAIR BROKEN MAIN"
"2908840","10/22/2019","12:07","PM","10/22/2019","00:00",,"212","REPAIR BROKEN MAIN"
"2908534","10/21/2019","08:40","AM","10/21/2019","00:00",,"212","REPAIR BROKEN MAIN"
"2908580","10/21/2019","10:58","AM","10/21/2019","00:00",,"212","REPAIR BROKEN MAIN"
"2908615","10/21/2019","12:51","PM","10/21/2019","00:00",,"212","REPAIR BROKEN MAIN"
"2908663","10/21/2019","02:54","PM","10/21/2019","00:00",,"212","REPAIR BROKEN MAIN"
"2908682","10/21/2019","04:27","PM","10/24/2019","00:00",,"212","REPAIR BROKEN MAIN"
"2908464","10/20/2019","09:35","AM","10/22/2019","00:00",,"212","REPAIR BROKEN MAIN"
"2908466","10/20/2019","09:51","AM","10/21/2019","00:00",,"212","REPAIR BROKEN MAIN"
"2908509","10/20/2019","09:27","PM","10/21/2019","00:00",,"212","REPAIR BROKEN MAIN"
"2908346","10/19/2019","12:23","AM","10/21/2019","00:00",,"212","REPAIR BROKEN MAIN"
"2908363","10/19/2019","07:17","AM","10/21/2019","00:00",,"212","REPAIR BROKEN MAIN"
"2908376","10/19/2019","08:51","AM","10/21/2019","00:00",,"212","REPAIR BROKEN MAIN"
"2908380","10/19/2019","09:01","AM","10/21/2019","00:00",,"212","REPAIR BROKEN MAIN"
"2908383","10/19/2019","09:06","AM","10/19/2019","00:00",,"212","REPAIR BROKEN MAIN"
"2908390","10/19/2019","09:34","AM","11/12/2019","00:00",,"212","REPAIR BROKEN MAIN"
"2908410","10/19/2019","11:44","AM","10/19/2019","00:00",,"212","REPAIR BROKEN MAIN"
"2908416","10/19/2019","12:44","PM","10/22/2019","00:00",,"212","REPAIR BROKEN MAIN"
"2908443","10/19/2019","05:43","PM","10/22/2019","00:00",,"212","REPAIR BROKEN MAIN"
"2908450","10/19/2019","07:31","PM","10/22/2019","00:00",,"212","REPAIR BROKEN MAIN"
"2908168","10/18/2019","08:12","AM","10/18/2019","00:00",,"212","REPAIR BROKEN MAIN"
"2908191","10/18/2019","09:19","AM","10/21/2019","00:00",,"212","REPAIR BROKEN MAIN"
"2908266","10/18/2019","12:59","PM","10/18/2019","00:00",,"212","REPAIR BROKEN MAIN"
"2908273","10/18/2019","01:42","PM","10/18/2019","00:00",,"212","REPAIR BROKEN MAIN"
"2908321","10/18/2019","06:15","PM","10/19/2019","00:00",,"212","REPAIR BROKEN MAIN"
"2907884","10/17/2019","08:00","AM","10/17/2019","00:00",,"212","REPAIR BROKEN MAIN"
"2907890","10/17/2019","08:49","AM","10/17/2019","00:00",,"212","REPAIR BROKEN MAIN"
"2907920","10/17/2019","10:04","AM","10/17/2019","00:00",,"212","REPAIR BROKEN MAIN"
"2907923","10/17/2019","10:28","AM","10/17/2019","00:00",,"212","REPAIR BROKEN MAIN"
"2908018","10/17/2019","02:52","PM","10/18/2019","00:00",,"212","REPAIR BROKEN MAIN"
"2908052","10/17/2019","05:12","PM","10/19/2019","00:00",,"212","REPAIR BROKEN MAIN"
"2908091","10/17/2019","10:39","PM","10/24/2019","00:00",,"212","REPAIR BROKEN MAIN"
"2908092","10/17/2019","10:45","PM","10/18/2019","00:00",,"212","REPAIR BROKEN MAIN"
"2907691","10/16/2019","12:36","AM","10/16/2019","00:00",,"212","REPAIR BROKEN MAIN"
"2907790","10/16/2019","01:24","PM","10/16/2019","00:00",,"212","REPAIR BROKEN MAIN"
"2907825","10/16/2019","05:50","PM","10/17/2019","00:00",,"212","REPAIR BROKEN MAIN"
"2907427","10/15/2019","12:14","AM","10/15/2019","00:00",,"212","REPAIR BROKEN MAIN"
"2907429","10/15/2019","01:54","AM","10/15/2019","00:00",,"212","REPAIR BROKEN MAIN"
"2907468","10/15/2019","09:05","AM","10/15/2019","00:00",,"212","REPAIR BROKEN MAIN"
"2907481","10/15/2019","09:38","AM","10/15/2019","00:00",,"212","REPAIR BROKEN MAIN"
"2907547","10/15/2019","01:10","PM","10/15/2019","00:00",,"212","REPAIR BROKEN MAIN"
"2907659","10/15/2019","06:35","PM","10/16/2019","00:00",,"212","REPAIR BROKEN MAIN"
"2907661","10/15/2019","07:06","PM","10/15/2019","00:00",,"212","REPAIR BROKEN MAIN"
"2907682","10/15/2019","10:43","PM","10/16/2019","00:00",,"212","REPAIR BROKEN MAIN"
"2907334","10/14/2019","03:07","AM","10/14/2019","00:00",,"212","REPAIR BROKEN MAIN"
"2907415","10/14/2019","07:52","PM","10/16/2019","00:00",,"212","REPAIR BROKEN MAIN"
"2907313","10/13/2019","03:59","PM","10/13/2019","00:00",,"212","REPAIR BROKEN MAIN"
"2907233","10/12/2019","12:49","AM","10/12/2019","00:00",,"212","REPAIR BROKEN MAIN"
"2907285","10/12/2019","08:29","PM","10/15/2019","00:00",,"212","REPAIR BROKEN MAIN"
"2907106","10/11/2019","08:57","AM","10/11/2019","00:00",,"212","REPAIR BROKEN MAIN"
"2907108","10/11/2019","09:07","AM","10/15/2019","00:00",,"212","REPAIR BROKEN MAIN"
"2907136","10/11/2019","10:23","AM","10/11/2019","00:00",,"212","REPAIR BROKEN MAIN"
"2907148","10/11/2019","11:13","AM","10/19/2019","00:00",,"212","REPAIR BROKEN MAIN"
"2907158","10/11/2019","12:12","PM","10/11/2019","00:00",,"212","REPAIR BROKEN MAIN"
"2907201","10/11/2019","04:08","PM","10/11/2019","00:00",,"212","REPAIR BROKEN MAIN"
"2906825","10/10/2019","08:02","AM","10/10/2019","00:00",,"212","REPAIR BROKEN MAIN"
"2906960","10/10/2019","01:48","PM","10/11/2019","00:00",,"212","REPAIR BROKEN MAIN"
"2907032","10/10/2019","08:50","PM","10/11/2019","00:00",,"212","REPAIR BROKEN MAIN"
"2906576","10/09/2019","06:23","AM","10/10/2019","00:00",,"212","REPAIR BROKEN MAIN"
"2906357","10/08/2019","06:12","AM","10/09/2019","00:00",,"212","REPAIR BROKEN MAIN"
"2906358","10/08/2019","06:25","AM","10/08/2019","00:00",,"212","REPAIR BROKEN MAIN"
"2906510","10/08/2019","02:43","PM","10/09/2019","00:00",,"212","REPAIR BROKEN MAIN"
"2905970","10/07/2019","04:29","AM","10/07/2019","00:00",,"212","REPAIR BROKEN MAIN"
"2906011","10/07/2019","09:02","AM","10/08/2019","00:00",,"212","REPAIR BROKEN MAIN"
"2906142","10/07/2019","06:55","PM","10/08/2019","00:00",,"212","REPAIR BROKEN MAIN"
"2905958","10/06/2019","04:00","PM","10/07/2019","00:00",,"212","REPAIR BROKEN MAIN"
"2905446","10/03/2019","06:39","AM","10/03/2019","00:00",,"212","REPAIR BROKEN MAIN"
"2905540","10/03/2019","12:03","PM","10/03/2019","00:00",,"212","REPAIR BROKEN MAIN"
"2905389","10/02/2019","04:04","PM","10/02/2019","00:00",,"212","REPAIR BROKEN MAIN"
"2905444","10/02/2019","11:59","PM","10/04/2019","00:00",,"212","REPAIR BROKEN MAIN"
"2903279","10/01/2019","10:01","AM","10/01/2019","00:00",,"212","REPAIR BROKEN MAIN"
"2903399","10/01/2019","06:58","PM","10/03/2019","00:00",,"212","REPAIR BROKEN MAIN"
"2903047","09/30/2019","10:12","AM","09/30/2019","00:00",,"212","REPAIR BROKEN MAIN"
"2903207","09/30/2019","08:02","PM","10/01/2019","00:00",,"212","REPAIR BROKEN MAIN"
"2902946","09/29/2019","04:30","PM","09/30/2019","00:00",,"212","REPAIR BROKEN MAIN"
"2902890","09/28/2019","07:05","AM","09/28/2019","00:00",,"212","REPAIR BROKEN MAIN"
"2902903","09/28/2019","01:42","PM","09/29/2019","00:00",,"212","REPAIR BROKEN MAIN"
"2902904","09/28/2019","02:01","PM","09/30/2019","00:00",,"212","REPAIR BROKEN MAIN"
"2902915","09/28/2019","04:41","PM","09/29/2019","00:00",,"212","REPAIR BROKEN MAIN"
"2902786","09/27/2019","09:20","AM","09/27/2019","00:00",,"212","REPAIR BROKEN MAIN"
"2902787","09/27/2019","09:23","AM","09/27/2019","00:00",,"212","REPAIR BROKEN MAIN"
"2902879","09/27/2019","07:08","PM","09/30/2019","00:00",,"212","REPAIR BROKEN MAIN"
"2902159","09/25/2019","05:32","AM","09/25/2019","00:00",,"212","REPAIR BROKEN MAIN"
"2902196","09/25/2019","08:45","AM","09/30/2019","00:00",,"212","REPAIR BROKEN MAIN"
"2901909","09/24/2019","04:18","AM","09/24/2019","00:00",,"212","REPAIR BROKEN MAIN"
"2901910","09/24/2019","05:14","AM","09/25/2019","00:00",,"212","REPAIR BROKEN MAIN"
"2901962","09/24/2019","09:27","AM","09/24/2019","00:00",,"212","REPAIR BROKEN MAIN"
"2902119","09/24/2019","05:34","PM","09/25/2019","00:00",,"212","REPAIR BROKEN MAIN"
"2902137","09/24/2019","07:07","PM","09/25/2019","00:00",,"212","REPAIR BROKEN MAIN"
"2901595","09/21/2019","04:06","AM","12/11/2019","00:00",,"212","REPAIR BROKEN MAIN"
"2901639","09/21/2019","07:21","PM","09/21/2019","00:00",,"212","REPAIR BROKEN MAIN"
"2901641","09/21/2019","07:45","PM","10/28/2019","00:00",,"212","REPAIR BROKEN MAIN"
"2901465","09/20/2019","11:10","AM","09/20/2019","00:00",,"212","REPAIR BROKEN MAIN"
"2901236","09/19/2019","12:45","PM","09/19/2019","00:00",,"212","REPAIR BROKEN MAIN"
"2900959","09/18/2019","04:28","AM","09/18/2019","00:00",,"212","REPAIR BROKEN MAIN"
"2900987","09/18/2019","08:33","AM","09/18/2019","00:00",,"212","REPAIR BROKEN MAIN"
"2901024","09/18/2019","11:11","AM","09/18/2019","00:00",,"212","REPAIR BROKEN MAIN"
"2901077","09/18/2019","02:17","PM","09/18/2019","00:00",,"212","REPAIR BROKEN MAIN"
"2901083","09/18/2019","02:27","PM","09/19/2019","00:00",,"212","REPAIR BROKEN MAIN"
"2900447","09/15/2019","09:39","AM","09/16/2019","00:00",,"212","REPAIR BROKEN MAIN"
"2900428","09/14/2019","09:28","PM","09/15/2019","00:00",,"212","REPAIR BROKEN MAIN"
"2900362","09/13/2019","07:25","PM","09/17/2019","00:00",,"212","REPAIR BROKEN MAIN"
"2900371","09/13/2019","10:46","PM","09/13/2019","00:00",,"212","REPAIR BROKEN MAIN"
"2900072","09/12/2019","10:58","AM","09/13/2019","00:00",,"212","REPAIR BROKEN MAIN"
"2900153","09/12/2019","06:12","PM","09/13/2019","00:00",,"212","REPAIR BROKEN MAIN"
"2899726","09/10/2019","02:15","PM","09/10/2019","00:00",,"212","REPAIR BROKEN MAIN"
"2899221","09/07/2019","07:48","AM","09/07/2019","00:00",,"212","REPAIR BROKEN MAIN"
"2899127","09/06/2019","11:59","AM","09/10/2019","00:00",,"212","REPAIR BROKEN MAIN"
"2898747","09/05/2019","07:37","AM","09/05/2019","00:00",,"212","REPAIR BROKEN MAIN"
"2898797","09/05/2019","10:38","AM","09/05/2019","00:00",,"212","REPAIR BROKEN MAIN"
"2898559","09/04/2019","10:41","AM","09/05/2019","00:00",,"212","REPAIR BROKEN MAIN"
"2898284","09/03/2019","08:03","AM","09/04/2019","00:00",,"212","REPAIR BROKEN MAIN"
"2896490","09/02/2019","08:46","AM","09/02/2019","00:00",,"212","REPAIR BROKEN MAIN"
"2896433","09/01/2019","08:15","AM","09/01/2019","00:00",,"212","REPAIR BROKEN MAIN"
"2896229","08/30/2019","08:05","AM","08/30/2019","00:00",,"212","REPAIR BROKEN MAIN"
"2896313","08/30/2019","01:22","PM","08/30/2019","00:00",,"212","REPAIR BROKEN MAIN"
"2896090","08/29/2019","07:06","PM","08/29/2019","00:00",,"212","REPAIR BROKEN MAIN"
"2895723","08/28/2019","01:32","AM","08/28/2019","00:00",,"212","REPAIR BROKEN MAIN"
"2895418","08/26/2019","02:54","PM","08/27/2019","00:00",,"212","REPAIR BROKEN MAIN"
"2895271","08/25/2019","06:52","AM","09/03/2019","00:00",,"212","REPAIR BROKEN MAIN"
"2895274","08/25/2019","12:51","PM","08/26/2019","00:00",,"212","REPAIR BROKEN MAIN"
"2895282","08/25/2019","05:06","PM","08/26/2019","00:00",,"212","REPAIR BROKEN MAIN"
"2895252","08/24/2019","06:15","PM","08/24/2019","00:00",,"212","REPAIR BROKEN MAIN"
"2895198","08/23/2019","04:45","PM","08/23/2019","00:00",,"212","REPAIR BROKEN MAIN"
"2894774","08/21/2019","02:28","PM","08/21/2019","00:00",,"212","REPAIR BROKEN MAIN"
"2894466","08/20/2019","05:06","AM","08/20/2019","00:00",,"212","REPAIR BROKEN MAIN"
"2894543","08/20/2019","11:14","AM","08/20/2019","00:00",,"212","REPAIR BROKEN MAIN"
"2894615","08/20/2019","04:53","PM","08/20/2019","00:00",,"212","REPAIR BROKEN MAIN"
"2894378","08/19/2019","02:21","PM","08/30/2019","00:00",,"212","REPAIR BROKEN MAIN"
"2894442","08/19/2019","07:31","PM","08/20/2019","00:00",,"212","REPAIR BROKEN MAIN"
"2894446","08/19/2019","07:49","PM","08/20/2019","00:00",,"212","REPAIR BROKEN MAIN"
"2894229","08/18/2019","06:19","AM","09/03/2019","00:00",,"212","REPAIR BROKEN MAIN"
"2894160","08/17/2019","08:11","AM","08/17/2019","00:00",,"212","REPAIR BROKEN MAIN"
"2894218","08/17/2019","07:30","PM","08/18/2019","00:00",,"212","REPAIR BROKEN MAIN"
"2894220","08/17/2019","07:50","PM","08/19/2019","00:00",,"212","REPAIR BROKEN MAIN"
"2894034","08/16/2019","08:57","AM","08/16/2019","00:00",,"212","REPAIR BROKEN MAIN"
"2894049","08/16/2019","10:56","AM","08/16/2019","00:00",,"212","REPAIR BROKEN MAIN"
"2893930","08/15/2019","08:30","PM","08/23/2019","00:00",,"212","REPAIR BROKEN MAIN"
"2893584","08/14/2019","06:56","AM","08/14/2019","00:00",,"212","REPAIR BROKEN MAIN"
"2893779","08/14/2019","09:51","PM","08/15/2019","00:00",,"212","REPAIR BROKEN MAIN"
"2893404","08/13/2019","04:37","AM","08/13/2019","00:00",,"212","REPAIR BROKEN MAIN"
"2893238","08/12/2019","02:45","PM","08/12/2019","00:00",,"212","REPAIR BROKEN MAIN"
"2893262","08/12/2019","05:22","PM","08/12/2019","00:00",,"212","REPAIR BROKEN MAIN"
"2893389","08/12/2019","08:48","PM","08/13/2019","00:00",,"212","REPAIR BROKEN MAIN"
"2893071","08/11/2019","06:49","AM","08/11/2019","00:00",,"212","REPAIR BROKEN MAIN"
"2893048","08/10/2019","02:28","PM","08/11/2019","00:00",,"212","REPAIR BROKEN MAIN"
"2892838","08/09/2019","08:51","AM","08/10/2019","00:00",,"212","REPAIR BROKEN MAIN"
"2892981","08/09/2019","05:53","PM","08/10/2019","00:00",,"212","REPAIR BROKEN MAIN"
"2893000","08/09/2019","06:33","PM","08/10/2019","00:00",,"212","REPAIR BROKEN MAIN"
"2892537","08/08/2019","06:23","AM","08/08/2019","00:00",,"212","REPAIR BROKEN MAIN"
"2892705","08/08/2019","04:30","PM","08/09/2019","00:00",,"212","REPAIR BROKEN MAIN"
"2892726","08/08/2019","06:39","PM","08/08/2019","00:00",,"212","REPAIR BROKEN MAIN"
"2892777","08/08/2019","11:46","PM","08/09/2019","00:00",,"212","REPAIR BROKEN MAIN"
"2892480","08/07/2019","02:58","PM","08/08/2019","00:00",,"212","REPAIR BROKEN MAIN"
"2892519","08/07/2019","08:34","PM","08/10/2019","00:00",,"212","REPAIR BROKEN MAIN"
"2891534","08/05/2019","03:58","AM","08/06/2019","00:00",,"212","REPAIR BROKEN MAIN"
"2891551","08/05/2019","08:10","AM","08/05/2019","00:00",,"212","REPAIR BROKEN MAIN"
"2891486","08/04/2019","07:13","AM","08/04/2019","00:00",,"212","REPAIR BROKEN MAIN"
"2891433","08/03/2019","08:37","AM","08/03/2019","00:00",,"212","REPAIR BROKEN MAIN"
"2891434","08/03/2019","08:39","AM","08/03/2019","00:00",,"212","REPAIR BROKEN MAIN"
"2891297","08/02/2019","09:34","AM","08/02/2019","00:00",,"212","REPAIR BROKEN MAIN"
"2891385","08/02/2019","02:28","PM","08/02/2019","00:00",,"212","REPAIR BROKEN MAIN"
"2891405","08/02/2019","04:23","PM","08/02/2019","00:00",,"212","REPAIR BROKEN MAIN"
"2891426","08/02/2019","11:50","PM","08/05/2019","00:00",,"212","REPAIR BROKEN MAIN"
"2889852","08/01/2019","03:25","PM","08/02/2019","00:00",,"212","REPAIR BROKEN MAIN"
"2889861","08/01/2019","03:55","PM","08/01/2019","00:00",,"212","REPAIR BROKEN MAIN"
"2889873","08/01/2019","05:05","PM","08/02/2019","00:00",,"212","REPAIR BROKEN MAIN"
"2891256","08/01/2019","10:00","PM","08/16/2019","00:00",,"212","REPAIR BROKEN MAIN"
"2889474","07/31/2019","05:29","AM","07/31/2019","00:00",,"212","REPAIR BROKEN MAIN"
"2889439","07/30/2019","05:41","PM","07/30/2019","00:00",,"212","REPAIR BROKEN MAIN"
"2889225","07/29/2019","05:34","PM","07/30/2019","00:00",,"212","REPAIR BROKEN MAIN"
"2888975","07/28/2019","12:25","AM","07/28/2019","00:00",,"212","REPAIR BROKEN MAIN"
"2888976","07/28/2019","01:43","AM","07/28/2019","00:00",,"212","REPAIR BROKEN MAIN"
"2888931","07/27/2019","08:16","AM","07/29/2019","00:00",,"212","REPAIR BROKEN MAIN"
"2888962","07/27/2019","06:05","PM","07/28/2019","00:00",,"212","REPAIR BROKEN MAIN"
"2888867","07/26/2019","01:41","PM","07/26/2019","00:00",,"212","REPAIR BROKEN MAIN"
"2888712","07/25/2019","08:51","PM","07/26/2019","00:00",,"212","REPAIR BROKEN MAIN"
"2888389","07/24/2019","07:45","AM","07/25/2019","00:00",,"212","REPAIR BROKEN MAIN"
"2887918","07/22/2019","06:40","AM","07/22/2019","00:00",,"212","REPAIR BROKEN MAIN"
"2887908","07/21/2019","08:32","PM","07/22/2019","00:00",,"212","REPAIR BROKEN MAIN"
"2887457","07/18/2019","12:39","PM","07/18/2019","00:00",,"212","REPAIR BROKEN MAIN"
"2887291","07/17/2019","01:34","PM","07/18/2019","00:00",,"212","REPAIR BROKEN MAIN"
"2887125","07/16/2019","02:58","PM","07/16/2019","00:00",,"212","REPAIR BROKEN MAIN"
"2886802","07/15/2019","10:22","AM","07/17/2019","00:00",,"212","REPAIR BROKEN MAIN"
"2886854","07/15/2019","01:27","PM","07/15/2019","00:00",,"212","REPAIR BROKEN MAIN"
"2886932","07/15/2019","04:22","PM","07/15/2019","00:00",,"212","REPAIR BROKEN MAIN"
"2886631","07/13/2019","05:33","PM","07/15/2019","00:00",,"212","REPAIR BROKEN MAIN"
"2885739","07/12/2019","06:43","AM","07/12/2019","00:00",,"212","REPAIR BROKEN MAIN"
"2885803","07/12/2019","10:04","AM","07/12/2019","00:00",,"212","REPAIR BROKEN MAIN"
"2885839","07/12/2019","12:09","PM","07/12/2019","00:00",,"212","REPAIR BROKEN MAIN"
"2885845","07/12/2019","12:32","PM","07/12/2019","00:00",,"212","REPAIR BROKEN MAIN"
"2885619","07/11/2019","01:06","PM","07/12/2019","00:00",,"212","REPAIR BROKEN MAIN"
"2885671","07/11/2019","04:18","PM","07/11/2019","00:00",,"212","REPAIR BROKEN MAIN"
"2885186","07/10/2019","12:35","AM","07/10/2019","00:00",,"212","REPAIR BROKEN MAIN"
"2885266","07/10/2019","09:12","AM","07/10/2019","00:00",,"212","REPAIR BROKEN MAIN"
"2885294","07/10/2019","09:29","AM","07/10/2019","00:00",,"212","REPAIR BROKEN MAIN"
"2885454","07/10/2019","03:34","PM","07/10/2019","00:00",,"212","REPAIR BROKEN MAIN"
"2885172","07/09/2019","08:54","PM","07/10/2019","00:00",,"212","REPAIR BROKEN MAIN"
"2884712","07/08/2019","12:16","AM","07/08/2019","00:00",,"212","REPAIR BROKEN MAIN"
"2884794","07/08/2019","10:16","AM","07/09/2019","00:00",,"212","REPAIR BROKEN MAIN"
"2884834","07/08/2019","11:20","AM","07/08/2019","00:00",,"212","REPAIR BROKEN MAIN"
"2884672","07/07/2019","09:05","AM","07/08/2019","00:00",,"212","REPAIR BROKEN MAIN"
"2884685","07/07/2019","01:19","PM","07/07/2019","00:00",,"212","REPAIR BROKEN MAIN"
"2884505","07/05/2019","08:06","AM","07/05/2019","00:00",,"212","REPAIR BROKEN MAIN"
"2884518","07/05/2019","08:37","AM","07/05/2019","00:00",,"212","REPAIR BROKEN MAIN"
"2884625","07/05/2019","09:06","PM","07/10/2019","00:00",,"212","REPAIR BROKEN MAIN"
"2884467","07/04/2019","11:35","PM","07/05/2019","00:00",,"212","REPAIR BROKEN MAIN"
"2882948","07/02/2019","02:24","AM","07/02/2019","00:00",,"212","REPAIR BROKEN MAIN"
"2883012","07/02/2019","10:52","AM","07/03/2019","00:00",,"212","REPAIR BROKEN MAIN"
"2882709","06/30/2019","06:21","AM","07/01/2019","00:00",,"212","REPAIR BROKEN MAIN"
"2882748","06/30/2019","06:24","PM","07/01/2019","00:00",,"212","REPAIR BROKEN MAIN"
"2882670","06/29/2019","10:37","AM","06/29/2019","00:00",,"212","REPAIR BROKEN MAIN"
"2882703","06/29/2019","07:45","PM","06/30/2019","00:00",,"212","REPAIR BROKEN MAIN"
"2882351","06/28/2019","05:00","AM","06/28/2019","00:00",,"212","REPAIR BROKEN MAIN"
"2882398","06/28/2019","09:17","AM","06/28/2019","00:00",,"212","REPAIR BROKEN MAIN"
"2881384","06/24/2019","01:23","AM","06/24/2019","00:00",,"212","REPAIR BROKEN MAIN"
"2881322","06/22/2019","08:36","AM","06/24/2019","00:00",,"212","REPAIR BROKEN MAIN"
"2881327","06/22/2019","10:28","AM","06/22/2019","00:00",,"212","REPAIR BROKEN MAIN"
"2880819","06/20/2019","06:22","AM","06/20/2019","00:00",,"212","REPAIR BROKEN MAIN"
"2881004","06/20/2019","04:44","PM","06/21/2019","00:00",,"212","REPAIR BROKEN MAIN"
"2880622","06/19/2019","08:51","AM","06/19/2019","00:00",,"212","REPAIR BROKEN MAIN"
"2880767","06/19/2019","04:04","PM","06/19/2019","00:00",,"212","REPAIR BROKEN MAIN"
"2880213","06/17/2019","10:18","AM","06/17/2019","00:00",,"212","REPAIR BROKEN MAIN"
"2880340","06/17/2019","07:34","PM","06/18/2019","00:00",,"212","REPAIR BROKEN MAIN"
"2879930","06/14/2019","08:36","AM","06/14/2019","00:00",,"212","REPAIR BROKEN MAIN"
"2880024","06/14/2019","12:34","PM","06/14/2019","00:00",,"212","REPAIR BROKEN MAIN"
"2879423","06/13/2019","10:19","AM","06/13/2019","00:00",,"212","REPAIR BROKEN MAIN"
"2879441","06/13/2019","11:25","AM","06/13/2019","00:00",,"212","REPAIR BROKEN MAIN"
"2879492","06/13/2019","02:32","PM","06/13/2019","00:00",,"212","REPAIR BROKEN MAIN"
"2879851","06/13/2019","08:58","PM","06/17/2019","00:00",,"212","REPAIR BROKEN MAIN"
"2879177","06/12/2019","08:53","AM","06/12/2019","00:00",,"212","REPAIR BROKEN MAIN"
"2878874","06/11/2019","09:28","AM","06/12/2019","00:00",,"212","REPAIR BROKEN MAIN"
"2878994","06/11/2019","04:05","PM","06/12/2019","00:00",,"212","REPAIR BROKEN MAIN"
"2879070","06/11/2019","05:26","PM","06/14/2019","00:00",,"212","REPAIR BROKEN MAIN"
"2878586","06/09/2019","08:34","AM","06/17/2019","00:00",,"212","REPAIR BROKEN MAIN"
"2878549","06/08/2019","09:54","AM","06/08/2019","00:00",,"212","REPAIR BROKEN MAIN"
"2878510","06/07/2019","04:30","PM","06/10/2019","00:00",,"212","REPAIR BROKEN MAIN"
"2878263","06/06/2019","07:14","PM","06/07/2019","00:00",,"212","REPAIR BROKEN MAIN"
"2877674","06/04/2019","12:32","PM","06/04/2019","00:00",,"212","REPAIR BROKEN MAIN"
"2877683","06/04/2019","12:54","PM","06/04/2019","00:00",,"212","REPAIR BROKEN MAIN"
"2876218","06/03/2019","10:44","AM","06/06/2019","00:00",,"212","REPAIR BROKEN MAIN"
"2876309","06/03/2019","04:52","PM","06/04/2019","00:00",,"212","REPAIR BROKEN MAIN"
"2876108","06/02/2019","04:52","AM","06/02/2019","00:00",,"212","REPAIR BROKEN MAIN"
"2876133","06/02/2019","09:06","PM","06/03/2019","00:00",,"212","REPAIR BROKEN MAIN"
"2876135","06/02/2019","09:46","PM","06/03/2019","00:00",,"212","REPAIR BROKEN MAIN"
"2876102","06/01/2019","05:37","PM","06/02/2019","00:00",,"212","REPAIR BROKEN MAIN"
"2875899","05/31/2019","07:43","AM","05/31/2019","00:00",,"212","REPAIR BROKEN MAIN"
"2875952","05/31/2019","10:45","AM","05/31/2019","00:00",,"212","REPAIR BROKEN MAIN"
"2875820","05/30/2019","08:09","PM","06/01/2019","00:00",,"212","REPAIR BROKEN MAIN"
"2875189","05/28/2019","09:19","AM","05/28/2019","00:00",,"212","REPAIR BROKEN MAIN"
"2875094","05/27/2019","08:58","AM","05/28/2019","00:00",,"212","REPAIR BROKEN MAIN"
"2875101","05/27/2019","10:29","AM","05/27/2019","00:00",,"212","REPAIR BROKEN MAIN"
"2875068","05/26/2019","09:25","AM","05/26/2019","00:00",,"212","REPAIR BROKEN MAIN"
"2875024","05/25/2019","08:48","AM","05/25/2019","00:00",,"212","REPAIR BROKEN MAIN"
"2874606","05/23/2019","09:02","AM","05/23/2019","00:00",,"212","REPAIR BROKEN MAIN"
"2873904","05/20/2019","02:49","PM","05/20/2019","00:00",,"212","REPAIR BROKEN MAIN"
"2873596","05/19/2019","05:03","AM","06/10/2019","00:00",,"212","REPAIR BROKEN MAIN"
"2873604","05/19/2019","10:02","AM","05/19/2019","00:00",,"212","REPAIR BROKEN MAIN"
"2873612","05/19/2019","02:23","PM","05/20/2019","00:00",,"212","REPAIR BROKEN MAIN"
"2873559","05/17/2019","08:03","PM","05/18/2019","00:00",,"212","REPAIR BROKEN MAIN"
"2873045","05/16/2019","10:01","AM","05/17/2019","00:00",,"212","REPAIR BROKEN MAIN"
"2873161","05/16/2019","01:30","PM","05/16/2019","00:00",,"212","REPAIR BROKEN MAIN"
"2872371","05/14/2019","09:37","AM","05/21/2019","00:00",,"212","REPAIR BROKEN MAIN"
"2872137","05/13/2019","08:58","AM","05/13/2019","00:00",,"212","REPAIR BROKEN MAIN"
"2871079","05/10/2019","05:00","PM","05/10/2019","00:00",,"212","REPAIR BROKEN MAIN"
"2870653","05/09/2019","10:31","AM","05/18/2019","00:00",,"212","REPAIR BROKEN MAIN"
"2870759","05/09/2019","05:32","PM","05/10/2019","00:00",,"212","REPAIR BROKEN MAIN"
"2870762","05/09/2019","05:57","PM","05/10/2019","00:00",,"212","REPAIR BROKEN MAIN"
"2870137","05/07/2019","07:42","AM","05/07/2019","00:00",,"212","REPAIR BROKEN MAIN"
"2869788","05/06/2019","03:26","AM","05/06/2019","00:00",,"212","REPAIR BROKEN MAIN"
"2869748","05/04/2019","07:30","PM","05/05/2019","00:00",,"212","REPAIR BROKEN MAIN"
"2865183","05/01/2019","01:47","PM","05/02/2019","00:00",,"212","REPAIR BROKEN MAIN"
"2864737","04/29/2019","04:52","PM","04/30/2019","00:00",,"212","REPAIR BROKEN MAIN"
"2864472","04/28/2019","06:58","AM","04/29/2019","00:00",,"212","REPAIR BROKEN MAIN"
"2864412","04/27/2019","05:47","AM","04/28/2019","00:00",,"212","REPAIR BROKEN MAIN"
"2863733","04/24/2019","08:36","AM","04/25/2019","00:00",,"212","REPAIR BROKEN MAIN"
"2863379","04/23/2019","10:49","AM","04/23/2019","00:00",,"212","REPAIR BROKEN MAIN"
"2863524","04/23/2019","04:51","PM","04/24/2019","00:00",,"212","REPAIR BROKEN MAIN"
"2862342","04/17/2019","09:32","AM","04/17/2019","00:00",,"212","REPAIR BROKEN MAIN"
"2862404","04/17/2019","12:05","PM","04/17/2019","00:00",,"212","REPAIR BROKEN MAIN"
"2861830","04/15/2019","08:42","AM","04/16/2019","00:00",,"212","REPAIR BROKEN MAIN"
"2860770","04/10/2019","08:00","AM","04/10/2019","00:00",,"212","REPAIR BROKEN MAIN"
"2860512","04/09/2019","08:20","AM","04/09/2019","00:00",,"212","REPAIR BROKEN MAIN"
"2860137","04/06/2019","06:57","PM","04/08/2019","00:00",,"212","REPAIR BROKEN MAIN"
"2860138","04/06/2019","07:30","PM","04/07/2019","00:00",,"212","REPAIR BROKEN MAIN"
"2859408","04/03/2019","12:29","PM","04/03/2019","00:00",,"212","REPAIR BROKEN MAIN"
"2859442","04/03/2019","02:38","PM","04/03/2019","00:00",,"212","REPAIR BROKEN MAIN"
"2857098","03/31/2019","11:48","AM","04/01/2019","00:00",,"212","REPAIR BROKEN MAIN"
"2857118","03/31/2019","03:36","PM","04/02/2019","00:00",,"212","REPAIR BROKEN MAIN"
"2857023","03/30/2019","09:01","AM","04/08/2019","00:00",,"212","REPAIR BROKEN MAIN"
"2857004","03/29/2019","08:02","PM","03/30/2019","00:00",,"212","REPAIR BROKEN MAIN"
"2856501","03/28/2019","09:48","AM","03/28/2019","00:00",,"212","REPAIR BROKEN MAIN"
"2856104","03/27/2019","06:05","AM","03/28/2019","00:00",,"212","REPAIR BROKEN MAIN"
"2856188","03/27/2019","11:21","AM","03/27/2019","00:00",,"212","REPAIR BROKEN MAIN"
"2855984","03/26/2019","02:23","PM","03/26/2019","00:00",,"212","REPAIR BROKEN MAIN"
"2856066","03/26/2019","06:34","PM","03/26/2019","00:00",,"212","REPAIR BROKEN MAIN"
"2855660","03/25/2019","10:00","AM","03/25/2019","00:00",,"212","REPAIR BROKEN MAIN"
"2855501","03/24/2019","07:45","AM","03/24/2019","00:00",,"212","REPAIR BROKEN MAIN"
"2855440","03/23/2019","08:22","AM","03/23/2019","00:00",,"212","REPAIR BROKEN MAIN"
"2855467","03/23/2019","12:06","PM","03/25/2019","00:00",,"212","REPAIR BROKEN MAIN"
"2855084","03/21/2019","10:16","AM","03/26/2019","00:00",,"212","REPAIR BROKEN MAIN"
"2854689","03/20/2019","08:39","AM","03/20/2019","00:00",,"212","REPAIR BROKEN MAIN"
"2854895","03/20/2019","01:40","PM","03/20/2019","00:00",,"212","REPAIR BROKEN MAIN"
"2854996","03/20/2019","05:56","PM","03/21/2019","00:00",,"212","REPAIR BROKEN MAIN"
"2854447","03/19/2019","08:46","AM","03/19/2019","00:00",,"212","REPAIR BROKEN MAIN"
"2854478","03/19/2019","10:35","AM","03/20/2019","00:00",,"212","REPAIR BROKEN MAIN"
"2854629","03/19/2019","08:15","PM","03/20/2019","00:00",,"212","REPAIR BROKEN MAIN"
"2854638","03/19/2019","10:47","PM","03/20/2019","00:00",,"212","REPAIR BROKEN MAIN"
"2854087","03/18/2019","01:36","AM","03/18/2019","00:00",,"212","REPAIR BROKEN MAIN"
"2854274","03/18/2019","01:47","PM","03/18/2019","00:00",,"212","REPAIR BROKEN MAIN"
"2854055","03/17/2019","12:24","AM","03/17/2019","00:00",,"212","REPAIR BROKEN MAIN"
"2854060","03/17/2019","09:09","AM","03/18/2019","00:00",,"212","REPAIR BROKEN MAIN"
"2854075","03/17/2019","05:00","PM","03/18/2019","00:00",,"212","REPAIR BROKEN MAIN"
"2853862","03/15/2019","10:17","AM","03/15/2019","00:00",,"212","REPAIR BROKEN MAIN"
"2853904","03/15/2019","12:34","PM","03/21/2019","00:00",,"212","REPAIR BROKEN MAIN"
"2853960","03/15/2019","02:49","PM","03/15/2019","00:00",,"212","REPAIR BROKEN MAIN"
"2853993","03/15/2019","05:37","PM","03/16/2019","00:00",,"212","REPAIR BROKEN MAIN"
"2853997","03/15/2019","06:19","PM","03/16/2019","00:00",,"212","REPAIR BROKEN MAIN"
"2853323","03/13/2019","12:36","PM","03/14/2019","00:00",,"212","REPAIR BROKEN MAIN"
"2852975","03/12/2019","03:12","PM","03/13/2019","00:00",,"212","REPAIR BROKEN MAIN"
"2853054","03/12/2019","09:55","PM","03/14/2019","00:00",,"212","REPAIR BROKEN MAIN"
"2851818","03/11/2019","01:39","AM","03/11/2019","00:00",,"212","REPAIR BROKEN MAIN"
"2851865","03/11/2019","09:06","AM","03/11/2019","00:00",,"212","REPAIR BROKEN MAIN"
"2851946","03/11/2019","11:10","AM","03/12/2019","00:00",,"212","REPAIR BROKEN MAIN"
"2852008","03/11/2019","12:45","PM","03/11/2019","00:00",,"212","REPAIR BROKEN MAIN"
"2852110","03/11/2019","04:14","PM","03/12/2019","00:00",,"212","REPAIR BROKEN MAIN"
"2852134","03/11/2019","06:35","PM","03/26/2019","00:00",,"212","REPAIR BROKEN MAIN"
"2851785","03/10/2019","10:50","AM","03/10/2019","00:00",,"212","REPAIR BROKEN MAIN"
"2851790","03/10/2019","12:10","PM","03/11/2019","00:00",,"212","REPAIR BROKEN MAIN"
"2851801","03/10/2019","02:05","PM","03/14/2019","00:00",,"212","REPAIR BROKEN MAIN"
"2851816","03/10/2019","10:29","PM","03/12/2019","00:00",,"212","REPAIR BROKEN MAIN"
"2851742","03/09/2019","09:22","AM","03/09/2019","00:00",,"212","REPAIR BROKEN MAIN"
"2851778","03/09/2019","06:08","PM","03/09/2019","00:00",,"212","REPAIR BROKEN MAIN"
"2851430","03/08/2019","05:15","PM","03/08/2019","00:00",,"212","REPAIR BROKEN MAIN"
"2851143","03/07/2019","02:04","PM","03/07/2019","00:00",,"212","REPAIR BROKEN MAIN"
"2850779","03/06/2019","08:29","AM","03/12/2019","00:00",,"212","REPAIR BROKEN MAIN"
"2850786","03/06/2019","08:52","AM","03/11/2019","00:00",,"212","REPAIR BROKEN MAIN"
"2850898","03/06/2019","01:08","PM","03/07/2019","00:00",,"212","REPAIR BROKEN MAIN"
"2850971","03/06/2019","06:20","PM","03/07/2019","00:00",,"212","REPAIR BROKEN MAIN"
"2850972","03/06/2019","06:20","PM","03/07/2019","00:00",,"212","REPAIR BROKEN MAIN"
"2850992","03/06/2019","09:24","PM","03/07/2019","00:00",,"212","REPAIR BROKEN MAIN"
"2850544","03/05/2019","08:48","AM","03/07/2019","00:00",,"212","REPAIR BROKEN MAIN"
"2850720","03/05/2019","06:24","PM","03/06/2019","00:00",,"212","REPAIR BROKEN MAIN"
"2850742","03/05/2019","10:42","PM","03/06/2019","00:00",,"212","REPAIR BROKEN MAIN"
"2850280","03/04/2019","07:55","AM","03/04/2019","00:00",,"212","REPAIR BROKEN MAIN"
"2850290","03/04/2019","08:17","AM","03/04/2019","00:00",,"212","REPAIR BROKEN MAIN"
"2850473","03/04/2019","06:07","PM","03/05/2019","00:00",,"212","REPAIR BROKEN MAIN"
"2850220","03/03/2019","05:35","AM","03/20/2019","00:00",,"212","REPAIR BROKEN MAIN"
"2848664","03/01/2019","12:23","AM","03/01/2019","00:00",,"212","REPAIR BROKEN MAIN"
"2848479","02/28/2019","11:59","AM","02/28/2019","00:00",,"212","REPAIR BROKEN MAIN"
"2848198","02/27/2019","11:49","AM","01/09/2020","00:00",,"212","REPAIR BROKEN MAIN"
"2848058","02/26/2019","06:23","PM","02/28/2019","00:00",,"212","REPAIR BROKEN MAIN"
"2848079","02/26/2019","08:42","PM","02/27/2019","00:00",,"212","REPAIR BROKEN MAIN"
"2847542","02/25/2019","06:15","AM","02/25/2019","00:00",,"212","REPAIR BROKEN MAIN"
"2847606","02/25/2019","10:21","AM","02/27/2019","00:00",,"212","REPAIR BROKEN MAIN"
"2847515","02/24/2019","01:20","AM","02/25/2019","00:00",,"212","REPAIR BROKEN MAIN"
"2847531","02/24/2019","04:03","PM","02/25/2019","00:00",,"212","REPAIR BROKEN MAIN"
"2847480","02/23/2019","09:08","AM","02/23/2019","00:00",,"212","REPAIR BROKEN MAIN"
"2847272","02/22/2019","08:23","AM","02/22/2019","00:00",,"212","REPAIR BROKEN MAIN"
"2847374","02/22/2019","11:43","AM","02/22/2019","00:00",,"212","REPAIR BROKEN MAIN"
"2847421","02/22/2019","02:32","PM","02/22/2019","00:00",,"212","REPAIR BROKEN MAIN"
"2847464","02/22/2019","06:31","PM","02/23/2019","00:00",,"212","REPAIR BROKEN MAIN"
"2847021","02/21/2019","03:34","AM","02/21/2019","00:00",,"212","REPAIR BROKEN MAIN"
"2847027","02/21/2019","07:05","AM","02/22/2019","00:00",,"212","REPAIR BROKEN MAIN"
"2847204","02/21/2019","08:30","PM","02/22/2019","00:00",,"212","REPAIR BROKEN MAIN"
"2847001","02/20/2019","02:37","PM","02/20/2019","00:00",,"212","REPAIR BROKEN MAIN"
"2846631","02/19/2019","09:00","AM","02/19/2019","00:00",,"212","REPAIR BROKEN MAIN"
"2846640","02/19/2019","09:12","AM","02/21/2019","00:00",,"212","REPAIR BROKEN MAIN"
"2846683","02/19/2019","10:43","AM","02/19/2019","00:00",,"212","REPAIR BROKEN MAIN"
"2846758","02/19/2019","12:20","PM","02/19/2019","00:00",,"212","REPAIR BROKEN MAIN"
"2846878","02/19/2019","04:16","PM","02/21/2019","00:00",,"212","REPAIR BROKEN MAIN"
"2846487","02/18/2019","02:07","AM","02/18/2019","00:00",,"212","REPAIR BROKEN MAIN"
"2846516","02/18/2019","11:11","AM","02/19/2019","00:00",,"212","REPAIR BROKEN MAIN"
"2846517","02/18/2019","11:16","AM","02/19/2019","00:00",,"212","REPAIR BROKEN MAIN"
"2846558","02/18/2019","06:25","PM","02/19/2019","00:00",,"212","REPAIR BROKEN MAIN"
"2846442","02/17/2019","08:02","AM","02/17/2019","00:00",,"212","REPAIR BROKEN MAIN"
"2846355","02/16/2019","02:48","AM","02/16/2019","00:00",,"212","REPAIR BROKEN MAIN"
"2846426","02/16/2019","07:29","PM","02/17/2019","00:00",,"212","REPAIR BROKEN MAIN"
"2846040","02/15/2019","02:21","AM","02/15/2019","00:00",,"212","REPAIR BROKEN MAIN"
"2846131","02/15/2019","10:13","AM","02/15/2019","00:00",,"212","REPAIR BROKEN MAIN"
"2846207","02/15/2019","01:09","PM","02/19/2019","00:00",,"212","REPAIR BROKEN MAIN"
"2846215","02/15/2019","01:23","PM","02/19/2019","00:00",,"212","REPAIR BROKEN MAIN"
"2846228","02/15/2019","01:48","PM","02/21/2019","00:00",,"212","REPAIR BROKEN MAIN"
"2846243","02/15/2019","02:19","PM","02/19/2019","00:00",,"212","REPAIR BROKEN MAIN"
"2846273","02/15/2019","03:17","PM","02/16/2019","00:00",,"212","REPAIR BROKEN MAIN"
"2846290","02/15/2019","03:45","PM","02/19/2019","00:00",,"212","REPAIR BROKEN MAIN"
"2846309","02/15/2019","04:23","PM","02/22/2019","00:00",,"212","REPAIR BROKEN MAIN"
"2846315","02/15/2019","04:40","PM","02/19/2019","00:00",,"212","REPAIR BROKEN MAIN"
"2846316","02/15/2019","04:41","PM","02/22/2019","00:00",,"212","REPAIR BROKEN MAIN"
"2846341","02/15/2019","07:21","PM","02/16/2019","00:00",,"212","REPAIR BROKEN MAIN"
"2845773","02/14/2019","11:23","AM","02/14/2019","00:00",,"212","REPAIR BROKEN MAIN"
"2845932","02/14/2019","04:12","PM","02/15/2019","00:00",,"212","REPAIR BROKEN MAIN"
"2845978","02/14/2019","07:07","PM","02/15/2019","00:00",,"212","REPAIR BROKEN MAIN"
"2845378","02/13/2019","10:49","AM","02/13/2019","00:00",,"212","REPAIR BROKEN MAIN"
"2845286","02/12/2019","09:30","PM","02/13/2019","00:00",,"212","REPAIR BROKEN MAIN"
"2844909","02/10/2019","09:14","PM","02/11/2019","00:00",,"212","REPAIR BROKEN MAIN"
"2844508","02/08/2019","02:26","AM","02/08/2019","00:00",,"212","REPAIR BROKEN MAIN"
"2844556","02/08/2019","08:46","AM","02/10/2019","00:00",,"212","REPAIR BROKEN MAIN"
"2844650","02/08/2019","01:45","PM","02/09/2019","00:00",,"212","REPAIR BROKEN MAIN"
"2844704","02/08/2019","03:07","PM","02/09/2019","00:00",,"212","REPAIR BROKEN MAIN"
"2844761","02/08/2019","07:50","PM","02/09/2019","00:00",,"212","REPAIR BROKEN MAIN"
"2844295","02/07/2019","10:09","AM","02/07/2019","00:00",,"212","REPAIR BROKEN MAIN"
"2844432","02/07/2019","04:46","PM","02/08/2019","00:00",,"212","REPAIR BROKEN MAIN"
"2843998","02/06/2019","01:23","AM","02/06/2019","00:00",,"212","REPAIR BROKEN MAIN"
"2844051","02/06/2019","08:25","AM","02/06/2019","00:00",,"212","REPAIR BROKEN MAIN"
"2844063","02/06/2019","08:55","AM","02/07/2019","00:00",,"212","REPAIR BROKEN MAIN"
"2844113","02/06/2019","11:12","AM","02/07/2019","00:00",,"212","REPAIR BROKEN MAIN"
"2844208","02/06/2019","06:28","PM","02/08/2019","00:00",,"212","REPAIR BROKEN MAIN"
"2844224","02/06/2019","09:57","PM","02/07/2019","00:00",,"212","REPAIR BROKEN MAIN"
"2844225","02/06/2019","10:00","PM","02/07/2019","00:00",,"212","REPAIR BROKEN MAIN"
"2843732","02/05/2019","08:35","AM","02/05/2019","00:00",,"212","REPAIR BROKEN MAIN"
"2843774","02/05/2019","10:12","AM","02/06/2019","00:00",,"212","REPAIR BROKEN MAIN"
"2843777","02/05/2019","10:19","AM","02/06/2019","00:00",,"212","REPAIR BROKEN MAIN"
"2843867","02/05/2019","01:46","PM","02/15/2019","00:00",,"212","REPAIR BROKEN MAIN"
"2843881","02/05/2019","02:09","PM","02/05/2019","00:00",,"212","REPAIR BROKEN MAIN"
"2843889","02/05/2019","02:19","PM","02/06/2019","00:00",,"212","REPAIR BROKEN MAIN"
"2843894","02/05/2019","02:26","PM","02/05/2019","00:00",,"212","REPAIR BROKEN MAIN"
"2843941","02/05/2019","04:35","PM","02/05/2019","00:00",,"212","REPAIR BROKEN MAIN"
"2843955","02/05/2019","05:22","PM","02/07/2019","00:00",,"212","REPAIR BROKEN MAIN"
"2843966","02/05/2019","06:00","PM","02/07/2019","00:00",,"212","REPAIR BROKEN MAIN"
"2843973","02/05/2019","06:55","PM","02/06/2019","00:00",,"212","REPAIR BROKEN MAIN"
"2843981","02/05/2019","08:04","PM","02/06/2019","00:00",,"212","REPAIR BROKEN MAIN"
"2843994","02/05/2019","10:38","PM","02/07/2019","00:00",,"212","REPAIR BROKEN MAIN"
"2843997","02/05/2019","11:58","PM","02/06/2019","00:00",,"212","REPAIR BROKEN MAIN"
"2843316","02/04/2019","12:55","AM","02/05/2019","00:00",,"212","REPAIR BROKEN MAIN"
"2843317","02/04/2019","01:37","AM","02/04/2019","00:00",,"212","REPAIR BROKEN MAIN"
"2843402","02/04/2019","09:24","AM","02/04/2019","00:00",,"212","REPAIR BROKEN MAIN"
"2843420","02/04/2019","09:51","AM","02/05/2019","00:00",,"212","REPAIR BROKEN MAIN"
"2843429","02/04/2019","09:59","AM","02/04/2019","00:00",,"212","REPAIR BROKEN MAIN"
"2843432","02/04/2019","10:09","AM","02/06/2019","00:00",,"212","REPAIR BROKEN MAIN"
"2843470","02/04/2019","11:25","AM","02/04/2019","00:00",,"212","REPAIR BROKEN MAIN"
"2843522","02/04/2019","12:45","PM","02/04/2019","00:00",,"212","REPAIR BROKEN MAIN"
"2843603","02/04/2019","10:45","AM","02/07/2019","00:00",,"212","REPAIR BROKEN MAIN"
"2843618","02/04/2019","04:42","PM","02/05/2019","00:00",,"212","REPAIR BROKEN MAIN"
"2843637","02/04/2019","05:59","PM","02/05/2019","00:00",,"212","REPAIR BROKEN MAIN"
"2843648","02/04/2019","06:41","PM","02/05/2019","00:00",,"212","REPAIR BROKEN MAIN"
"2843652","02/04/2019","06:49","PM","02/06/2019","00:00",,"212","REPAIR BROKEN MAIN"
"2843656","02/04/2019","07:36","PM","02/07/2019","00:00",,"212","REPAIR BROKEN MAIN"
"2843672","02/04/2019","09:49","PM","02/05/2019","00:00",,"212","REPAIR BROKEN MAIN"
"2843681","02/04/2019","11:50","PM","02/05/2019","00:00",,"212","REPAIR BROKEN MAIN"
"2843195","02/03/2019","12:30","AM","02/04/2019","00:00",,"212","REPAIR BROKEN MAIN"
"2843196","02/03/2019","01:23","AM","02/03/2019","00:00",,"212","REPAIR BROKEN MAIN"
"2843197","02/03/2019","01:29","AM","02/04/2019","00:00",,"212","REPAIR BROKEN MAIN"
"2843205","02/03/2019","04:30","AM","02/04/2019","00:00",,"212","REPAIR BROKEN MAIN"
"2843207","02/03/2019","06:10","AM","02/03/2019","00:00",,"212","REPAIR BROKEN MAIN"
"2843215","02/03/2019","08:32","AM","02/26/2019","00:00",,"212","REPAIR BROKEN MAIN"
"2843227","02/03/2019","10:02","AM","02/05/2019","00:00",,"212","REPAIR BROKEN MAIN"
"2843245","02/03/2019","01:01","PM","02/04/2019","00:00",,"212","REPAIR BROKEN MAIN"
"2843246","02/03/2019","01:07","PM","02/04/2019","00:00",,"212","REPAIR BROKEN MAIN"
"2843247","02/03/2019","01:15","PM","02/05/2019","00:00",,"212","REPAIR BROKEN MAIN"
"2843249","02/03/2019","01:23","PM","02/04/2019","00:00",,"212","REPAIR BROKEN MAIN"
"2843253","02/03/2019","01:56","PM","02/04/2019","00:00",,"212","REPAIR BROKEN MAIN"
"2843278","02/03/2019","05:14","PM","02/04/2019","00:00",,"212","REPAIR BROKEN MAIN"
"2843284","02/03/2019","05:35","PM","02/04/2019","00:00",,"212","REPAIR BROKEN MAIN"
"2843291","02/03/2019","06:05","PM","02/05/2019","00:00",,"212","REPAIR BROKEN MAIN"
"2843294","02/03/2019","06:26","PM","02/05/2019","00:00",,"212","REPAIR BROKEN MAIN"
"2843298","02/03/2019","08:08","PM","02/04/2019","00:00",,"212","REPAIR BROKEN MAIN"
"2843301","02/03/2019","08:27","PM","02/05/2019","00:00",,"212","REPAIR BROKEN MAIN"
"2843313","02/03/2019","11:32","PM","02/05/2019","00:00",,"212","REPAIR BROKEN MAIN"
"2843315","02/03/2019","11:38","PM","02/04/2019","00:00",,"212","REPAIR BROKEN MAIN"
"2843083","02/02/2019","10:09","AM","02/02/2019","00:00",,"212","REPAIR BROKEN MAIN"
"2843086","02/02/2019","10:29","AM","02/02/2019","00:00",,"212","REPAIR BROKEN MAIN"
"2843097","02/02/2019","11:35","AM","02/03/2019","00:00",,"212","REPAIR BROKEN MAIN"
"2843098","02/02/2019","11:34","AM","02/03/2019","00:00",,"212","REPAIR BROKEN MAIN"
"2843104","02/02/2019","12:38","PM","02/03/2019","00:00",,"212","REPAIR BROKEN MAIN"
"2843110","02/02/2019","01:39","PM","02/05/2019","00:00",,"212","REPAIR BROKEN MAIN"
"2843133","02/02/2019","03:57","PM","02/05/2019","00:00",,"212","REPAIR BROKEN MAIN"
"2843138","02/02/2019","04:33","PM","02/02/2019","00:00",,"212","REPAIR BROKEN MAIN"
"2843141","02/02/2019","04:49","PM","02/02/2019","00:00",,"212","REPAIR BROKEN MAIN"
"2843145","02/02/2019","05:18","PM","02/04/2019","00:00",,"212","REPAIR BROKEN MAIN"
"2843146","02/02/2019","05:18","PM","02/05/2019","00:00",,"212","REPAIR BROKEN MAIN"
"2843148","02/02/2019","05:27","PM","02/03/2019","00:00",,"212","REPAIR BROKEN MAIN"
"2843154","02/02/2019","05:49","PM","02/04/2019","00:00",,"212","REPAIR BROKEN MAIN"
"2843157","02/02/2019","06:09","PM","02/04/2019","00:00",,"212","REPAIR BROKEN MAIN"
"2843158","02/02/2019","06:16","PM","02/04/2019","00:00",,"212","REPAIR BROKEN MAIN"
"2843166","02/02/2019","06:57","PM","02/03/2019","00:00",,"212","REPAIR BROKEN MAIN"
"2843168","02/02/2019","07:44","PM","02/06/2019","00:00",,"212","REPAIR BROKEN MAIN"
"2843176","02/02/2019","09:28","PM","02/03/2019","00:00",,"212","REPAIR BROKEN MAIN"
"2843183","02/02/2019","10:04","PM","02/04/2019","00:00",,"212","REPAIR BROKEN MAIN"
"2842136","02/01/2019","01:15","AM","02/01/2019","00:00",,"212","REPAIR BROKEN MAIN"
"2842145","02/01/2019","05:13","AM","02/01/2019","00:00",,"212","REPAIR BROKEN MAIN"
"2842146","02/01/2019","05:37","AM","02/01/2019","00:00",,"212","REPAIR BROKEN MAIN"
"2842213","02/01/2019","09:00","AM","02/01/2019","00:00",,"212","REPAIR BROKEN MAIN"
"2842236","02/01/2019","10:11","AM","02/01/2019","00:00",,"212","REPAIR BROKEN MAIN"
"2842237","02/01/2019","10:11","AM","02/04/2019","00:00",,"212","REPAIR BROKEN MAIN"
"2842239","02/01/2019","10:22","AM","02/01/2019","00:00",,"212","REPAIR BROKEN MAIN"
"2842242","02/01/2019","10:27","AM","02/01/2019","00:00",,"212","REPAIR BROKEN MAIN"
"2842304","02/01/2019","02:04","PM","02/01/2019","00:00",,"212","REPAIR BROKEN MAIN"
"2842339","02/01/2019","04:09","PM","02/05/2019","00:00",,"212","REPAIR BROKEN MAIN"
"2842354","02/01/2019","05:17","PM","02/02/2019","00:00",,"212","REPAIR BROKEN MAIN"
"2842360","02/01/2019","06:09","PM","02/02/2019","00:00",,"212","REPAIR BROKEN MAIN"
"2842372","02/01/2019","08:22","PM","02/06/2019","00:00",,"212","REPAIR BROKEN MAIN"
"2842378","02/01/2019","09:53","PM","02/02/2019","00:00",,"212","REPAIR BROKEN MAIN"
"2841733","01/31/2019","02:11","AM","01/31/2019","00:00",,"212","REPAIR BROKEN MAIN"
"2841797","01/31/2019","08:46","AM","01/31/2019","00:00",,"212","REPAIR BROKEN MAIN"
"2841817","01/31/2019","09:25","AM","01/31/2019","00:00",,"212","REPAIR BROKEN MAIN"
"2841825","01/31/2019","09:36","AM","01/31/2019","00:00",,"212","REPAIR BROKEN MAIN"
"2841843","01/31/2019","10:05","AM","01/31/2019","00:00",,"212","REPAIR BROKEN MAIN"
"2841846","01/31/2019","10:07","AM","01/31/2019","00:00",,"212","REPAIR BROKEN MAIN"
"2841874","01/31/2019","11:03","AM","03/15/2019","00:00",,"212","REPAIR BROKEN MAIN"
"2841903","01/31/2019","12:16","PM","01/31/2019","00:00",,"212","REPAIR BROKEN MAIN"
"2842065","01/31/2019","06:54","PM","02/01/2019","00:00",,"212","REPAIR BROKEN MAIN"
"2842074","01/31/2019","08:20","PM","02/01/2019","00:00",,"212","REPAIR BROKEN MAIN"
"2841589","01/30/2019","10:46","AM","01/30/2019","00:00",,"212","REPAIR BROKEN MAIN"
"2841601","01/30/2019","11:13","AM","02/01/2019","00:00",,"212","REPAIR BROKEN MAIN"
"2841680","01/30/2019","03:21","PM","03/15/2019","00:00",,"212","REPAIR BROKEN MAIN"
"2841705","01/30/2019","04:45","PM","01/30/2019","00:00",,"212","REPAIR BROKEN MAIN"
"2841723","01/30/2019","08:47","PM","01/31/2019","00:00",,"212","REPAIR BROKEN MAIN"
"2841729","01/30/2019","10:07","PM","01/31/2019","00:00",,"212","REPAIR BROKEN MAIN"
"2841342","01/29/2019","08:05","AM","01/29/2019","00:00",,"212","REPAIR BROKEN MAIN"
"2841357","01/29/2019","08:39","AM","01/31/2019","00:00",,"212","REPAIR BROKEN MAIN"
"2841374","01/29/2019","09:16","AM","02/11/2019","00:00",,"212","REPAIR BROKEN MAIN"
"2841398","01/29/2019","10:05","AM","01/29/2019","00:00",,"212","REPAIR BROKEN MAIN"
"2841408","01/29/2019","10:44","AM","01/30/2019","00:00",,"212","REPAIR BROKEN MAIN"
"2841417","01/29/2019","11:14","AM","01/29/2019","00:00",,"212","REPAIR BROKEN MAIN"
"2841475","01/29/2019","01:57","PM","01/29/2019","00:00",,"212","REPAIR BROKEN MAIN"
"2841478","01/29/2019","02:15","PM","01/30/2019","00:00",,"212","REPAIR BROKEN MAIN"
"2840947","01/28/2019","04:27","AM","01/28/2019","00:00",,"212","REPAIR BROKEN MAIN"
"2841155","01/28/2019","01:03","PM","01/29/2019","00:00",,"212","REPAIR BROKEN MAIN"
"2841260","01/28/2019","04:18","PM","01/29/2019","00:00",,"212","REPAIR BROKEN MAIN"
"2840860","01/27/2019","01:22","AM","01/28/2019","00:00",,"212","REPAIR BROKEN MAIN"
"2840865","01/27/2019","06:31","AM","05/22/2019","00:00",,"212","REPAIR BROKEN MAIN"
"2840884","01/27/2019","10:33","AM","01/28/2019","00:00",,"212","REPAIR BROKEN MAIN"
"2840885","01/27/2019","10:42","AM","01/27/2019","00:00",,"212","REPAIR BROKEN MAIN"
"2840890","01/27/2019","11:48","AM","01/29/2019","00:00",,"212","REPAIR BROKEN MAIN"
"2840902","01/27/2019","02:17","PM","01/28/2019","00:00",,"212","REPAIR BROKEN MAIN"
"2840928","01/27/2019","06:48","PM","01/28/2019","00:00",,"212","REPAIR BROKEN MAIN"
"2840932","01/27/2019","05:00","AM","01/27/2019","00:00",,"212","REPAIR BROKEN MAIN"
"2840766","01/26/2019","08:44","AM","01/27/2019","00:00",,"212","REPAIR BROKEN MAIN"
"2840774","01/26/2019","09:41","AM","01/26/2019","00:00",,"212","REPAIR BROKEN MAIN"
"2840786","01/26/2019","11:02","AM","01/28/2019","00:00",,"212","REPAIR BROKEN MAIN"
"2840794","01/26/2019","12:01","PM","01/27/2019","00:00",,"212","REPAIR BROKEN MAIN"
"2840844","01/26/2019","07:09","PM","01/28/2019","00:00",,"212","REPAIR BROKEN MAIN"
"2840847","01/26/2019","07:36","PM","01/27/2019","00:00",,"212","REPAIR BROKEN MAIN"
"2840482","01/25/2019","08:31","AM","01/25/2019","00:00",,"212","REPAIR BROKEN MAIN"
"2840486","01/25/2019","08:39","AM","01/28/2019","00:00",,"212","REPAIR BROKEN MAIN"
"2840507","01/25/2019","09:14","AM","01/31/2019","00:00",,"212","REPAIR BROKEN MAIN"
"2840581","01/25/2019","11:23","AM","01/28/2019","00:00",,"212","REPAIR BROKEN MAIN"
"2840604","01/25/2019","12:10","PM","01/25/2019","00:00",,"212","REPAIR BROKEN MAIN"
"2840624","01/25/2019","01:06","PM","01/27/2019","00:00",,"212","REPAIR BROKEN MAIN"
"2840669","01/25/2019","03:26","PM","01/26/2019","00:00",,"212","REPAIR BROKEN MAIN"
"2840683","01/25/2019","04:02","PM","01/27/2019","00:00",,"212","REPAIR BROKEN MAIN"
"2840693","01/25/2019","04:51","PM","01/25/2019","00:00",,"212","REPAIR BROKEN MAIN"
"2840702","01/25/2019","05:20","PM","01/29/2019","00:00",,"212","REPAIR BROKEN MAIN"
"2840706","01/25/2019","05:34","PM","01/28/2019","00:00",,"212","REPAIR BROKEN MAIN"
"2840711","01/25/2019","05:45","PM","02/04/2019","00:00",,"212","REPAIR BROKEN MAIN"
"2840712","01/25/2019","05:47","PM","01/26/2019","00:00",,"212","REPAIR BROKEN MAIN"
"2840725","01/25/2019","06:35","PM","01/27/2019","00:00",,"212","REPAIR BROKEN MAIN"
"2840737","01/25/2019","07:52","PM","01/26/2019","00:00",,"212","REPAIR BROKEN MAIN"
"2840745","01/25/2019","09:38","PM","01/30/2019","00:00",,"212","REPAIR BROKEN MAIN"
"2840747","01/25/2019","11:03","PM","01/26/2019","00:00",,"212","REPAIR BROKEN MAIN"
"2839996","01/24/2019","11:59","PM","01/26/2019","00:00",,"212","REPAIR BROKEN MAIN"
"2840124","01/24/2019","08:29","AM","01/24/2019","00:00",,"212","REPAIR BROKEN MAIN"
"2840259","01/24/2019","01:26","PM","01/24/2019","00:00",,"212","REPAIR BROKEN MAIN"
"2840279","01/24/2019","02:06","PM","01/29/2019","00:00",,"212","REPAIR BROKEN MAIN"
"2840353","01/24/2019","04:54","PM","01/25/2019","00:00",,"212","REPAIR BROKEN MAIN"
"2840360","01/24/2019","05:19","PM","01/25/2019","00:00",,"212","REPAIR BROKEN MAIN"
"2840383","01/24/2019","07:27","PM","01/24/2019","00:00",,"212","REPAIR BROKEN MAIN"
"2840384","01/24/2019","07:39","PM","01/25/2019","00:00",,"212","REPAIR BROKEN MAIN"
"2840390","01/24/2019","08:32","PM","03/01/2019","00:00",,"212","REPAIR BROKEN MAIN"
"2840398","01/24/2019","09:58","PM","01/25/2019","00:00",,"212","REPAIR BROKEN MAIN"
"2840404","01/24/2019","10:27","PM","01/25/2019","00:00",,"212","REPAIR BROKEN MAIN"
"2839443","01/23/2019","01:10","AM","01/23/2019","00:00",,"212","REPAIR BROKEN MAIN"
"2839450","01/23/2019","03:06","AM","01/23/2019","00:00",,"212","REPAIR BROKEN MAIN"
"2839458","01/23/2019","06:07","AM","01/23/2019","00:00",,"212","REPAIR BROKEN MAIN"
"2839541","01/23/2019","08:53","AM","01/24/2019","00:00",,"212","REPAIR BROKEN MAIN"
"2839590","01/23/2019","09:51","AM","01/23/2019","00:00",,"212","REPAIR BROKEN MAIN"
"2839592","01/23/2019","09:57","AM","01/23/2019","00:00",,"212","REPAIR BROKEN MAIN"
"2839621","01/23/2019","10:39","AM","01/24/2019","00:00",,"212","REPAIR BROKEN MAIN"
"2839635","01/23/2019","10:58","AM","01/24/2019","00:00",,"212","REPAIR BROKEN MAIN"
"2839711","01/23/2019","01:00","PM","01/23/2019","00:00",,"212","REPAIR BROKEN MAIN"
"2839745","01/23/2019","02:41","PM","01/23/2019","00:00",,"212","REPAIR BROKEN MAIN"
"2839765","01/23/2019","03:23","PM","01/24/2019","00:00",,"212","REPAIR BROKEN MAIN"
"2839816","01/23/2019","05:55","PM","01/24/2019","00:00",,"212","REPAIR BROKEN MAIN"
"2839818","01/23/2019","06:03","PM","01/24/2019","00:00",,"212","REPAIR BROKEN MAIN"
"2839845","01/23/2019","09:29","PM","01/25/2019","00:00",,"212","REPAIR BROKEN MAIN"
"2839847","01/23/2019","09:33","PM","01/25/2019","00:00",,"212","REPAIR BROKEN MAIN"
"2839064","01/22/2019","09:13","AM","01/23/2019","00:00",,"212","REPAIR BROKEN MAIN"
"2839152","01/22/2019","10:59","AM","01/22/2019","00:00",,"212","REPAIR BROKEN MAIN"
"2839199","01/22/2019","12:07","PM","01/23/2019","00:00",,"212","REPAIR BROKEN MAIN"
"2839220","01/22/2019","12:46","PM","01/31/2019","00:00",,"212","REPAIR BROKEN MAIN"
"2839223","01/22/2019","12:51","PM","01/22/2019","00:00",,"212","REPAIR BROKEN MAIN"
"2839282","01/22/2019","02:48","PM","01/23/2019","00:00",,"212","REPAIR BROKEN MAIN"
"2839358","01/22/2019","05:00","PM","01/23/2019","00:00",,"212","REPAIR BROKEN MAIN"
"2839373","01/22/2019","05:47","PM","01/22/2019","00:00",,"212","REPAIR BROKEN MAIN"
"2839378","01/22/2019","05:58","PM","01/23/2019","00:00",,"212","REPAIR BROKEN MAIN"
"2839433","01/22/2019","10:07","PM","01/23/2019","00:00",,"212","REPAIR BROKEN MAIN"
"2838728","01/21/2019","08:02","AM","01/21/2019","00:00",,"212","REPAIR BROKEN MAIN"
"2838762","01/21/2019","09:39","AM","01/22/2019","00:00",,"212","REPAIR BROKEN MAIN"
"2838773","01/21/2019","09:55","AM","01/22/2019","00:00",,"212","REPAIR BROKEN MAIN"
"2838797","01/21/2019","11:18","AM","01/31/2019","00:00",,"212","REPAIR BROKEN MAIN"
"2838823","01/21/2019","01:02","PM","01/22/2019","00:00",,"212","REPAIR BROKEN MAIN"
"2838826","01/21/2019","01:07","PM","01/22/2019","00:00",,"212","REPAIR BROKEN MAIN"
"2838855","01/21/2019","02:15","PM","02/04/2019","00:00",,"212","REPAIR BROKEN MAIN"
"2838913","01/21/2019","05:42","PM","01/21/2019","00:00",,"212","REPAIR BROKEN MAIN"
"2838923","01/21/2019","06:43","PM","01/22/2019","00:00",,"212","REPAIR BROKEN MAIN"
"2838945","01/21/2019","10:03","PM","01/22/2019","00:00",,"212","REPAIR BROKEN MAIN"
"2838947","01/21/2019","10:46","PM","01/23/2019","00:00",,"212","REPAIR BROKEN MAIN"
"2838655","01/20/2019","10:38","AM","01/21/2019","00:00",,"212","REPAIR BROKEN MAIN"
"2838659","01/20/2019","11:07","AM","01/20/2019","00:00",,"212","REPAIR BROKEN MAIN"
"2838672","01/20/2019","12:50","PM","01/22/2019","00:00",,"212","REPAIR BROKEN MAIN"
"2838675","01/20/2019","12:58","PM","01/28/2019","00:00",,"212","REPAIR BROKEN MAIN"
"2838681","01/20/2019","01:23","PM","01/22/2019","00:00",,"212","REPAIR BROKEN MAIN"
"2838682","01/20/2019","01:26","PM","01/20/2019","00:00",,"212","REPAIR BROKEN MAIN"
"2838703","01/20/2019","06:07","PM","01/21/2019","00:00",,"212","REPAIR BROKEN MAIN"
"2838709","01/20/2019","07:15","PM","01/21/2019","00:00",,"212","REPAIR BROKEN MAIN"
"2838712","01/20/2019","08:20","PM","02/02/2019","00:00",,"212","REPAIR BROKEN MAIN"
"2838559","01/19/2019","07:17","AM","01/19/2019","00:00",,"212","REPAIR BROKEN MAIN"
"2838563","01/19/2019","08:14","AM","01/19/2019","00:00",,"212","REPAIR BROKEN MAIN"
"2838564","01/19/2019","08:29","AM","01/19/2019","00:00",,"212","REPAIR BROKEN MAIN"
"2838571","01/19/2019","09:25","AM","01/19/2019","00:00",,"212","REPAIR BROKEN MAIN"
"2838573","01/19/2019","09:45","AM","01/21/2019","00:00",,"212","REPAIR BROKEN MAIN"
"2838579","01/19/2019","10:35","AM","01/19/2019","00:00",,"212","REPAIR BROKEN MAIN"
"2838581","01/19/2019","10:58","AM","01/19/2019","00:00",,"212","REPAIR BROKEN MAIN"
"2838590","01/19/2019","12:12","PM","01/20/2019","00:00",,"212","REPAIR BROKEN MAIN"
"2838596","01/19/2019","01:15","PM","01/19/2019","00:00",,"212","REPAIR BROKEN MAIN"
"2838597","01/19/2019","01:23","PM","01/19/2019","00:00",,"212","REPAIR BROKEN MAIN"
"2838599","01/19/2019","01:59","PM","01/19/2019","00:00",,"212","REPAIR BROKEN MAIN"
"2838609","01/19/2019","04:23","PM","01/25/2019","00:00",,"212","REPAIR BROKEN MAIN"
"2838614","01/19/2019","04:48","PM","01/21/2019","00:00",,"212","REPAIR BROKEN MAIN"
"2838622","01/19/2019","05:46","PM","01/28/2019","00:00",,"212","REPAIR BROKEN MAIN"
"2838623","01/19/2019","05:44","PM","01/20/2019","00:00",,"212","REPAIR BROKEN MAIN"
"2838624","01/19/2019","06:49","PM","01/24/2019","00:00",,"212","REPAIR BROKEN MAIN"
"2837877","01/18/2019","09:53","AM","01/18/2019","00:00",,"212","REPAIR BROKEN MAIN"
"2837901","01/18/2019","11:05","AM","01/19/2019","00:00",,"212","REPAIR BROKEN MAIN"
"2837903","01/18/2019","11:09","AM","01/21/2019","00:00",,"212","REPAIR BROKEN MAIN"
"2837905","01/18/2019","11:25","AM","01/18/2019","00:00",,"212","REPAIR BROKEN MAIN"
"2837933","01/18/2019","01:12","PM","01/19/2019","00:00",,"212","REPAIR BROKEN MAIN"
"2838020","01/18/2019","02:24","PM","01/18/2019","00:00",,"212","REPAIR BROKEN MAIN"
"2838036","01/18/2019","02:46","PM","01/18/2019","00:00",,"212","REPAIR BROKEN MAIN"
"2838111","01/18/2019","07:30","PM","01/28/2019","00:00",,"212","REPAIR BROKEN MAIN"
"2838551","01/18/2019","08:29","PM","01/21/2019","00:00",,"212","REPAIR BROKEN MAIN"
"2838555","01/18/2019","10:07","PM","01/19/2019","00:00",,"212","REPAIR BROKEN MAIN"
"2837557","01/17/2019","06:05","AM","01/17/2019","00:00",,"212","REPAIR BROKEN MAIN"
"2837615","01/17/2019","08:55","AM","01/17/2019","00:00",,"212","REPAIR BROKEN MAIN"
"2837621","01/17/2019","09:25","AM","01/17/2019","00:00",,"212","REPAIR BROKEN MAIN"
"2837650","01/17/2019","10:49","AM","01/17/2019","00:00",,"212","REPAIR BROKEN MAIN"
"2837682","01/17/2019","12:43","PM","01/18/2019","00:00",,"212","REPAIR BROKEN MAIN"
"2837714","01/17/2019","02:21","PM","01/18/2019","00:00",,"212","REPAIR BROKEN MAIN"
"2837721","01/17/2019","02:55","PM","01/18/2019","00:00",,"212","REPAIR BROKEN MAIN"
"2837733","01/17/2019","03:33","PM","01/18/2019","00:00",,"212","REPAIR BROKEN MAIN"
"2837749","01/17/2019","04:33","PM","01/19/2019","00:00",,"212","REPAIR BROKEN MAIN"
"2837761","01/17/2019","06:30","PM","01/18/2019","00:00",,"212","REPAIR BROKEN MAIN"
"2837765","01/17/2019","06:55","PM","01/18/2019","00:00",,"212","REPAIR BROKEN MAIN"
"2837403","01/16/2019","09:33","AM","01/17/2019","00:00",,"212","REPAIR BROKEN MAIN"
"2837404","01/16/2019","09:34","AM","01/16/2019","00:00",,"212","REPAIR BROKEN MAIN"
"2837407","01/16/2019","09:43","AM","01/17/2019","00:00",,"212","REPAIR BROKEN MAIN"
"2837408","01/16/2019","09:51","AM","01/16/2019","00:00",,"212","REPAIR BROKEN MAIN"
"2837422","01/16/2019","10:36","AM","01/16/2019","00:00",,"212","REPAIR BROKEN MAIN"
"2837427","01/16/2019","10:51","AM","01/16/2019","00:00",,"212","REPAIR BROKEN MAIN"
"2837462","01/16/2019","12:56","PM","01/16/2019","00:00",,"212","REPAIR BROKEN MAIN"
"2837509","01/16/2019","02:55","PM","01/16/2019","00:00",,"212","REPAIR BROKEN MAIN"
"2837530","01/16/2019","05:02","PM","01/16/2019","00:00",,"212","REPAIR BROKEN MAIN"
"2837168","01/15/2019","08:55","AM","01/15/2019","00:00",,"212","REPAIR BROKEN MAIN"
"2837189","01/15/2019","09:56","AM","01/15/2019","00:00",,"212","REPAIR BROKEN MAIN"
"2837206","01/15/2019","10:42","AM","01/15/2019","00:00",,"212","REPAIR BROKEN MAIN"
"2837209","01/15/2019","10:52","AM","01/16/2019","00:00",,"212","REPAIR BROKEN MAIN"
"2837218","01/15/2019","11:15","AM","01/15/2019","00:00",,"212","REPAIR BROKEN MAIN"
"2837230","01/15/2019","11:46","AM","01/15/2019","00:00",,"212","REPAIR BROKEN MAIN"
"2837238","01/15/2019","12:08","PM","01/15/2019","00:00",,"212","REPAIR BROKEN MAIN"
"2837269","01/15/2019","02:00","PM","01/16/2019","00:00",,"212","REPAIR BROKEN MAIN"
"2837273","01/15/2019","02:04","PM","01/16/2019","00:00",,"212","REPAIR BROKEN MAIN"
"2837275","01/15/2019","02:11","PM","01/16/2019","00:00",,"212","REPAIR BROKEN MAIN"
"2837323","01/15/2019","07:00","PM","01/16/2019","00:00",,"212","REPAIR BROKEN MAIN"
"2837330","01/15/2019","08:58","PM","01/16/2019","00:00",,"212","REPAIR BROKEN MAIN"
"2836847","01/14/2019","08:06","AM","01/14/2019","00:00",,"212","REPAIR BROKEN MAIN"
"2836911","01/14/2019","10:54","AM","01/14/2019","00:00",,"212","REPAIR BROKEN MAIN"
"2836923","01/14/2019","11:26","AM","01/14/2019","00:00",,"212","REPAIR BROKEN MAIN"
"2836942","01/14/2019","12:17","PM","01/14/2019","00:00",,"212","REPAIR BROKEN MAIN"
"2836952","01/14/2019","12:37","PM","01/15/2019","00:00",,"212","REPAIR BROKEN MAIN"
"2836967","01/14/2019","01:06","PM","01/14/2019","00:00",,"212","REPAIR BROKEN MAIN"
"2836974","01/14/2019","01:25","PM","01/14/2019","00:00",,"212","REPAIR BROKEN MAIN"
"2837010","01/14/2019","02:57","PM","01/14/2019","00:00",,"212","REPAIR BROKEN MAIN"
"2837022","01/14/2019","03:11","PM","01/14/2019","00:00",,"212","REPAIR BROKEN MAIN"
"2837025","01/14/2019","03:20","PM","01/15/2019","00:00",,"212","REPAIR BROKEN MAIN"
"2837027","01/14/2019","03:20","PM","01/15/2019","00:00",,"212","REPAIR BROKEN MAIN"
"2837059","01/14/2019","07:48","PM","01/16/2019","00:00",,"212","REPAIR BROKEN MAIN"
"2837062","01/14/2019","08:23","PM","01/14/2019","00:00",,"212","REPAIR BROKEN MAIN"
"2837064","01/14/2019","09:06","PM","01/16/2019","00:00",,"212","REPAIR BROKEN MAIN"
"2837072","01/14/2019","10:31","PM","01/15/2019","00:00",,"212","REPAIR BROKEN MAIN"
"2837078","01/14/2019","11:54","PM","01/15/2019","00:00",,"212","REPAIR BROKEN MAIN"
"2836798","01/13/2019","10:00","AM","01/14/2019","00:00",,"212","REPAIR BROKEN MAIN"
"2836801","01/13/2019","10:45","AM","01/15/2019","00:00",,"212","REPAIR BROKEN MAIN"
"2836802","01/13/2019","11:07","AM","01/14/2019","00:00",,"212","REPAIR BROKEN MAIN"
"2836805","01/13/2019","12:09","PM","01/13/2019","00:00",,"212","REPAIR BROKEN MAIN"
"2836808","01/13/2019","01:00","PM","01/15/2019","00:00",,"212","REPAIR BROKEN MAIN"
"2836823","01/13/2019","11:02","PM","01/14/2019","00:00",,"212","REPAIR BROKEN MAIN"
"2836722","01/12/2019","12:53","AM","01/12/2019","00:00",,"212","REPAIR BROKEN MAIN"
"2836729","01/12/2019","08:08","AM","01/14/2019","00:00",,"212","REPAIR BROKEN MAIN"
"2836741","01/12/2019","09:58","AM","01/12/2019","00:00",,"212","REPAIR BROKEN MAIN"
"2836748","01/12/2019","10:26","AM","01/14/2019","00:00",,"212","REPAIR BROKEN MAIN"
"2836755","01/12/2019","11:08","AM","01/12/2019","00:00",,"212","REPAIR BROKEN MAIN"
"2836510","01/11/2019","12:35","AM","01/11/2019","00:00",,"212","REPAIR BROKEN MAIN"
"2836516","01/11/2019","02:50","AM","01/11/2019","00:00",,"212","REPAIR BROKEN MAIN"
"2836565","01/11/2019","09:07","AM","01/12/2019","00:00",,"212","REPAIR BROKEN MAIN"
"2836574","01/11/2019","09:37","AM","01/11/2019","00:00",,"212","REPAIR BROKEN MAIN"
"2836617","01/11/2019","11:51","AM","01/11/2019","00:00",,"212","REPAIR BROKEN MAIN"
"2836631","01/11/2019","12:27","PM","01/11/2019","00:00",,"212","REPAIR BROKEN MAIN"
"2836672","01/11/2019","03:02","PM","01/14/2019","00:00",,"212","REPAIR BROKEN MAIN"
"2836708","01/11/2019","05:38","PM","01/14/2019","00:00",,"212","REPAIR BROKEN MAIN"
"2836343","01/10/2019","11:46","AM","01/14/2019","00:00",,"212","REPAIR BROKEN MAIN"
"2836362","01/10/2019","01:01","PM","01/11/2019","00:00",,"212","REPAIR BROKEN MAIN"
"2836452","01/10/2019","06:34","PM","01/11/2019","00:00",,"212","REPAIR BROKEN MAIN"
"2835957","01/09/2019","01:46","AM","01/09/2019","00:00",,"212","REPAIR BROKEN MAIN"
"2835960","01/09/2019","03:14","AM","01/09/2019","00:00",,"212","REPAIR BROKEN MAIN"
"2836040","01/09/2019","10:07","AM","01/10/2019","00:00",,"212","REPAIR BROKEN MAIN"
"2836098","01/09/2019","12:26","PM","01/11/2019","00:00",,"212","REPAIR BROKEN MAIN"
"2835719","01/08/2019","07:16","AM","01/08/2019","00:00",,"212","REPAIR BROKEN MAIN"
"2835946","01/08/2019","09:07","PM","01/09/2019","00:00",,"212","REPAIR BROKEN MAIN"
"2835527","01/07/2019","10:33","AM","01/07/2019","00:00",,"212","REPAIR BROKEN MAIN"
"2835595","01/07/2019","12:42","PM","01/11/2019","00:00",,"212","REPAIR BROKEN MAIN"
"2835626","01/07/2019","02:26","PM","01/08/2019","00:00",,"212","REPAIR BROKEN MAIN"
"2835677","01/07/2019","08:30","PM","01/08/2019","00:00",,"212","REPAIR BROKEN MAIN"
"2835691","01/07/2019","11:14","PM","01/08/2019","00:00",,"212","REPAIR BROKEN MAIN"
"2835410","01/06/2019","09:43","AM","01/07/2019","00:00",,"212","REPAIR BROKEN MAIN"
"2835417","01/06/2019","11:44","AM","01/07/2019","00:00",,"212","REPAIR BROKEN MAIN"
"2835418","01/06/2019","11:55","AM","01/08/2019","00:00",,"212","REPAIR BROKEN MAIN"
"2835437","01/06/2019","06:05","PM","01/07/2019","00:00",,"212","REPAIR BROKEN MAIN"
"2835396","01/05/2019","03:43","PM","01/07/2019","00:00",,"212","REPAIR BROKEN MAIN"
"2835397","01/05/2019","04:19","PM","01/07/2019","00:00",,"212","REPAIR BROKEN MAIN"
"2835155","01/04/2019","09:16","AM","01/04/2019","00:00",,"212","REPAIR BROKEN MAIN"
"2835298","01/04/2019","02:56","PM","01/14/2019","00:00",,"212","REPAIR BROKEN MAIN"
"2835331","01/04/2019","05:30","PM","01/08/2019","00:00",,"212","REPAIR BROKEN MAIN"
"2835358","01/04/2019","09:56","PM","01/06/2019","00:00",,"212","REPAIR BROKEN MAIN"
"2835366","01/04/2019","11:53","PM","01/05/2019","00:00",,"212","REPAIR BROKEN MAIN"
"2834796","01/03/2019","12:27","AM","01/03/2019","00:00",,"212","REPAIR BROKEN MAIN"
"2834199","01/01/2019","08:14","AM","01/01/2019","00:00",,"212","REPAIR BROKEN MAIN"
"2834206","01/01/2019","09:35","AM","01/01/2019","00:00",,"212","REPAIR BROKEN MAIN"
"2834178","12/31/2018","04:54","PM","01/02/2019","00:00",,"212","REPAIR BROKEN MAIN"
"2834181","12/31/2018","05:51","PM","01/02/2019","00:00",,"212","REPAIR BROKEN MAIN"
"2833990","12/30/2018","12:41","PM","12/30/2018","00:00",,"212","REPAIR BROKEN MAIN"
"2834008","12/30/2018","04:30","PM","01/01/2019","00:00",,"212","REPAIR BROKEN MAIN"
"2834011","12/30/2018","05:10","PM","01/02/2019","00:00",,"212","REPAIR BROKEN MAIN"
"2834015","12/30/2018","08:57","PM","12/31/2018","00:00",,"212","REPAIR BROKEN MAIN"
"2833902","12/29/2018","09:49","AM","12/29/2018","00:00",,"212","REPAIR BROKEN MAIN"
"2833914","12/29/2018","11:02","AM","01/02/2019","00:00",,"212","REPAIR BROKEN MAIN"
"2833916","12/29/2018","11:07","AM","12/29/2018","00:00",,"212","REPAIR BROKEN MAIN"
"2833929","12/29/2018","01:33","PM","12/29/2018","00:00",,"212","REPAIR BROKEN MAIN"
"2833959","12/29/2018","09:11","PM","12/30/2018","00:00",,"212","REPAIR BROKEN MAIN"
"2833962","12/29/2018","10:09","PM","12/30/2018","00:00",,"212","REPAIR BROKEN MAIN"
"2833653","12/28/2018","12:05","AM","12/28/2018","00:00",,"212","REPAIR BROKEN MAIN"
"2833654","12/28/2018","04:57","AM","12/30/2018","00:00",,"212","REPAIR BROKEN MAIN"
"2833724","12/28/2018","09:03","AM","12/28/2018","00:00",,"212","REPAIR BROKEN MAIN"
"2833733","12/28/2018","09:24","AM","12/28/2018","00:00",,"212","REPAIR BROKEN MAIN"
"2833765","12/28/2018","11:12","AM","12/29/2018","00:00",,"212","REPAIR BROKEN MAIN"
"2833882","12/28/2018","07:30","PM","12/29/2018","00:00",,"212","REPAIR BROKEN MAIN"
"2833084","12/27/2018","10:54","AM","12/27/2018","00:00",,"212","REPAIR BROKEN MAIN"
"2833148","12/27/2018","01:39","PM","12/28/2018","00:00",,"212","REPAIR BROKEN MAIN"
"2833153","12/27/2018","01:48","PM","12/28/2018","00:00",,"212","REPAIR BROKEN MAIN"
"2833207","12/27/2018","05:29","PM","12/28/2018","00:00",,"212","REPAIR BROKEN MAIN"
"2833610","12/27/2018","08:36","PM","12/29/2018","00:00",,"212","REPAIR BROKEN MAIN"
"2832833","12/26/2018","09:31","AM","12/27/2018","00:00",,"212","REPAIR BROKEN MAIN"
"2832906","12/26/2018","12:37","PM","01/15/2019","00:00",,"212","REPAIR BROKEN MAIN"
"2832941","12/26/2018","02:03","PM","12/26/2018","00:00",,"212","REPAIR BROKEN MAIN"
"2832991","12/26/2018","07:38","PM","12/27/2018","00:00",,"212","REPAIR BROKEN MAIN"
"2832682","12/24/2018","10:08","AM","12/24/2018","00:00",,"212","REPAIR BROKEN MAIN"
"2832697","12/24/2018","10:37","AM","12/26/2018","00:00",,"212","REPAIR BROKEN MAIN"
"2832721","12/24/2018","11:29","AM","12/26/2018","00:00",,"212","REPAIR BROKEN MAIN"
"2832785","12/24/2018","11:55","PM","12/26/2018","00:00",,"212","REPAIR BROKEN MAIN"
"2832623","12/23/2018","11:57","AM","12/23/2018","00:00",,"212","REPAIR BROKEN MAIN"
"2832390","12/21/2018","08:42","AM","12/21/2018","00:00",,"212","REPAIR BROKEN MAIN"
"2832396","12/21/2018","08:55","AM","12/21/2018","00:00",,"212","REPAIR BROKEN MAIN"
"2832451","12/21/2018","11:29","AM","12/21/2018","00:00",,"212","REPAIR BROKEN MAIN"
"2832452","12/21/2018","11:33","AM","12/21/2018","00:00",,"212","REPAIR BROKEN MAIN"
"2832464","12/21/2018","11:59","AM","12/21/2018","00:00",,"212","REPAIR BROKEN MAIN"
"2832466","12/21/2018","12:04","PM","12/28/2018","00:00",,"212","REPAIR BROKEN MAIN"
"2832472","12/21/2018","12:23","PM","12/24/2018","00:00",,"212","REPAIR BROKEN MAIN"
"2832098","12/20/2018","01:46","AM","12/20/2018","00:00",,"212","REPAIR BROKEN MAIN"
"2832099","12/20/2018","03:20","AM","12/21/2018","00:00",,"212","REPAIR BROKEN MAIN"
"2832107","12/20/2018","05:01","AM","12/20/2018","00:00",,"212","REPAIR BROKEN MAIN"
"2832292","12/20/2018","05:45","PM","01/04/2019","00:00",,"212","REPAIR BROKEN MAIN"
"2832316","12/20/2018","08:40","PM","12/21/2018","00:00",,"212","REPAIR BROKEN MAIN"
"2831866","12/19/2018","04:54","AM","12/19/2018","00:00",,"212","REPAIR BROKEN MAIN"
"2832086","12/19/2018","08:40","PM","12/20/2018","00:00",,"212","REPAIR BROKEN MAIN"
"2832087","12/19/2018","08:43","PM","12/21/2018","00:00",,"212","REPAIR BROKEN MAIN"
"2831584","12/18/2018","05:26","AM","12/18/2018","00:00",,"212","REPAIR BROKEN MAIN"
"2831629","12/18/2018","08:17","AM","12/18/2018","00:00",,"212","REPAIR BROKEN MAIN"
"2831658","12/18/2018","08:48","AM","01/02/2019","00:00",,"212","REPAIR BROKEN MAIN"
"2831683","12/18/2018","10:06","AM","12/19/2018","00:00",,"212","REPAIR BROKEN MAIN"
"2831691","12/18/2018","10:19","AM","12/18/2018","00:00",,"212","REPAIR BROKEN MAIN"
"2831814","12/18/2018","04:27","PM","12/19/2018","00:00",,"212","REPAIR BROKEN MAIN"
"2831838","12/18/2018","07:15","PM","12/19/2018","00:00",,"212","REPAIR BROKEN MAIN"
"2831850","12/18/2018","09:05","PM","12/19/2018","00:00",,"212","REPAIR BROKEN MAIN"
"2831328","12/17/2018","07:45","AM","12/17/2018","00:00",,"212","REPAIR BROKEN MAIN"
"2831388","12/17/2018","09:47","AM","12/19/2018","00:00",,"212","REPAIR BROKEN MAIN"
"2831430","12/17/2018","11:10","AM","12/17/2018","00:00",,"212","REPAIR BROKEN MAIN"
"2831442","12/17/2018","11:39","AM","12/18/2018","00:00",,"212","REPAIR BROKEN MAIN"
"2831452","12/17/2018","12:00","AM","12/18/2018","00:00",,"212","REPAIR BROKEN MAIN"
"2831466","12/17/2018","12:40","PM","12/20/2018","00:00",,"212","REPAIR BROKEN MAIN"
"2831484","12/17/2018","01:45","PM","12/18/2018","00:00",,"212","REPAIR BROKEN MAIN"
"2831540","12/17/2018","03:44","PM","12/18/2018","00:00",,"212","REPAIR BROKEN MAIN"
"2831549","12/17/2018","04:38","PM","12/18/2018","00:00",,"212","REPAIR BROKEN MAIN"
"2831270","12/16/2018","10:11","AM","12/17/2018","00:00",,"212","REPAIR BROKEN MAIN"
"2831306","12/16/2018","11:10","PM","12/17/2018","00:00",,"212","REPAIR BROKEN MAIN"
"2831169","12/15/2018","12:33","AM","12/15/2018","00:00",,"212","REPAIR BROKEN MAIN"
"2831197","12/15/2018","10:22","AM","12/17/2018","00:00",,"212","REPAIR BROKEN MAIN"
"2831227","12/15/2018","05:02","PM","12/17/2018","00:00",,"212","REPAIR BROKEN MAIN"
"2830896","12/14/2018","12:30","AM","12/14/2018","00:00",,"212","REPAIR BROKEN MAIN"
"2830898","12/14/2018","01:00","AM","12/14/2018","00:00",,"212","REPAIR BROKEN MAIN"
"2830937","12/14/2018","08:33","AM","12/14/2018","00:00",,"212","REPAIR BROKEN MAIN"
"2831049","12/14/2018","12:56","PM","12/17/2018","00:00",,"212","REPAIR BROKEN MAIN"
"2831098","12/14/2018","02:50","PM","12/15/2018","00:00",,"212","REPAIR BROKEN MAIN"
"2831130","12/14/2018","04:43","PM","12/16/2018","00:00",,"212","REPAIR BROKEN MAIN"
"2831142","12/14/2018","06:24","PM","12/15/2018","00:00",,"212","REPAIR BROKEN MAIN"
"2831147","12/14/2018","06:58","PM","12/17/2018","00:00",,"212","REPAIR BROKEN MAIN"
"2831149","12/14/2018","07:21","PM","12/15/2018","00:00",,"212","REPAIR BROKEN MAIN"
"2830600","12/13/2018","02:53","AM","12/13/2018","00:00",,"212","REPAIR BROKEN MAIN"
"2830656","12/13/2018","08:14","AM","12/13/2018","00:00",,"212","REPAIR BROKEN MAIN"
"2830762","12/13/2018","11:47","AM","12/13/2018","00:00",,"212","REPAIR BROKEN MAIN"
"2830794","12/13/2018","02:35","PM","12/14/2018","00:00",,"212","REPAIR BROKEN MAIN"
"2830807","12/13/2018","03:15","PM","12/14/2018","00:00",,"212","REPAIR BROKEN MAIN"
"2830823","12/13/2018","04:38","PM","12/13/2018","00:00",,"212","REPAIR BROKEN MAIN"
"2830277","12/12/2018","12:01","AM","12/14/2018","00:00",,"212","REPAIR BROKEN MAIN"
"2830278","12/12/2018","12:45","AM","12/12/2018","00:00",,"212","REPAIR BROKEN MAIN"
"2830296","12/12/2018","08:01","AM","12/12/2018","00:00",,"212","REPAIR BROKEN MAIN"
"2830352","12/12/2018","09:42","AM","12/12/2018","00:00",,"212","REPAIR BROKEN MAIN"
"2830354","12/12/2018","09:45","AM","12/13/2018","00:00",,"212","REPAIR BROKEN MAIN"
"2830380","12/12/2018","10:35","AM","12/13/2018","00:00",,"212","REPAIR BROKEN MAIN"
"2830414","12/12/2018","11:49","AM","12/13/2018","00:00",,"212","REPAIR BROKEN MAIN"
"2830425","12/12/2018","12:10","PM","12/13/2018","00:00",,"212","REPAIR BROKEN MAIN"
"2830468","12/12/2018","01:43","PM","12/12/2018","00:00",,"212","REPAIR BROKEN MAIN"
"2830550","12/12/2018","04:42","PM","12/13/2018","00:00",,"212","REPAIR BROKEN MAIN"
"2830553","12/12/2018","05:09","PM","12/13/2018","00:00",,"212","REPAIR BROKEN MAIN"
"2830554","12/12/2018","05:16","PM","12/13/2018","00:00",,"212","REPAIR BROKEN MAIN"
"2830557","12/12/2018","05:49","PM","12/13/2018","00:00",,"212","REPAIR BROKEN MAIN"
"2830563","12/12/2018","06:33","PM","12/13/2018","00:00",,"212","REPAIR BROKEN MAIN"
"2830566","12/12/2018","07:07","PM","12/13/2018","00:00",,"212","REPAIR BROKEN MAIN"
"2830573","12/12/2018","07:21","PM","12/13/2018","00:00",,"212","REPAIR BROKEN MAIN"
"2830583","12/12/2018","08:56","PM","12/12/2018","00:00",,"212","REPAIR BROKEN MAIN"
"2829499","12/11/2018","01:00","AM","12/11/2018","00:00",,"212","REPAIR BROKEN MAIN"
"2829503","12/11/2018","05:29","AM","12/17/2018","00:00",,"212","REPAIR BROKEN MAIN"
"2829513","12/11/2018","07:17","AM","12/12/2018","00:00",,"212","REPAIR BROKEN MAIN"
"2829571","12/11/2018","09:26","AM","12/11/2018","00:00",,"212","REPAIR BROKEN MAIN"
"2829648","12/11/2018","12:21","PM","12/12/2018","00:00",,"212","REPAIR BROKEN MAIN"
"2829665","12/11/2018","12:51","PM","12/12/2018","00:00",,"212","REPAIR BROKEN MAIN"
"2829702","12/11/2018","01:43","PM","12/11/2018","00:00",,"212","REPAIR BROKEN MAIN"
"2829724","12/11/2018","02:01","PM","12/11/2018","00:00",,"212","REPAIR BROKEN MAIN"
"2829758","12/11/2018","03:05","PM","12/12/2018","00:00",,"212","REPAIR BROKEN MAIN"
"2829785","12/11/2018","04:33","PM","12/19/2018","00:00",,"212","REPAIR BROKEN MAIN"
"2829790","12/11/2018","04:43","PM","12/12/2018","00:00",,"212","REPAIR BROKEN MAIN"
"2829809","12/11/2018","05:58","PM","12/12/2018","00:00",,"212","REPAIR BROKEN MAIN"
"2829815","12/11/2018","06:10","PM","12/12/2018","00:00",,"212","REPAIR BROKEN MAIN"
"2830275","12/11/2018","11:06","PM","12/12/2018","00:00",,"212","REPAIR BROKEN MAIN"
"2829347","12/10/2018","12:51","PM","12/17/2018","00:00",,"212","REPAIR BROKEN MAIN"
"2829369","12/10/2018","01:44","PM","12/11/2018","00:00",,"212","REPAIR BROKEN MAIN"
"2829403","12/10/2018","02:56","PM","12/12/2018","00:00",,"212","REPAIR BROKEN MAIN"
"2829426","12/10/2018","03:50","PM","12/11/2018","00:00",,"212","REPAIR BROKEN MAIN"
"2829473","12/10/2018","08:28","PM","12/11/2018","00:00",,"212","REPAIR BROKEN MAIN"
"2829491","12/10/2018","10:49","PM","12/11/2018","00:00",,"212","REPAIR BROKEN MAIN"
"2829493","12/10/2018","11:27","PM","12/11/2018","00:00",,"212","REPAIR BROKEN MAIN"
"2829495","12/10/2018","11:54","PM","12/11/2018","00:00",,"212","REPAIR BROKEN MAIN"
"2829147","12/09/2018","09:58","AM","12/10/2018","00:00",,"212","REPAIR BROKEN MAIN"
"2829149","12/09/2018","10:24","AM","12/12/2018","00:00",,"212","REPAIR BROKEN MAIN"
"2829152","12/09/2018","10:46","AM","12/10/2018","00:00",,"212","REPAIR BROKEN MAIN"
"2829182","12/09/2018","04:56","PM","12/10/2018","00:00",,"212","REPAIR BROKEN MAIN"
"2829189","12/09/2018","08:47","PM","12/13/2018","00:00",,"212","REPAIR BROKEN MAIN"
"2829117","12/08/2018","01:16","PM","12/08/2018","00:00",,"212","REPAIR BROKEN MAIN"
"2829118","12/08/2018","01:19","PM","12/08/2018","00:00",,"212","REPAIR BROKEN MAIN"
"2829126","12/08/2018","04:16","PM","12/09/2018","00:00",,"212","REPAIR BROKEN MAIN"
"2829138","12/08/2018","11:04","PM","12/12/2018","00:00",,"212","REPAIR BROKEN MAIN"
"2828861","12/07/2018","12:24","AM","12/07/2018","00:00",,"212","REPAIR BROKEN MAIN"
"2828862","12/07/2018","01:28","AM","12/07/2018","00:00",,"212","REPAIR BROKEN MAIN"
"2828906","12/07/2018","08:37","AM","12/07/2018","00:00",,"212","REPAIR BROKEN MAIN"
"2828921","12/07/2018","09:29","AM","12/07/2018","00:00",,"212","REPAIR BROKEN MAIN"
"2828971","12/07/2018","11:38","AM","12/08/2018","00:00",,"212","REPAIR BROKEN MAIN"
"2829053","12/07/2018","03:52","PM","12/08/2018","00:00",,"212","REPAIR BROKEN MAIN"
"2829072","12/07/2018","05:38","PM","12/11/2018","00:00",,"212","REPAIR BROKEN MAIN"
"2829079","12/07/2018","06:09","PM","12/08/2018","00:00",,"212","REPAIR BROKEN MAIN"
"2829095","12/07/2018","09:02","PM","12/08/2018","00:00",,"212","REPAIR BROKEN MAIN"
"2829100","12/07/2018","09:43","PM","12/08/2018","00:00",,"212","REPAIR BROKEN MAIN"
"2828571","12/06/2018","03:10","AM","12/06/2018","00:00",,"212","REPAIR BROKEN MAIN"
"2828574","12/06/2018","06:20","AM","12/06/2018","00:00",,"212","REPAIR BROKEN MAIN"
"2828588","12/06/2018","07:13","AM","12/10/2018","00:00",,"212","REPAIR BROKEN MAIN"
"2828619","12/06/2018","08:48","AM","12/07/2018","00:00",,"212","REPAIR BROKEN MAIN"
"2828323","12/05/2018","08:27","AM","12/06/2018","00:00",,"212","REPAIR BROKEN MAIN"
"2828467","12/05/2018","02:31","PM","12/07/2018","00:00",,"212","REPAIR BROKEN MAIN"
"2828525","12/05/2018","04:50","PM","12/06/2018","00:00",,"212","REPAIR BROKEN MAIN"
"2828557","12/05/2018","08:34","PM","12/06/2018","00:00",,"212","REPAIR BROKEN MAIN"
"2828023","12/04/2018","08:50","AM","12/06/2018","00:00",,"212","REPAIR BROKEN MAIN"
"2828027","12/04/2018","08:54","AM","12/04/2018","00:00",,"212","REPAIR BROKEN MAIN"
"2828166","12/04/2018","02:02","PM","12/05/2018","00:00",,"212","REPAIR BROKEN MAIN"
"2828259","12/04/2018","09:11","PM","12/05/2018","00:00",,"212","REPAIR BROKEN MAIN"
"2828261","12/04/2018","09:37","PM","12/05/2018","00:00",,"212","REPAIR BROKEN MAIN"
"2827700","12/03/2018","08:23","AM","12/03/2018","00:00",,"212","REPAIR BROKEN MAIN"
"2827714","12/03/2018","09:07","AM","12/03/2018","00:00",,"212","REPAIR BROKEN MAIN"
"2827723","12/03/2018","09:17","AM","12/03/2018","00:00",,"212","REPAIR BROKEN MAIN"
"2827750","12/03/2018","10:19","AM","12/05/2018","00:00",,"212","REPAIR BROKEN MAIN"
"2827790","12/03/2018","12:39","PM","12/05/2018","00:00",,"212","REPAIR BROKEN MAIN"
"2827800","12/03/2018","12:49","PM","12/03/2018","00:00",,"212","REPAIR BROKEN MAIN"
"2827934","12/03/2018","05:10","PM","12/04/2018","00:00",,"212","REPAIR BROKEN MAIN"
"2827611","12/02/2018","06:20","AM","12/02/2018","00:00",,"212","REPAIR BROKEN MAIN"
"2827617","12/02/2018","08:21","AM","12/02/2018","00:00",,"212","REPAIR BROKEN MAIN"
"2827622","12/02/2018","10:14","AM","12/02/2018","00:00",,"212","REPAIR BROKEN MAIN"
"2827623","12/02/2018","10:20","AM","12/03/2018","00:00",,"212","REPAIR BROKEN MAIN"
"2827625","12/02/2018","10:39","AM","12/03/2018","00:00",,"212","REPAIR BROKEN MAIN"
"2827626","12/02/2018","10:44","AM","12/03/2018","00:00",,"212","REPAIR BROKEN MAIN"
"2827637","12/02/2018","01:11","PM","12/03/2018","00:00",,"212","REPAIR BROKEN MAIN"
"2827640","12/02/2018","01:49","PM","12/04/2018","00:00",,"212","REPAIR BROKEN MAIN"
"2827645","12/02/2018","02:46","PM","12/03/2018","00:00",,"212","REPAIR BROKEN MAIN"
"2827668","12/02/2018","09:26","PM","12/03/2018","00:00",,"212","REPAIR BROKEN MAIN"
"2827669","12/02/2018","10:02","PM","12/03/2018","00:00",,"212","REPAIR BROKEN MAIN"
"2826724","12/01/2018","02:14","AM","12/03/2018","00:00",,"212","REPAIR BROKEN MAIN"
"2826741","12/01/2018","08:44","AM","12/01/2018","00:00",,"212","REPAIR BROKEN MAIN"
"2826743","12/01/2018","09:04","AM","12/04/2018","00:00",,"212","REPAIR BROKEN MAIN"
"2826748","12/01/2018","10:00","AM","12/03/2018","00:00",,"212","REPAIR BROKEN MAIN"
"2826767","12/01/2018","02:27","PM","12/01/2018","00:00",,"212","REPAIR BROKEN MAIN"
"2826777","12/01/2018","03:51","PM","12/03/2018","00:00",,"212","REPAIR BROKEN MAIN"
"2826787","12/01/2018","06:31","PM","12/02/2018","00:00",,"212","REPAIR BROKEN MAIN"
"2826406","11/30/2018","02:11","AM","11/30/2018","00:00",,"212","REPAIR BROKEN MAIN"
"2826411","11/30/2018","04:23","AM","11/30/2018","00:00",,"212","REPAIR BROKEN MAIN"
"2826434","11/30/2018","07:35","AM","11/30/2018","00:00",,"212","REPAIR BROKEN MAIN"
"2826440","11/30/2018","07:56","AM","11/30/2018","00:00",,"212","REPAIR BROKEN MAIN"
"2826472","11/30/2018","09:11","AM","11/30/2018","00:00",,"212","REPAIR BROKEN MAIN"
"2826478","11/30/2018","09:26","AM","11/30/2018","00:00",,"212","REPAIR BROKEN MAIN"
"2826613","11/30/2018","03:22","PM","12/01/2018","00:00",,"212","REPAIR BROKEN MAIN"
"2826618","11/30/2018","03:39","PM","12/03/2018","00:00",,"212","REPAIR BROKEN MAIN"
"2826642","11/30/2018","06:25","PM","12/01/2018","00:00",,"212","REPAIR BROKEN MAIN"
"2826647","11/30/2018","07:39","PM","12/05/2018","00:00",,"212","REPAIR BROKEN MAIN"
"2826713","11/30/2018","08:19","PM","11/30/2018","00:00",,"212","REPAIR BROKEN MAIN"
"2826717","11/30/2018","09:10","PM","12/01/2018","00:00",,"212","REPAIR BROKEN MAIN"
"2826721","11/30/2018","11:19","PM","12/02/2018","00:00",,"212","REPAIR BROKEN MAIN"
"2826120","11/29/2018","07:44","AM","11/29/2018","00:00",,"212","REPAIR BROKEN MAIN"
"2826129","11/29/2018","08:09","AM","11/29/2018","00:00",,"212","REPAIR BROKEN MAIN"
"2826155","11/29/2018","09:17","AM","11/29/2018","00:00",,"212","REPAIR BROKEN MAIN"
"2826160","11/29/2018","09:25","AM","11/29/2018","00:00",,"212","REPAIR BROKEN MAIN"
"2826161","11/29/2018","09:28","AM","11/29/2018","00:00",,"212","REPAIR BROKEN MAIN"
"2826164","11/29/2018","09:31","AM","11/30/2018","00:00",,"212","REPAIR BROKEN MAIN"
"2826204","11/29/2018","10:30","AM","11/29/2018","00:00",,"212","REPAIR BROKEN MAIN"
"2826278","11/29/2018","09:30","AM","11/29/2018","00:00",,"212","REPAIR BROKEN MAIN"
"2826339","11/29/2018","04:28","PM","11/30/2018","00:00",,"212","REPAIR BROKEN MAIN"
"2826369","11/29/2018","10:20","PM","11/30/2018","00:00",,"212","REPAIR BROKEN MAIN"
"2825805","11/28/2018","12:50","AM","11/28/2018","00:00",,"212","REPAIR BROKEN MAIN"
"2825858","11/28/2018","09:20","AM","11/28/2018","00:00",,"212","REPAIR BROKEN MAIN"
"2825936","11/28/2018","11:22","AM","11/30/2018","00:00",,"212","REPAIR BROKEN MAIN"
"2826045","11/28/2018","04:36","PM","11/29/2018","00:00",,"212","REPAIR BROKEN MAIN"
"2826075","11/28/2018","07:36","PM","11/29/2018","00:00",,"212","REPAIR BROKEN MAIN"
"2826091","11/28/2018","09:45","PM","11/29/2018","00:00",,"212","REPAIR BROKEN MAIN"
"2825510","11/27/2018","07:56","AM","11/27/2018","00:00",,"212","REPAIR BROKEN MAIN"
"2825544","11/27/2018","09:18","AM","11/27/2018","00:00",,"212","REPAIR BROKEN MAIN"
"2825582","11/27/2018","10:44","AM","11/27/2018","00:00",,"212","REPAIR BROKEN MAIN"
"2825731","11/27/2018","03:20","PM","11/27/2018","00:00",,"212","REPAIR BROKEN MAIN"
"2825223","11/26/2018","06:30","AM","11/26/2018","00:00",,"212","REPAIR BROKEN MAIN"
"2825266","11/26/2018","08:18","AM","11/27/2018","00:00",,"212","REPAIR BROKEN MAIN"
"2825316","11/26/2018","10:13","AM","11/26/2018","00:00",,"212","REPAIR BROKEN MAIN"
"2825320","11/26/2018","10:17","AM","11/26/2018","00:00",,"212","REPAIR BROKEN MAIN"
"2825321","11/26/2018","10:19","AM","11/27/2018","00:00",,"212","REPAIR BROKEN MAIN"
"2825352","11/26/2018","11:23","AM","11/27/2018","00:00",,"212","REPAIR BROKEN MAIN"
"2825438","11/26/2018","03:08","PM","11/26/2018","00:00",,"212","REPAIR BROKEN MAIN"
"2825470","11/26/2018","07:50","PM","11/27/2018","00:00",,"212","REPAIR BROKEN MAIN"
"2825476","11/26/2018","10:25","PM","11/27/2018","00:00",,"212","REPAIR BROKEN MAIN"
"2825147","11/25/2018","08:28","AM","11/27/2018","00:00",,"212","REPAIR BROKEN MAIN"
"2825149","11/25/2018","08:55","AM","11/25/2018","00:00",,"212","REPAIR BROKEN MAIN"
"2825156","11/25/2018","09:57","AM","11/26/2018","00:00",,"212","REPAIR BROKEN MAIN"
"2825167","11/25/2018","11:39","AM","11/25/2018","00:00",,"212","REPAIR BROKEN MAIN"
"2825173","11/25/2018","12:32","PM","11/26/2018","00:00",,"212","REPAIR BROKEN MAIN"
"2825174","11/25/2018","12:31","PM","11/27/2018","00:00",,"212","REPAIR BROKEN MAIN"
"2825180","11/25/2018","01:26","PM","11/25/2018","00:00",,"212","REPAIR BROKEN MAIN"
"2825193","11/25/2018","03:18","PM","11/26/2018","00:00",,"212","REPAIR BROKEN MAIN"
"2825197","11/25/2018","04:24","PM","11/26/2018","00:00",,"212","REPAIR BROKEN MAIN"
"2825205","11/25/2018","05:49","PM","11/26/2018","00:00",,"212","REPAIR BROKEN MAIN"
"2825212","11/25/2018","07:43","PM","11/26/2018","00:00",,"212","REPAIR BROKEN MAIN"
"2825214","11/25/2018","08:22","PM","11/26/2018","00:00",,"212","REPAIR BROKEN MAIN"
"2825069","11/24/2018","01:02","AM","11/27/2018","00:00",,"212","REPAIR BROKEN MAIN"
"2825080","11/24/2018","09:27","AM","11/27/2018","00:00",,"212","REPAIR BROKEN MAIN"
"2825090","11/24/2018","10:57","AM","11/27/2018","00:00",,"212","REPAIR BROKEN MAIN"
"2825091","11/24/2018","11:00","AM","11/26/2018","00:00",,"212","REPAIR BROKEN MAIN"
"2825125","11/24/2018","05:40","PM","11/26/2018","00:00",,"212","REPAIR BROKEN MAIN"
"2825067","11/23/2018","07:40","PM","11/27/2018","00:00",,"212","REPAIR BROKEN MAIN"
"2824920","11/22/2018","08:31","AM","11/23/2018","00:00",,"212","REPAIR BROKEN MAIN"
"2824932","11/22/2018","11:32","AM","11/23/2018","00:00",,"212","REPAIR BROKEN MAIN"
"2824943","11/22/2018","05:24","PM","11/26/2018","00:00",,"212","REPAIR BROKEN MAIN"
"2824946","11/22/2018","07:35","PM","11/23/2018","00:00",,"212","REPAIR BROKEN MAIN"
"2824591","11/21/2018","07:57","AM","11/21/2018","00:00",,"212","REPAIR BROKEN MAIN"
"2824594","11/21/2018","08:05","AM","11/21/2018","00:00",,"212","REPAIR BROKEN MAIN"
"2824595","11/21/2018","08:08","AM","11/21/2018","00:00",,"212","REPAIR BROKEN MAIN"
"2824854","11/21/2018","01:33","PM","11/21/2018","00:00",,"212","REPAIR BROKEN MAIN"
"2824909","11/21/2018","07:51","PM","11/26/2018","00:00",,"212","REPAIR BROKEN MAIN"
"2824241","11/20/2018","05:44","AM","11/21/2018","00:00",,"212","REPAIR BROKEN MAIN"
"2824272","11/20/2018","08:05","AM","11/20/2018","00:00",,"212","REPAIR BROKEN MAIN"
"2824290","11/20/2018","08:27","AM","11/20/2018","00:00",,"212","REPAIR BROKEN MAIN"
"2824349","11/20/2018","10:39","AM","11/21/2018","00:00",,"212","REPAIR BROKEN MAIN"
"2824381","11/20/2018","11:38","AM","11/21/2018","00:00",,"212","REPAIR BROKEN MAIN"
"2824406","11/20/2018","12:31","PM","11/29/2018","00:00",,"212","REPAIR BROKEN MAIN"
"2824424","11/20/2018","12:54","PM","11/21/2018","00:00",,"212","REPAIR BROKEN MAIN"
"2824458","11/20/2018","02:07","PM","11/21/2018","00:00",,"212","REPAIR BROKEN MAIN"
"2824468","11/20/2018","02:33","PM","11/21/2018","00:00",,"212","REPAIR BROKEN MAIN"
"2824516","11/20/2018","04:14","PM","12/06/2018","00:00",,"212","REPAIR BROKEN MAIN"
"2824555","11/20/2018","10:05","PM","11/21/2018","00:00",,"212","REPAIR BROKEN MAIN"
"2824557","11/20/2018","10:28","PM","11/21/2018","00:00",,"212","REPAIR BROKEN MAIN"
"2823959","11/19/2018","12:50","AM","11/20/2018","00:00",,"212","REPAIR BROKEN MAIN"
"2824020","11/19/2018","09:07","AM","12/04/2018","00:00",,"212","REPAIR BROKEN MAIN"
"2824035","11/19/2018","09:32","AM","11/19/2018","00:00",,"212","REPAIR BROKEN MAIN"
"2824041","11/19/2018","09:42","AM","11/19/2018","00:00",,"212","REPAIR BROKEN MAIN"
"2824043","11/19/2018","09:50","AM","11/19/2018","00:00",,"212","REPAIR BROKEN MAIN"
"2824069","11/19/2018","10:43","AM","11/19/2018","00:00",,"212","REPAIR BROKEN MAIN"
"2824101","11/19/2018","12:00","AM","11/20/2018","00:00",,"212","REPAIR BROKEN MAIN"
"2824131","11/19/2018","01:25","PM","11/19/2018","00:00",,"212","REPAIR BROKEN MAIN"
"2824170","11/19/2018","03:06","PM","11/21/2018","00:00",,"212","REPAIR BROKEN MAIN"
"2824194","11/19/2018","04:35","PM","11/20/2018","00:00",,"212","REPAIR BROKEN MAIN"
"2824202","11/19/2018","04:57","PM","11/20/2018","00:00",,"212","REPAIR BROKEN MAIN"
"2824215","11/19/2018","05:56","PM","11/20/2018","00:00",,"212","REPAIR BROKEN MAIN"
"2824219","11/19/2018","07:52","PM","11/21/2018","00:00",,"212","REPAIR BROKEN MAIN"
"2824223","11/19/2018","05:56","PM","11/20/2018","00:00",,"212","REPAIR BROKEN MAIN"
"2824234","11/19/2018","10:46","PM","11/20/2018","00:00",,"212","REPAIR BROKEN MAIN"
"2824237","11/19/2018","11:12","PM","11/20/2018","00:00",,"212","REPAIR BROKEN MAIN"
"2823889","11/18/2018","08:14","AM","11/19/2018","00:00",,"212","REPAIR BROKEN MAIN"
"2823893","11/18/2018","08:45","AM","11/19/2018","00:00",,"212","REPAIR BROKEN MAIN"
"2823898","11/18/2018","09:52","AM","11/19/2018","00:00",,"212","REPAIR BROKEN MAIN"
"2823899","11/18/2018","09:54","AM","11/19/2018","00:00",,"212","REPAIR BROKEN MAIN"
"2823900","11/18/2018","10:01","AM","11/18/2018","00:00",,"212","REPAIR BROKEN MAIN"
"2823912","11/18/2018","11:07","AM","11/18/2018","00:00",,"212","REPAIR BROKEN MAIN"
"2823922","11/18/2018","12:11","PM","11/19/2018","00:00",,"212","REPAIR BROKEN MAIN"
"2823926","11/18/2018","01:33","PM","11/19/2018","00:00",,"212","REPAIR BROKEN MAIN"
"2823943","11/18/2018","04:21","PM","11/19/2018","00:00",,"212","REPAIR BROKEN MAIN"
"2823944","11/18/2018","04:35","PM","11/18/2018","00:00",,"212","REPAIR BROKEN MAIN"
"2823945","11/18/2018","05:05","PM","11/20/2018","00:00",,"212","REPAIR BROKEN MAIN"
"2823946","11/18/2018","06:07","PM","11/19/2018","00:00",,"212","REPAIR BROKEN MAIN"
"2823780","11/17/2018","02:47","AM","11/17/2018","00:00",,"212","REPAIR BROKEN MAIN"
"2823784","11/17/2018","04:35","AM","11/19/2018","00:00",,"212","REPAIR BROKEN MAIN"
"2823785","11/17/2018","05:22","AM","11/17/2018","00:00",,"212","REPAIR BROKEN MAIN"
"2823791","11/17/2018","08:41","AM","11/17/2018","00:00",,"212","REPAIR BROKEN MAIN"
"2823802","11/17/2018","10:08","AM","11/17/2018","00:00",,"212","REPAIR BROKEN MAIN"
"2823807","11/17/2018","10:41","AM","11/20/2018","00:00",,"212","REPAIR BROKEN MAIN"
"2823809","11/17/2018","10:51","AM","11/19/2018","00:00",,"212","REPAIR BROKEN MAIN"
"2823832","11/17/2018","01:42","PM","11/17/2018","00:00",,"212","REPAIR BROKEN MAIN"
"2823840","11/17/2018","02:30","PM","11/18/2018","00:00",,"212","REPAIR BROKEN MAIN"
"2823851","11/17/2018","03:40","PM","11/29/2018","00:00",,"212","REPAIR BROKEN MAIN"
"2823858","11/17/2018","05:33","PM","11/19/2018","00:00",,"212","REPAIR BROKEN MAIN"
"2823865","11/17/2018","08:22","PM","11/18/2018","00:00",,"212","REPAIR BROKEN MAIN"
"2823867","11/17/2018","08:31","PM","11/19/2018","00:00",,"212","REPAIR BROKEN MAIN"
"2823877","11/17/2018","10:54","PM","11/19/2018","00:00",,"212","REPAIR BROKEN MAIN"
"2823585","11/16/2018","08:39","AM","11/16/2018","00:00",,"212","REPAIR BROKEN MAIN"
"2823591","11/16/2018","08:56","AM","11/18/2018","00:00",,"212","REPAIR BROKEN MAIN"
"2823596","11/16/2018","09:28","AM","11/16/2018","00:00",,"212","REPAIR BROKEN MAIN"
"2823630","11/16/2018","10:54","AM","11/16/2018","00:00",,"212","REPAIR BROKEN MAIN"
"2823641","11/16/2018","11:26","AM","11/16/2018","00:00",,"212","REPAIR BROKEN MAIN"
"2823667","11/16/2018","12:49","PM","11/16/2018","00:00",,"212","REPAIR BROKEN MAIN"
"2823682","11/16/2018","01:34","PM","11/16/2018","00:00",,"212","REPAIR BROKEN MAIN"
"2823687","11/16/2018","01:41","PM","11/16/2018","00:00",,"212","REPAIR BROKEN MAIN"
"2823702","11/16/2018","02:27","PM","11/16/2018","00:00",,"212","REPAIR BROKEN MAIN"
"2823746","11/16/2018","04:33","PM","11/16/2018","00:00",,"212","REPAIR BROKEN MAIN"
"2823751","11/16/2018","04:42","PM","11/16/2018","00:00",,"212","REPAIR BROKEN MAIN"
"2823768","11/16/2018","07:04","PM","11/20/2018","00:00",,"212","REPAIR BROKEN MAIN"
"2823778","11/16/2018","10:00","PM","11/17/2018","00:00",,"212","REPAIR BROKEN MAIN"
"2823326","11/15/2018","12:03","AM","11/16/2018","00:00",,"212","REPAIR BROKEN MAIN"
"2823329","11/15/2018","04:54","AM","11/16/2018","00:00",,"212","REPAIR BROKEN MAIN"
"2823330","11/15/2018","05:42","AM","11/15/2018","00:00",,"212","REPAIR BROKEN MAIN"
"2823370","11/15/2018","09:10","AM","11/16/2018","00:00",,"212","REPAIR BROKEN MAIN"
"2823390","11/15/2018","10:10","AM","11/15/2018","00:00",,"212","REPAIR BROKEN MAIN"
"2823509","11/15/2018","08:13","PM","11/16/2018","00:00",,"212","REPAIR BROKEN MAIN"
"2823128","11/14/2018","03:56","AM","11/14/2018","00:00",,"212","REPAIR BROKEN MAIN"
"2823168","11/14/2018","08:56","AM","11/15/2018","00:00",,"212","REPAIR BROKEN MAIN"
"2823169","11/14/2018","09:12","AM","11/14/2018","00:00",,"212","REPAIR BROKEN MAIN"
"2823177","11/14/2018","09:47","AM","11/16/2018","00:00",,"212","REPAIR BROKEN MAIN"
"2823191","11/14/2018","10:29","AM","11/14/2018","00:00",,"212","REPAIR BROKEN MAIN"
"2823239","11/14/2018","01:35","PM","11/28/2018","00:00",,"212","REPAIR BROKEN MAIN"
"2823303","11/14/2018","06:21","PM","11/16/2018","00:00",,"212","REPAIR BROKEN MAIN"
"2822793","11/13/2018","09:56","AM","11/13/2018","00:00",,"212","REPAIR BROKEN MAIN"
"2822837","11/13/2018","11:21","AM","11/13/2018","00:00",,"212","REPAIR BROKEN MAIN"
"2823032","11/13/2018","05:46","PM","11/14/2018","00:00",,"212","REPAIR BROKEN MAIN"
"2823035","11/13/2018","07:03","PM","11/14/2018","00:00",,"212","REPAIR BROKEN MAIN"
"2822628","11/12/2018","01:30","AM","11/12/2018","00:00",,"212","REPAIR BROKEN MAIN"
"2822640","11/12/2018","09:10","AM","11/13/2018","00:00",,"212","REPAIR BROKEN MAIN"
"2822649","11/12/2018","09:54","AM","11/13/2018","00:00",,"212","REPAIR BROKEN MAIN"
"2822652","11/12/2018","10:56","AM","11/12/2018","00:00",,"212","REPAIR BROKEN MAIN"
"2822689","11/12/2018","03:16","PM","11/12/2018","00:00",,"212","REPAIR BROKEN MAIN"
"2822576","11/11/2018","08:15","AM","11/11/2018","00:00",,"212","REPAIR BROKEN MAIN"
"2822580","11/11/2018","09:53","AM","11/14/2018","00:00",,"212","REPAIR BROKEN MAIN"
"2822581","11/11/2018","09:56","AM","11/14/2018","00:00",,"212","REPAIR BROKEN MAIN"
"2822582","11/11/2018","09:59","AM","11/13/2018","00:00",,"212","REPAIR BROKEN MAIN"
"2822596","11/11/2018","02:10","PM","11/13/2018","00:00",,"212","REPAIR BROKEN MAIN"
"2822620","11/11/2018","08:11","PM","11/13/2018","00:00",,"212","REPAIR BROKEN MAIN"
"2822623","11/11/2018","09:31","PM","11/12/2018","00:00",,"212","REPAIR BROKEN MAIN"
"2822535","11/10/2018","11:09","AM","11/10/2018","00:00",,"212","REPAIR BROKEN MAIN"
"2822542","11/10/2018","01:13","PM","11/10/2018","00:00",,"212","REPAIR BROKEN MAIN"
"2822555","11/10/2018","05:09","PM","11/13/2018","00:00",,"212","REPAIR BROKEN MAIN"
"2822254","11/09/2018","04:01","AM","11/09/2018","00:00",,"212","REPAIR BROKEN MAIN"
"2822256","11/09/2018","05:11","AM","11/09/2018","00:00",,"212","REPAIR BROKEN MAIN"
"2822287","11/09/2018","07:52","AM","11/09/2018","00:00",,"212","REPAIR BROKEN MAIN"
"2822508","11/09/2018","09:40","PM","11/10/2018","00:00",,"212","REPAIR BROKEN MAIN"
"2821870","11/08/2018","08:30","AM","11/08/2018","00:00",,"212","REPAIR BROKEN MAIN"
"2821896","11/08/2018","09:54","AM","11/09/2018","00:00",,"212","REPAIR BROKEN MAIN"
"2821921","11/08/2018","10:59","AM","11/11/2018","00:00",,"212","REPAIR BROKEN MAIN"
"2821659","11/07/2018","08:30","AM","11/07/2018","00:00",,"212","REPAIR BROKEN MAIN"
"2821769","11/07/2018","02:13","PM","11/07/2018","00:00",,"212","REPAIR BROKEN MAIN"
"2821557","11/06/2018","08:53","AM","11/08/2018","00:00",,"212","REPAIR BROKEN MAIN"
"2821604","11/06/2018","01:48","PM","11/07/2018","00:00",,"212","REPAIR BROKEN MAIN"
"2821332","11/05/2018","03:20","AM","11/05/2018","00:00",,"212","REPAIR BROKEN MAIN"
"2821631","11/05/2018","06:30","AM","11/05/2018","00:00",,"212","REPAIR BROKEN MAIN"
"2821309","11/04/2018","08:21","AM","11/04/2018","00:00",,"212","REPAIR BROKEN MAIN"
"2821328","11/04/2018","07:17","PM","11/07/2018","00:00",,"212","REPAIR BROKEN MAIN"
"2821275","11/03/2018","01:54","AM","11/05/2018","00:00",,"212","REPAIR BROKEN MAIN"
"2821278","11/03/2018","03:32","AM","11/08/2018","00:00",,"212","REPAIR BROKEN MAIN"
"2821279","11/03/2018","03:56","AM","11/03/2018","00:00",,"212","REPAIR BROKEN MAIN"
"2821297","11/03/2018","02:19","PM","11/03/2018","00:00",,"212","REPAIR BROKEN MAIN"
"2821300","11/03/2018","05:00","PM","11/05/2018","00:00",,"212","REPAIR BROKEN MAIN"
"2821099","11/02/2018","09:13","AM","11/04/2018","00:00",,"212","REPAIR BROKEN MAIN"
"2821190","11/02/2018","02:01","PM","11/02/2018","00:00",,"212","REPAIR BROKEN MAIN"
"2821197","11/02/2018","02:20","PM","11/03/2018","00:00",,"212","REPAIR BROKEN MAIN"
"2821209","11/02/2018","02:45","PM","11/05/2018","00:00",,"212","REPAIR BROKEN MAIN"
"2821265","11/02/2018","09:19","PM","11/06/2018","00:00",,"212","REPAIR BROKEN MAIN"
"2819226","11/01/2018","04:34","AM","11/01/2018","00:00",,"212","REPAIR BROKEN MAIN"
"2819359","11/01/2018","11:46","AM","11/01/2018","00:00",,"212","REPAIR BROKEN MAIN"
"2819372","11/01/2018","11:58","AM","11/07/2018","00:00",,"212","REPAIR BROKEN MAIN"
"2819451","11/01/2018","04:00","PM","11/01/2018","00:00",,"212","REPAIR BROKEN MAIN"
"2819044","10/31/2018","09:04","AM","11/01/2018","00:00",,"212","REPAIR BROKEN MAIN"
"2819075","10/31/2018","10:29","AM","10/31/2018","00:00",,"212","REPAIR BROKEN MAIN"
"2819159","10/31/2018","12:30","PM","11/20/2018","00:00",,"212","REPAIR BROKEN MAIN"
"2819198","10/31/2018","05:24","PM","11/09/2018","00:00",,"212","REPAIR BROKEN MAIN"
"2819221","10/31/2018","10:03","PM","11/01/2018","00:00",,"212","REPAIR BROKEN MAIN"
"2818710","10/30/2018","06:51","AM","10/30/2018","00:00",,"212","REPAIR BROKEN MAIN"
"2818754","10/30/2018","08:45","AM","11/01/2018","00:00",,"212","REPAIR BROKEN MAIN"
"2818808","10/30/2018","10:15","AM","10/31/2018","00:00",,"212","REPAIR BROKEN MAIN"
"2818860","10/30/2018","12:24","PM","10/31/2018","00:00",,"212","REPAIR BROKEN MAIN"
"2818906","10/30/2018","02:11","PM","10/30/2018","00:00",,"212","REPAIR BROKEN MAIN"
"2818970","10/30/2018","06:52","PM","11/01/2018","00:00",,"212","REPAIR BROKEN MAIN"
"2818984","10/30/2018","09:43","PM","10/31/2018","00:00",,"212","REPAIR BROKEN MAIN"
"2818394","10/29/2018","07:23","AM","10/29/2018","00:00",,"212","REPAIR BROKEN MAIN"
"2818414","10/29/2018","08:23","AM","10/29/2018","00:00",,"212","REPAIR BROKEN MAIN"
"2818447","10/29/2018","10:13","AM","10/30/2018","00:00",,"212","REPAIR BROKEN MAIN"
"2818549","10/29/2018","01:28","PM","10/29/2018","00:00",,"212","REPAIR BROKEN MAIN"
"2818550","10/29/2018","01:28","PM","10/30/2018","00:00",,"212","REPAIR BROKEN MAIN"
"2818564","10/29/2018","01:52","PM","10/30/2018","00:00",,"212","REPAIR BROKEN MAIN"
"2818620","10/29/2018","04:12","PM","10/29/2018","00:00",,"212","REPAIR BROKEN MAIN"
"2818636","10/29/2018","05:12","PM","10/30/2018","00:00",,"212","REPAIR BROKEN MAIN"
"2818662","10/29/2018","07:31","PM","10/30/2018","00:00",,"212","REPAIR BROKEN MAIN"
"2818689","10/29/2018","10:22","PM","10/30/2018","00:00",,"212","REPAIR BROKEN MAIN"
"2818341","10/28/2018","01:36","AM","10/28/2018","00:00",,"212","REPAIR BROKEN MAIN"
"2818343","10/28/2018","06:22","AM","10/29/2018","00:00",,"212","REPAIR BROKEN MAIN"
"2818344","10/28/2018","01:20","AM","10/30/2018","00:00",,"212","REPAIR BROKEN MAIN"
"2818357","10/28/2018","11:54","AM","10/28/2018","00:00",,"212","REPAIR BROKEN MAIN"
"2818374","10/28/2018","05:33","PM","10/29/2018","00:00",,"212","REPAIR BROKEN MAIN"
"2818379","10/28/2018","06:40","PM","10/29/2018","00:00",,"212","REPAIR BROKEN MAIN"
"2818387","10/28/2018","10:47","PM","10/29/2018","00:00",,"212","REPAIR BROKEN MAIN"
"2818328","10/27/2018","05:54","PM","10/28/2018","00:00",,"212","REPAIR BROKEN MAIN"
"2818336","10/27/2018","11:36","PM","10/28/2018","00:00",,"212","REPAIR BROKEN MAIN"
"2818055","10/26/2018","12:32","AM","10/26/2018","00:00",,"212","REPAIR BROKEN MAIN"
"2818056","10/26/2018","12:47","AM","10/29/2018","00:00",,"212","REPAIR BROKEN MAIN"
"2818058","10/26/2018","02:17","AM","10/26/2018","00:00",,"212","REPAIR BROKEN MAIN"
"2818113","10/26/2018","08:03","AM","10/26/2018","00:00",,"212","REPAIR BROKEN MAIN"
"2818120","10/26/2018","08:29","AM","10/31/2018","00:00",,"212","REPAIR BROKEN MAIN"
"2818139","10/26/2018","09:02","AM","10/26/2018","00:00",,"212","REPAIR BROKEN MAIN"
"2818143","10/26/2018","09:17","AM","10/26/2018","00:00",,"212","REPAIR BROKEN MAIN"
"2818171","10/26/2018","10:37","AM","10/30/2018","00:00",,"212","REPAIR BROKEN MAIN"
"2818214","10/26/2018","01:14","PM","10/26/2018","00:00",,"212","REPAIR BROKEN MAIN"
"2818288","10/26/2018","07:12","PM","10/27/2018","00:00",,"212","REPAIR BROKEN MAIN"
"2817776","10/25/2018","05:00","AM","10/26/2018","00:00",,"212","REPAIR BROKEN MAIN"
"2817849","10/25/2018","09:28","AM","10/25/2018","00:00",,"212","REPAIR BROKEN MAIN"
"2817855","10/25/2018","09:39","AM","10/26/2018","00:00",,"212","REPAIR BROKEN MAIN"
"2817860","10/25/2018","09:57","AM","10/25/2018","00:00",,"212","REPAIR BROKEN MAIN"
"2817954","10/25/2018","03:04","PM","10/26/2018","00:00",,"212","REPAIR BROKEN MAIN"
"2818005","10/25/2018","06:14","PM","10/26/2018","00:00",,"212","REPAIR BROKEN MAIN"
"2817269","10/24/2018","09:58","AM","10/25/2018","00:00",,"212","REPAIR BROKEN MAIN"
"2817301","10/24/2018","11:13","AM","10/25/2018","00:00",,"212","REPAIR BROKEN MAIN"
"2817330","10/24/2018","12:25","PM","10/24/2018","00:00",,"212","REPAIR BROKEN MAIN"
"2817358","10/24/2018","01:35","PM","10/26/2018","00:00",,"212","REPAIR BROKEN MAIN"
"2817027","10/23/2018","09:42","AM","10/23/2018","00:00",,"212","REPAIR BROKEN MAIN"
"2817045","10/23/2018","10:42","AM","10/24/2018","00:00",,"212","REPAIR BROKEN MAIN"
"2817159","10/23/2018","04:46","PM","10/24/2018","00:00",,"212","REPAIR BROKEN MAIN"
"2816680","10/22/2018","09:26","AM","10/23/2018","00:00",,"212","REPAIR BROKEN MAIN"
"2816810","10/22/2018","12:38","PM","01/04/2019","00:00",,"212","REPAIR BROKEN MAIN"
"2816835","10/22/2018","01:27","PM","10/24/2018","00:00",,"212","REPAIR BROKEN MAIN"
"2816574","10/21/2018","09:55","AM","10/22/2018","00:00",,"212","REPAIR BROKEN MAIN"
"2816583","10/21/2018","01:40","PM","10/21/2018","00:00",,"212","REPAIR BROKEN MAIN"
"2816513","10/20/2018","04:12","AM","10/20/2018","00:00",,"212","REPAIR BROKEN MAIN"
"2816528","10/20/2018","10:56","AM","10/22/2018","00:00",,"212","REPAIR BROKEN MAIN"
"2816540","10/20/2018","02:06","PM","10/20/2018","00:00",,"212","REPAIR BROKEN MAIN"
"2816541","10/20/2018","02:09","PM","10/21/2018","00:00",,"212","REPAIR BROKEN MAIN"
"2816323","10/19/2018","08:25","AM","10/19/2018","00:00",,"212","REPAIR BROKEN MAIN"
"2816334","10/19/2018","09:15","AM","10/19/2018","00:00",,"212","REPAIR BROKEN MAIN"
"2816340","10/19/2018","09:41","AM","10/19/2018","00:00",,"212","REPAIR BROKEN MAIN"
"2816452","10/19/2018","02:22","PM","10/21/2018","00:00",,"212","REPAIR BROKEN MAIN"
"2815798","10/18/2018","06:27","AM","10/19/2018","00:00",,"212","REPAIR BROKEN MAIN"
"2815853","10/18/2018","10:13","AM","10/18/2018","00:00",,"212","REPAIR BROKEN MAIN"
"2815866","10/18/2018","10:54","AM","10/18/2018","00:00",,"212","REPAIR BROKEN MAIN"
"2816241","10/18/2018","08:47","PM","10/22/2018","00:00",,"212","REPAIR BROKEN MAIN"
"2815607","10/17/2018","12:32","PM","10/17/2018","00:00",,"212","REPAIR BROKEN MAIN"
"2815763","10/17/2018","08:16","PM","10/18/2018","00:00",,"212","REPAIR BROKEN MAIN"
"2815782","10/17/2018","10:39","PM","10/18/2018","00:00",,"212","REPAIR BROKEN MAIN"
"2815384","10/16/2018","03:18","PM","10/18/2018","00:00",,"212","REPAIR BROKEN MAIN"
"2815112","10/15/2018","02:37","PM","10/16/2018","00:00",,"212","REPAIR BROKEN MAIN"
"2815130","10/15/2018","06:02","PM","10/15/2018","00:00",,"212","REPAIR BROKEN MAIN"
"2814906","10/14/2018","05:40","PM","10/15/2018","00:00",,"212","REPAIR BROKEN MAIN"
"2814789","10/12/2018","09:03","PM","10/14/2018","00:00",,"212","REPAIR BROKEN MAIN"
"2814202","10/11/2018","05:15","AM","10/11/2018","00:00",,"212","REPAIR BROKEN MAIN"
"2814009","10/10/2018","12:11","PM","10/10/2018","00:00",,"212","REPAIR BROKEN MAIN"
"2814198","10/10/2018","10:36","PM","10/11/2018","00:00",,"212","REPAIR BROKEN MAIN"
"2814200","10/10/2018","11:04","PM","10/16/2018","00:00",,"212","REPAIR BROKEN MAIN"
"2813821","10/09/2018","07:51","PM","10/10/2018","00:00",,"212","REPAIR BROKEN MAIN"
"2813826","10/09/2018","08:33","PM","10/12/2018","00:00",,"212","REPAIR BROKEN MAIN"
"2813473","10/08/2018","08:10","AM","10/08/2018","00:00",,"212","REPAIR BROKEN MAIN"
"2813445","10/07/2018","09:51","AM","10/07/2018","00:00",,"212","REPAIR BROKEN MAIN"
"2813388","10/06/2018","02:23","AM","10/06/2018","00:00",,"212","REPAIR BROKEN MAIN"
"2813425","10/06/2018","05:05","PM","10/06/2018","00:00",,"212","REPAIR BROKEN MAIN"
"2813287","10/05/2018","11:19","AM","10/09/2018","00:00",,"212","REPAIR BROKEN MAIN"
"2812886","10/04/2018","01:20","AM","10/04/2018","00:00",,"212","REPAIR BROKEN MAIN"
"2811736","10/03/2018","09:17","AM","10/03/2018","00:00",,"212","REPAIR BROKEN MAIN"
"2808769","10/01/2018","09:00","AM","10/02/2018","00:00",,"212","REPAIR BROKEN MAIN"
"2808836","10/01/2018","11:10","AM","10/01/2018","00:00",,"212","REPAIR BROKEN MAIN"
"2808848","10/01/2018","11:29","AM","10/02/2018","00:00",,"212","REPAIR BROKEN MAIN"
"2809036","10/01/2018","06:42","PM","10/02/2018","00:00",,"212","REPAIR BROKEN MAIN"
"2808652","09/30/2018","08:35","AM","10/01/2018","00:00",,"212","REPAIR BROKEN MAIN"
"2808657","09/30/2018","10:10","AM","09/30/2018","00:00",,"212","REPAIR BROKEN MAIN"
"2808684","09/30/2018","07:09","PM","10/02/2018","00:00",,"212","REPAIR BROKEN MAIN"
"2808588","09/29/2018","01:53","AM","09/30/2018","00:00",,"212","REPAIR BROKEN MAIN"
"2808513","09/28/2018","03:39","PM","09/28/2018","00:00",,"212","REPAIR BROKEN MAIN"
"2808523","09/28/2018","03:58","PM","10/02/2018","00:00",,"212","REPAIR BROKEN MAIN"
"2808555","09/28/2018","06:44","PM","10/01/2018","00:00",,"212","REPAIR BROKEN MAIN"
"2808011","09/27/2018","08:24","AM","09/27/2018","00:00",,"212","REPAIR BROKEN MAIN"
"2808077","09/27/2018","10:11","AM","09/27/2018","00:00",,"212","REPAIR BROKEN MAIN"
"2807774","09/26/2018","09:05","AM","09/26/2018","00:00",,"212","REPAIR BROKEN MAIN"
"2807800","09/26/2018","09:43","AM","10/03/2018","00:00",,"212","REPAIR BROKEN MAIN"
"2807835","09/26/2018","10:55","AM","09/28/2018","00:00",,"212","REPAIR BROKEN MAIN"
"2807525","09/25/2018","08:16","AM","09/25/2018","00:00",,"212","REPAIR BROKEN MAIN"
"2807711","09/25/2018","08:00","PM","09/26/2018","00:00",,"212","REPAIR BROKEN MAIN"
"2807367","09/24/2018","01:56","PM","09/28/2018","00:00",,"212","REPAIR BROKEN MAIN"
"2806340","09/20/2018","03:59","PM","09/21/2018","00:00",,"212","REPAIR BROKEN MAIN"
"2806349","09/20/2018","04:42","PM","09/21/2018","00:00",,"212","REPAIR BROKEN MAIN"
"2806033","09/19/2018","11:58","AM","09/19/2018","00:00",,"212","REPAIR BROKEN MAIN"
"2805493","09/18/2018","10:10","AM","09/26/2018","00:00",,"212","REPAIR BROKEN MAIN"
"2805138","09/17/2018","04:10","AM","09/17/2018","00:00",,"212","REPAIR BROKEN MAIN"
"2805103","09/16/2018","11:37","AM","09/16/2018","00:00",,"212","REPAIR BROKEN MAIN"
"2804851","09/14/2018","07:52","AM","09/14/2018","00:00",,"212","REPAIR BROKEN MAIN"
"2804958","09/14/2018","12:17","PM","09/17/2018","00:00",,"212","REPAIR BROKEN MAIN"
"2804633","09/13/2018","11:09","AM","09/13/2018","00:00",,"212","REPAIR BROKEN MAIN"
"2804680","09/13/2018","01:06","PM","09/13/2018","00:00",,"212","REPAIR BROKEN MAIN"
"2804719","09/13/2018","03:53","PM","09/14/2018","00:00",,"212","REPAIR BROKEN MAIN"
"2804190","09/11/2018","10:06","AM","09/11/2018","00:00",,"212","REPAIR BROKEN MAIN"
"2804209","09/11/2018","11:25","AM","09/11/2018","00:00",,"212","REPAIR BROKEN MAIN"
"2804296","09/11/2018","04:57","PM","09/12/2018","00:00",,"212","REPAIR BROKEN MAIN"
"2804315","09/11/2018","07:27","PM","09/12/2018","00:00",,"212","REPAIR BROKEN MAIN"
"2804326","09/11/2018","11:16","PM","09/11/2018","00:00",,"212","REPAIR BROKEN MAIN"
"2804003","09/10/2018","11:19","AM","09/10/2018","00:00",,"212","REPAIR BROKEN MAIN"
"2804102","09/10/2018","04:04","PM","09/11/2018","00:00",,"212","REPAIR BROKEN MAIN"
"2803289","09/06/2018","08:01","AM","09/06/2018","00:00",,"212","REPAIR BROKEN MAIN"
"2803575","09/06/2018","08:51","PM","09/12/2018","00:00",,"212","REPAIR BROKEN MAIN"
"2803576","09/06/2018","09:20","PM","09/07/2018","00:00",,"212","REPAIR BROKEN MAIN"
"2801205","09/04/2018","03:03","PM","12/06/2018","00:00",,"212","REPAIR BROKEN MAIN"
"2800990","09/03/2018","03:25","AM","09/03/2018","00:00",,"212","REPAIR BROKEN MAIN"
"2800993","09/03/2018","07:18","AM","09/03/2018","00:00",,"212","REPAIR BROKEN MAIN"
"2801024","09/03/2018","03:57","PM","09/04/2018","00:00",,"212","REPAIR BROKEN MAIN"
"2800970","09/02/2018","01:49","PM","09/02/2018","00:00",,"212","REPAIR BROKEN MAIN"
"2800896","09/01/2018","06:02","AM","09/01/2018","00:00",,"212","REPAIR BROKEN MAIN"
"2800920","09/01/2018","12:07","PM","09/04/2018","00:00",,"212","REPAIR BROKEN MAIN"
"2800752","08/31/2018","10:33","AM","08/31/2018","00:00",,"212","REPAIR BROKEN MAIN"
"2800867","08/31/2018","04:00","PM","08/31/2018","00:00",,"212","REPAIR BROKEN MAIN"
"2800405","08/30/2018","08:06","AM","08/30/2018","00:00",,"212","REPAIR BROKEN MAIN"
"2800597","08/30/2018","06:02","PM","08/31/2018","00:00",,"212","REPAIR BROKEN MAIN"
"2800098","08/28/2018","07:14","PM","08/28/2018","00:00",,"212","REPAIR BROKEN MAIN"
"2800100","08/28/2018","07:39","PM","08/28/2018","00:00",,"212","REPAIR BROKEN MAIN"
"2799071","08/23/2018","12:05","PM","08/24/2018","00:00",,"212","REPAIR BROKEN MAIN"
"2799110","08/23/2018","01:00","PM","08/23/2018","00:00",,"212","REPAIR BROKEN MAIN"
"2798783","08/22/2018","09:07","AM","08/24/2018","00:00",,"212","REPAIR BROKEN MAIN"
"2798270","08/20/2018","02:23","PM","08/20/2018","00:00",,"212","REPAIR BROKEN MAIN"
"2798049","08/19/2018","02:48","PM","08/20/2018","00:00",,"212","REPAIR BROKEN MAIN"
"2797954","08/18/2018","01:32","AM","08/23/2018","00:00",,"212","REPAIR BROKEN MAIN"
"2797959","08/18/2018","05:41","AM","08/18/2018","00:00",,"212","REPAIR BROKEN MAIN"
"2797777","08/17/2018","08:42","AM","08/17/2018","00:00",,"212","REPAIR BROKEN MAIN"
"2797814","08/17/2018","10:23","AM","08/17/2018","00:00",,"212","REPAIR BROKEN MAIN"
"2796970","08/14/2018","11:57","AM","08/15/2018","00:00",,"212","REPAIR BROKEN MAIN"
"2796051","08/13/2018","07:08","AM","08/13/2018","00:00",,"212","REPAIR BROKEN MAIN"
"2794872","08/07/2018","05:37","AM","08/07/2018","00:00",,"212","REPAIR BROKEN MAIN"
"2794541","08/04/2018","12:40","AM","08/04/2018","00:00",,"212","REPAIR BROKEN MAIN"
"2794569","08/04/2018","05:58","PM","08/05/2018","00:00",,"212","REPAIR BROKEN MAIN"
"2794571","08/04/2018","06:04","PM","08/05/2018","00:00",,"212","REPAIR BROKEN MAIN"
"2794032","08/02/2018","05:33","AM","08/03/2018","00:00",,"212","REPAIR BROKEN MAIN"
"2794200","08/02/2018","11:37","AM","08/02/2018","00:00",,"212","REPAIR BROKEN MAIN"
"2794216","08/02/2018","12:09","PM","08/02/2018","00:00",,"212","REPAIR BROKEN MAIN"
"2792478","08/01/2018","08:58","AM","08/02/2018","00:00",,"212","REPAIR BROKEN MAIN"
"2792659","08/01/2018","05:04","PM","08/02/2018","00:00",,"212","REPAIR BROKEN MAIN"
"2792677","08/01/2018","06:53","PM","08/02/2018","00:00",,"212","REPAIR BROKEN MAIN"
"2792679","08/01/2018","05:00","PM","08/02/2018","00:00",,"212","REPAIR BROKEN MAIN"
"2792411","07/31/2018","06:06","PM","07/31/2018","00:00",,"212","REPAIR BROKEN MAIN"
"2792412","07/31/2018","06:10","PM","08/01/2018","00:00",,"212","REPAIR BROKEN MAIN"
"2791886","07/29/2018","09:52","AM","07/29/2018","00:00",,"212","REPAIR BROKEN MAIN"
"2791831","07/28/2018","09:43","AM","07/29/2018","00:00",,"212","REPAIR BROKEN MAIN"
"2791349","07/26/2018","09:52","AM","07/26/2018","00:00",,"212","REPAIR BROKEN MAIN"
"2791246","07/25/2018","03:04","PM","07/25/2018","00:00",,"212","REPAIR BROKEN MAIN"
"2789299","07/24/2018","08:32","AM","07/24/2018","00:00",,"212","REPAIR BROKEN MAIN"
"2789403","07/24/2018","12:30","PM","07/25/2018","00:00",,"212","REPAIR BROKEN MAIN"
"2789430","07/24/2018","02:05","PM","07/24/2018","00:00",,"212","REPAIR BROKEN MAIN"
"2789487","07/24/2018","04:36","PM","07/25/2018","00:00",,"212","REPAIR BROKEN MAIN"
"2789035","07/23/2018","07:42","AM","07/23/2018","00:00",,"212","REPAIR BROKEN MAIN"
"2788981","07/22/2018","09:26","AM","07/23/2018","00:00",,"212","REPAIR BROKEN MAIN"
"2788681","07/20/2018","06:35","AM","07/20/2018","00:00",,"212","REPAIR BROKEN MAIN"
"2787499","07/18/2018","02:44","AM","07/19/2018","00:00",,"212","REPAIR BROKEN MAIN"
"2787249","07/17/2018","08:56","AM","07/18/2018","00:00",,"212","REPAIR BROKEN MAIN"
"2786855","07/15/2018","08:48","PM","07/16/2018","00:00",,"212","REPAIR BROKEN MAIN"
"2786733","07/13/2018","09:47","PM","07/14/2018","00:00",,"212","REPAIR BROKEN MAIN"
"2786738","07/13/2018","10:46","PM","07/26/2018","00:00",,"212","REPAIR BROKEN MAIN"
"2786445","07/12/2018","03:44","PM","07/17/2018","00:00",,"212","REPAIR BROKEN MAIN"
"2785660","07/10/2018","01:13","AM","07/10/2018","00:00",,"212","REPAIR BROKEN MAIN"
"2785372","07/07/2018","10:00","PM","07/11/2018","00:00",,"212","REPAIR BROKEN MAIN"
"2785114","07/06/2018","08:01","AM","07/06/2018","00:00",,"212","REPAIR BROKEN MAIN"
"2784652","07/03/2018","12:38","PM","07/03/2018","00:00",,"212","REPAIR BROKEN MAIN"
"2784758","07/03/2018","08:29","PM","07/04/2018","00:00",,"212","REPAIR BROKEN MAIN"
"2782907","07/02/2018","10:47","AM","08/02/2018","00:00",,"212","REPAIR BROKEN MAIN"
"2782919","07/02/2018","11:23","AM","07/02/2018","00:00",,"212","REPAIR BROKEN MAIN"
"2782497","06/29/2018","10:14","AM","06/29/2018","00:00",,"212","REPAIR BROKEN MAIN"
"2782047","06/28/2018","05:33","AM","06/28/2018","00:00",,"212","REPAIR BROKEN MAIN"
"2782354","06/28/2018","06:57","PM","06/29/2018","00:00",,"212","REPAIR BROKEN MAIN"
"2781655","06/27/2018","03:07","AM","06/27/2018","00:00",,"212","REPAIR BROKEN MAIN"
"2781666","06/27/2018","06:13","AM","06/27/2018","00:00",,"212","REPAIR BROKEN MAIN"
"2781876","06/27/2018","12:16","PM","06/28/2018","00:00",,"212","REPAIR BROKEN MAIN"
"2781189","06/26/2018","06:15","AM","06/26/2018","00:00",,"212","REPAIR BROKEN MAIN"
"2780870","06/25/2018","08:00","AM","06/25/2018","00:00",,"212","REPAIR BROKEN MAIN"
"2780837","06/24/2018","02:19","PM","06/26/2018","00:00",,"212","REPAIR BROKEN MAIN"
"2780025","06/20/2018","12:14","PM","06/20/2018","00:00",,"212","REPAIR BROKEN MAIN"
"2779564","06/19/2018","09:24","AM","06/20/2018","00:00",,"212","REPAIR BROKEN MAIN"
"2779740","06/19/2018","02:02","PM","06/20/2018","00:00",,"212","REPAIR BROKEN MAIN"
"2779074","06/18/2018","07:40","AM","06/18/2018","00:00",,"212","REPAIR BROKEN MAIN"
"2779284","06/18/2018","03:41","PM","06/25/2018","00:00",,"212","REPAIR BROKEN MAIN"
"2779035","06/17/2018","02:07","PM","06/18/2018","00:00",,"212","REPAIR BROKEN MAIN"
"2778340","06/14/2018","07:10","AM","06/19/2018","00:00",,"212","REPAIR BROKEN MAIN"
"2778531","06/14/2018","11:55","AM","06/15/2018","00:00",,"212","REPAIR BROKEN MAIN"
"2778678","06/14/2018","09:17","PM","06/15/2018","00:00",,"212","REPAIR BROKEN MAIN"
"2777776","06/11/2018","09:25","PM","06/12/2018","00:00",,"212","REPAIR BROKEN MAIN"
"2777474","06/10/2018","10:57","AM","06/10/2018","00:00",,"212","REPAIR BROKEN MAIN"
"2777489","06/10/2018","02:28","PM","06/11/2018","00:00",,"212","REPAIR BROKEN MAIN"
"2777114","06/08/2018","03:37","AM","06/08/2018","00:00",,"212","REPAIR BROKEN MAIN"
"2776117","06/05/2018","04:01","AM","06/05/2018","00:00",,"212","REPAIR BROKEN MAIN"
"2776267","06/05/2018","11:34","AM","06/05/2018","00:00",,"212","REPAIR BROKEN MAIN"
"2775999","06/04/2018","03:11","PM","06/05/2018","00:00",,"212","REPAIR BROKEN MAIN"
"2774230","06/01/2018","06:27","AM","06/02/2018","00:00",,"212","REPAIR BROKEN MAIN"
"2774282","06/01/2018","10:04","AM","06/01/2018","00:00",,"212","REPAIR BROKEN MAIN"
"2774040","05/31/2018","01:13","PM","06/01/2018","00:00",,"212","REPAIR BROKEN MAIN"
"2774090","05/31/2018","02:33","PM","06/01/2018","00:00",,"212","REPAIR BROKEN MAIN"
"2774152","05/31/2018","05:53","PM","06/01/2018","00:00",,"212","REPAIR BROKEN MAIN"
"2774182","05/31/2018","09:24","PM","06/01/2018","00:00",,"212","REPAIR BROKEN MAIN"
"2773379","05/29/2018","04:50","AM","05/29/2018","00:00",,"212","REPAIR BROKEN MAIN"
"2773381","05/29/2018","06:19","AM","05/30/2018","00:00",,"212","REPAIR BROKEN MAIN"
"2772953","05/25/2018","06:29","AM","05/25/2018","00:00",,"212","REPAIR BROKEN MAIN"
"2772644","05/24/2018","05:46","AM","05/24/2018","00:00",,"212","REPAIR BROKEN MAIN"
"2772864","05/24/2018","04:52","PM","05/25/2018","00:00",,"212","REPAIR BROKEN MAIN"
"2772890","05/24/2018","06:59","PM","05/24/2018","00:00",,"212","REPAIR BROKEN MAIN"
"2772895","05/24/2018","08:21","PM","05/25/2018","00:00",,"212","REPAIR BROKEN MAIN"
"2772379","05/23/2018","06:01","AM","05/23/2018","00:00",,"212","REPAIR BROKEN MAIN"
"2772172","05/22/2018","02:48","PM","05/22/2018","00:00",,"212","REPAIR BROKEN MAIN"
"2771934","05/21/2018","04:15","PM","05/21/2018","00:00",,"212","REPAIR BROKEN MAIN"
"2771500","05/19/2018","07:59","PM","05/22/2018","00:00",,"212","REPAIR BROKEN MAIN"
"2771407","05/18/2018","03:16","PM","05/19/2018","00:00",,"212","REPAIR BROKEN MAIN"
"2771028","05/17/2018","09:12","AM","05/17/2018","00:00",,"212","REPAIR BROKEN MAIN"
"2771116","05/17/2018","01:37","PM","05/17/2018","00:00",,"212","REPAIR BROKEN MAIN"
"2770699","05/16/2018","05:52","AM","05/16/2018","00:00",,"212","REPAIR BROKEN MAIN"
"2770944","05/16/2018","04:29","PM","05/17/2018","00:00",,"212","REPAIR BROKEN MAIN"
"2770975","05/16/2018","08:34","PM","05/18/2018","00:00",,"212","REPAIR BROKEN MAIN"
"2770294","05/14/2018","12:10","PM","05/14/2018","00:00",,"212","REPAIR BROKEN MAIN"
"2770337","05/14/2018","01:51","PM","05/15/2018","00:00",,"212","REPAIR BROKEN MAIN"
"2770129","05/13/2018","05:13","PM","05/13/2018","00:00",,"212","REPAIR BROKEN MAIN"
"2770130","05/13/2018","05:14","PM","05/16/2018","00:00",,"212","REPAIR BROKEN MAIN"
"2770075","05/12/2018","11:50","AM","05/16/2018","00:00",,"212","REPAIR BROKEN MAIN"
"2769839","05/11/2018","08:17","AM","05/22/2018","00:00",,"212","REPAIR BROKEN MAIN"
"2770042","05/11/2018","05:43","PM","05/12/2018","00:00",,"212","REPAIR BROKEN MAIN"
"2768994","05/09/2018","02:23","PM","12/19/2018","00:00",,"212","REPAIR BROKEN MAIN"
"2767621","05/08/2018","10:05","AM","05/08/2018","00:00",,"212","REPAIR BROKEN MAIN"
"2767257","05/07/2018","10:27","AM","05/08/2018","00:00",,"212","REPAIR BROKEN MAIN"
"2767134","05/06/2018","07:43","AM","05/06/2018","00:00",,"212","REPAIR BROKEN MAIN"
"2767162","05/06/2018","06:22","PM","05/08/2018","00:00",,"212","REPAIR BROKEN MAIN"
"2767090","05/05/2018","07:54","AM","05/05/2018","00:00",,"212","REPAIR BROKEN MAIN"
"2766945","05/04/2018","10:48","AM","05/09/2018","00:00",,"212","REPAIR BROKEN MAIN"
"2767037","05/04/2018","04:21","PM","05/04/2018","00:00",,"212","REPAIR BROKEN MAIN"
"2763900","05/03/2018","05:17","AM","05/04/2018","00:00",,"212","REPAIR BROKEN MAIN"
"2764069","05/03/2018","02:30","PM","05/31/2018","00:00",,"212","REPAIR BROKEN MAIN"
"2764077","05/03/2018","02:44","PM","05/03/2018","00:00",,"212","REPAIR BROKEN MAIN"
"2763873","05/02/2018","06:35","PM","05/03/2018","00:00",,"212","REPAIR BROKEN MAIN"
"2760524","04/30/2018","07:55","PM","05/01/2018","00:00",,"212","REPAIR BROKEN MAIN"
"2760226","04/29/2018","01:09","PM","04/30/2018","00:00",,"212","REPAIR BROKEN MAIN"
"2760236","04/29/2018","11:07","PM","04/29/2018","00:00",,"212","REPAIR BROKEN MAIN"
"2760179","04/28/2018","06:08","AM","04/28/2018","00:00",,"212","REPAIR BROKEN MAIN"
"2760041","04/27/2018","11:44","AM","04/27/2018","00:00",,"212","REPAIR BROKEN MAIN"
"2760042","04/27/2018","11:48","AM","04/28/2018","00:00",,"212","REPAIR BROKEN MAIN"
"2760120","04/27/2018","02:52","PM","10/09/2018","00:00",,"212","REPAIR BROKEN MAIN"
"2759637","04/26/2018","06:50","AM","04/26/2018","00:00",,"212","REPAIR BROKEN MAIN"
"2759786","04/26/2018","02:09","PM","04/28/2018","00:00",,"212","REPAIR BROKEN MAIN"
"2758223","04/19/2018","06:49","AM","04/19/2018","00:00",,"212","REPAIR BROKEN MAIN"
"2758260","04/19/2018","08:33","AM","04/19/2018","00:00",,"212","REPAIR BROKEN MAIN"
"2758320","04/19/2018","10:19","AM","04/19/2018","00:00",,"212","REPAIR BROKEN MAIN"
"2757976","04/18/2018","09:14","AM","04/19/2018","00:00",,"212","REPAIR BROKEN MAIN"
"2757651","04/17/2018","11:31","AM","04/17/2018","00:00",,"212","REPAIR BROKEN MAIN"
"2757710","04/17/2018","01:33","PM","04/17/2018","00:00",,"212","REPAIR BROKEN MAIN"
"2757261","04/16/2018","08:05","AM","04/16/2018","00:00",,"212","REPAIR BROKEN MAIN"
"2757120","04/14/2018","07:48","AM","04/14/2018","00:00",,"212","REPAIR BROKEN MAIN"
"2757169","04/14/2018","07:34","PM","04/14/2018","00:00",,"212","REPAIR BROKEN MAIN"
"2756776","04/13/2018","03:15","AM","04/13/2018","00:00",,"212","REPAIR BROKEN MAIN"
"2756964","04/13/2018","12:37","PM","04/13/2018","00:00",,"212","REPAIR BROKEN MAIN"
"2757017","04/13/2018","02:18","PM","04/13/2018","00:00",,"212","REPAIR BROKEN MAIN"
"2757095","04/13/2018","06:26","PM","04/13/2018","00:00",,"212","REPAIR BROKEN MAIN"
"2756738","04/12/2018","10:58","PM","04/13/2018","00:00",,"212","REPAIR BROKEN MAIN"
"2754396","04/08/2018","10:37","AM","04/18/2018","00:00",,"212","REPAIR BROKEN MAIN"
"2754414","04/08/2018","02:02","PM","04/10/2018","00:00",,"212","REPAIR BROKEN MAIN"
"2754428","04/08/2018","07:23","PM","04/09/2018","00:00",,"212","REPAIR BROKEN MAIN"
"2754196","04/06/2018","11:41","AM","04/12/2018","00:00",,"212","REPAIR BROKEN MAIN"
"2754246","04/06/2018","01:36","PM","04/09/2018","00:00",,"212","REPAIR BROKEN MAIN"
"2754334","04/06/2018","06:45","PM","04/08/2018","00:00",,"212","REPAIR BROKEN MAIN"
"2753892","04/05/2018","09:08","AM","04/13/2018","00:00",,"212","REPAIR BROKEN MAIN"
"2754024","04/05/2018","04:47","PM","04/07/2018","00:00",,"212","REPAIR BROKEN MAIN"
"2753750","04/04/2018","11:56","AM","04/04/2018","00:00",,"212","REPAIR BROKEN MAIN"
"2751546","04/01/2018","05:45","PM","04/03/2018","00:00",,"212","REPAIR BROKEN MAIN"
"2751268","03/30/2018","07:47","AM","03/30/2018","00:00",,"212","REPAIR BROKEN MAIN"
"2750992","03/29/2018","06:36","AM","03/31/2018","00:00",,"212","REPAIR BROKEN MAIN"
"2751197","03/29/2018","10:05","PM","03/29/2018","00:00",,"212","REPAIR BROKEN MAIN"
"2750249","03/25/2018","10:48","AM","03/25/2018","00:00",,"212","REPAIR BROKEN MAIN"
"2750210","03/24/2018","11:50","AM","03/24/2018","00:00",,"212","REPAIR BROKEN MAIN"
"2750042","03/23/2018","10:06","AM","03/23/2018","00:00",,"212","REPAIR BROKEN MAIN"
"2750057","03/23/2018","10:51","AM","03/26/2018","00:00",,"212","REPAIR BROKEN MAIN"
"2750097","03/23/2018","12:48","PM","03/23/2018","00:00",,"212","REPAIR BROKEN MAIN"
"2748356","03/19/2018","06:32","AM","03/20/2018","00:00",,"212","REPAIR BROKEN MAIN"
"2748357","03/19/2018","06:35","AM","03/19/2018","00:00",,"212","REPAIR BROKEN MAIN"
"2748347","03/18/2018","06:20","PM","03/21/2018","00:00",,"212","REPAIR BROKEN MAIN"
"2748263","03/17/2018","04:30","AM","04/14/2018","00:00",,"212","REPAIR BROKEN MAIN"
"2748154","03/16/2018","01:37","PM","04/03/2018","00:00",,"212","REPAIR BROKEN MAIN"
"2746883","03/12/2018","05:16","PM","03/13/2018","00:00",,"212","REPAIR BROKEN MAIN"
"2746624","03/11/2018","07:12","PM","03/12/2018","00:00",,"212","REPAIR BROKEN MAIN"
"2746524","03/10/2018","12:10","AM","03/10/2018","00:00",,"212","REPAIR BROKEN MAIN"
"2746533","03/10/2018","09:20","AM","03/11/2018","00:00",,"212","REPAIR BROKEN MAIN"
"2745791","03/08/2018","05:29","AM","03/08/2018","00:00",,"212","REPAIR BROKEN MAIN"
"2745893","03/08/2018","01:12","PM","03/08/2018","00:00",,"212","REPAIR BROKEN MAIN"
"2745959","03/08/2018","05:24","PM","03/09/2018","00:00",,"212","REPAIR BROKEN MAIN"
"2745789","03/07/2018","11:06","PM","03/09/2018","00:00",,"212","REPAIR BROKEN MAIN"
"2744919","03/05/2018","09:46","AM","03/08/2018","00:00",,"212","REPAIR BROKEN MAIN"
"2745104","03/05/2018","02:56","PM","03/06/2018","00:00",,"212","REPAIR BROKEN MAIN"
"2744828","03/04/2018","09:27","AM","03/05/2018","00:00",,"212","REPAIR BROKEN MAIN"
"2744767","03/03/2018","09:35","AM","03/06/2018","00:00",,"212","REPAIR BROKEN MAIN"
"2744491","03/02/2018","05:26","AM","03/02/2018","00:00",,"212","REPAIR BROKEN MAIN"
"2744604","03/02/2018","03:30","PM","03/05/2018","00:00",,"212","REPAIR BROKEN MAIN"
"2744630","03/02/2018","07:11","PM","03/02/2018","00:00",,"212","REPAIR BROKEN MAIN"
"2743121","03/01/2018","07:14","PM","03/05/2018","00:00",,"212","REPAIR BROKEN MAIN"
"2742654","02/28/2018","02:00","AM","02/28/2018","00:00",,"212","REPAIR BROKEN MAIN"
"2742232","02/27/2018","12:06","PM","04/19/2018","00:00",,"212","REPAIR BROKEN MAIN"
"2742346","02/27/2018","03:29","PM","02/27/2018","00:00",,"212","REPAIR BROKEN MAIN"
"2741824","02/26/2018","06:48","AM","02/26/2018","00:00",,"212","REPAIR BROKEN MAIN"
"2742107","02/26/2018","07:07","PM","02/27/2018","00:00",,"212","REPAIR BROKEN MAIN"
"2741793","02/25/2018","10:24","AM","02/25/2018","00:00",,"212","REPAIR BROKEN MAIN"
"2741802","02/25/2018","01:13","PM","02/25/2018","00:00",,"212","REPAIR BROKEN MAIN"
"2740815","02/20/2018","12:54","PM","02/20/2018","00:00",,"212","REPAIR BROKEN MAIN"
"2740868","02/20/2018","03:34","PM","03/13/2018","00:00",,"212","REPAIR BROKEN MAIN"
"2740875","02/20/2018","03:51","PM","02/21/2018","00:00",,"212","REPAIR BROKEN MAIN"
"2740907","02/20/2018","07:40","PM","02/21/2018","00:00",,"212","REPAIR BROKEN MAIN"
"2740466","02/17/2018","09:06","AM","02/17/2018","00:00",,"212","REPAIR BROKEN MAIN"
"2740487","02/17/2018","11:27","AM","02/18/2018","00:00",,"212","REPAIR BROKEN MAIN"
"2739653","02/16/2018","01:33","PM","02/16/2018","00:00",,"212","REPAIR BROKEN MAIN"
"2740453","02/16/2018","11:59","PM","02/18/2018","00:00",,"212","REPAIR BROKEN MAIN"
"2739224","02/15/2018","06:59","AM","02/15/2018","00:00",,"212","REPAIR BROKEN MAIN"
"2739251","02/15/2018","08:27","AM","02/15/2018","00:00",,"212","REPAIR BROKEN MAIN"
"2739266","02/15/2018","09:14","AM","02/15/2018","00:00",,"212","REPAIR BROKEN MAIN"
"2739406","02/15/2018","03:00","PM","02/15/2018","00:00",,"212","REPAIR BROKEN MAIN"
"2739443","02/15/2018","05:36","PM","02/20/2018","00:00",,"212","REPAIR BROKEN MAIN"
"2739444","02/15/2018","05:49","PM","02/16/2018","00:00",,"212","REPAIR BROKEN MAIN"
"2739536","02/15/2018","11:56","PM","02/16/2018","00:00",,"212","REPAIR BROKEN MAIN"
"2739028","02/14/2018","11:43","AM","02/19/2018","00:00",,"212","REPAIR BROKEN MAIN"
"2738660","02/13/2018","09:42","AM","02/16/2018","00:00",,"212","REPAIR BROKEN MAIN"
"2738686","02/13/2018","10:33","AM","03/01/2018","00:00",,"212","REPAIR BROKEN MAIN"
"2738868","02/13/2018","06:05","PM","02/15/2018","00:00",,"212","REPAIR BROKEN MAIN"
"2738425","02/12/2018","11:05","AM","02/13/2018","00:00",,"212","REPAIR BROKEN MAIN"
"2738557","02/12/2018","05:46","PM","02/13/2018","00:00",,"212","REPAIR BROKEN MAIN"
"2738300","02/11/2018","04:48","PM","02/12/2018","00:00",,"212","REPAIR BROKEN MAIN"
"2738309","02/11/2018","06:15","PM","02/14/2018","00:00",,"212","REPAIR BROKEN MAIN"
"2738175","02/10/2018","10:36","AM","02/13/2018","00:00",,"212","REPAIR BROKEN MAIN"
"2738205","02/10/2018","12:58","PM","02/11/2018","00:00",,"212","REPAIR BROKEN MAIN"
"2738227","02/10/2018","05:43","PM","02/11/2018","00:00",,"212","REPAIR BROKEN MAIN"
"2737951","02/09/2018","12:33","AM","02/09/2018","00:00",,"212","REPAIR BROKEN MAIN"
"2737953","02/09/2018","06:00","AM","02/13/2018","00:00",,"212","REPAIR BROKEN MAIN"
"2738042","02/09/2018","11:28","AM","03/08/2018","00:00",,"212","REPAIR BROKEN MAIN"
"2738077","02/09/2018","01:41","PM","02/09/2018","00:00",,"212","REPAIR BROKEN MAIN"
"2738089","02/09/2018","02:13","PM","02/14/2018","00:00",,"212","REPAIR BROKEN MAIN"
"2738099","02/09/2018","02:46","PM","02/13/2018","00:00",,"212","REPAIR BROKEN MAIN"
"2737648","02/08/2018","08:40","AM","02/08/2018","00:00",,"212","REPAIR BROKEN MAIN"
"2737912","02/08/2018","10:27","PM","02/09/2018","00:00",,"212","REPAIR BROKEN MAIN"
"2737284","02/07/2018","12:23","AM","02/07/2018","00:00",,"212","REPAIR BROKEN MAIN"
"2737341","02/07/2018","08:17","AM","02/09/2018","00:00",,"212","REPAIR BROKEN MAIN"
"2737365","02/07/2018","09:03","AM","02/07/2018","00:00",,"212","REPAIR BROKEN MAIN"
"2736969","02/06/2018","01:25","AM","02/06/2018","00:00",,"212","REPAIR BROKEN MAIN"
"2736970","02/06/2018","02:03","AM","02/06/2018","00:00",,"212","REPAIR BROKEN MAIN"
"2737293","02/06/2018","06:47","AM","02/06/2018","00:00",,"212","REPAIR BROKEN MAIN"
"2737295","02/06/2018","06:49","AM","02/06/2018","00:00",,"212","REPAIR BROKEN MAIN"
"2736789","02/05/2018","08:56","AM","02/07/2018","00:00",,"212","REPAIR BROKEN MAIN"
"2736823","02/05/2018","10:53","AM","02/06/2018","00:00",,"212","REPAIR BROKEN MAIN"
"2736828","02/05/2018","11:02","AM","02/06/2018","00:00",,"212","REPAIR BROKEN MAIN"
"2736868","02/05/2018","01:10","PM","02/05/2018","00:00",,"212","REPAIR BROKEN MAIN"
"2736894","02/05/2018","02:30","PM","02/05/2018","00:00",,"212","REPAIR BROKEN MAIN"
"2736715","02/04/2018","02:15","AM","02/04/2018","00:00",,"212","REPAIR BROKEN MAIN"
"2736763","02/04/2018","10:20","PM","02/07/2018","00:00",,"212","REPAIR BROKEN MAIN"
"2736670","02/03/2018","09:51","AM","02/03/2018","00:00",,"212","REPAIR BROKEN MAIN"
"2736672","02/03/2018","10:18","AM","02/05/2018","00:00",,"212","REPAIR BROKEN MAIN"
"2736696","02/03/2018","03:04","PM","02/03/2018","00:00",,"212","REPAIR BROKEN MAIN"
"2736608","02/02/2018","05:13","PM","02/09/2018","00:00",,"212","REPAIR BROKEN MAIN"
"2736644","02/02/2018","09:06","PM","02/05/2018","00:00",,"212","REPAIR BROKEN MAIN"
"2735462","02/01/2018","08:23","AM","02/01/2018","00:00",,"212","REPAIR BROKEN MAIN"
"2735719","02/01/2018","10:18","PM","02/02/2018","00:00",,"212","REPAIR BROKEN MAIN"
"2735179","01/31/2018","09:54","AM","02/12/2018","00:00",,"212","REPAIR BROKEN MAIN"
"2735293","01/31/2018","01:21","PM","02/01/2018","00:00",,"212","REPAIR BROKEN MAIN"
"2735318","01/31/2018","02:03","PM","01/31/2018","00:00",,"212","REPAIR BROKEN MAIN"
"2735078","01/30/2018","07:17","PM","01/31/2018","00:00",,"212","REPAIR BROKEN MAIN"
"2734355","01/29/2018","08:40","AM","01/29/2018","00:00",,"212","REPAIR BROKEN MAIN"
"2734445","01/29/2018","10:29","AM","01/30/2018","00:00",,"212","REPAIR BROKEN MAIN"
"2734486","01/29/2018","11:23","AM","01/30/2018","00:00",,"212","REPAIR BROKEN MAIN"
"2734501","01/29/2018","11:47","AM","01/30/2018","00:00",,"212","REPAIR BROKEN MAIN"
"2734555","01/29/2018","01:47","PM","01/30/2018","00:00",,"212","REPAIR BROKEN MAIN"
"2734582","01/29/2018","02:57","PM","01/31/2018","00:00",,"212","REPAIR BROKEN MAIN"
"2734590","01/29/2018","03:43","PM","01/30/2018","00:00",,"212","REPAIR BROKEN MAIN"
"2734634","01/29/2018","05:52","PM","01/29/2018","00:00",,"212","REPAIR BROKEN MAIN"
"2734647","01/29/2018","07:32","PM","01/30/2018","00:00",,"212","REPAIR BROKEN MAIN"
"2734652","01/29/2018","09:11","PM","02/04/2018","00:00",,"212","REPAIR BROKEN MAIN"
"2734305","01/28/2018","08:59","AM","01/29/2018","00:00",,"212","REPAIR BROKEN MAIN"
"2734322","01/28/2018","04:44","PM","01/29/2018","00:00",,"212","REPAIR BROKEN MAIN"
"2734244","01/27/2018","08:06","AM","12/21/2018","00:00",,"212","REPAIR BROKEN MAIN"
"2734249","01/27/2018","09:13","AM","01/29/2018","00:00",,"212","REPAIR BROKEN MAIN"
"2732989","01/26/2018","12:12","PM","01/29/2018","00:00",,"212","REPAIR BROKEN MAIN"
"2733080","01/26/2018","04:01","PM","01/30/2018","00:00",,"212","REPAIR BROKEN MAIN"
"2733123","01/26/2018","07:23","PM","01/27/2018","00:00",,"212","REPAIR BROKEN MAIN"
"2732297","01/25/2018","12:30","PM","01/25/2018","00:00",,"212","REPAIR BROKEN MAIN"
"2732314","01/25/2018","01:38","PM","01/26/2018","00:00",,"212","REPAIR BROKEN MAIN"
"2732346","01/25/2018","02:47","PM","01/25/2018","00:00",,"212","REPAIR BROKEN MAIN"
"2732076","01/24/2018","04:22","PM","01/25/2018","00:00",,"212","REPAIR BROKEN MAIN"
"2732103","01/24/2018","05:29","PM","01/30/2018","00:00",,"212","REPAIR BROKEN MAIN"
"2732111","01/24/2018","06:49","PM","01/31/2018","00:00",,"212","REPAIR BROKEN MAIN"
"2732133","01/24/2018","09:15","PM","01/26/2018","00:00",,"212","REPAIR BROKEN MAIN"
"2732140","01/24/2018","10:46","PM","01/25/2018","00:00",,"212","REPAIR BROKEN MAIN"
"2732203","01/24/2018","11:50","AM","01/25/2018","00:00",,"212","REPAIR BROKEN MAIN"
"2731435","01/23/2018","03:46","AM","01/23/2018","00:00",,"212","REPAIR BROKEN MAIN"
"2731526","01/23/2018","09:32","AM","02/02/2018","00:00",,"212","REPAIR BROKEN MAIN"
"2731568","01/23/2018","11:10","AM","01/24/2018","00:00",,"212","REPAIR BROKEN MAIN"
"2731621","01/23/2018","09:00","AM","01/23/2018","00:00",,"212","REPAIR BROKEN MAIN"
"2731757","01/23/2018","08:06","PM","01/24/2018","00:00",,"212","REPAIR BROKEN MAIN"
"2731759","01/23/2018","08:15","PM","01/24/2018","00:00",,"212","REPAIR BROKEN MAIN"
"2731042","01/22/2018","08:20","AM","01/22/2018","00:00",,"212","REPAIR BROKEN MAIN"
"2731083","01/22/2018","09:17","AM","01/23/2018","00:00",,"212","REPAIR BROKEN MAIN"
"2731125","01/22/2018","10:47","AM","01/22/2018","00:00",,"212","REPAIR BROKEN MAIN"
"2731181","01/22/2018","12:17","PM","01/23/2018","00:00",,"212","REPAIR BROKEN MAIN"
"2731268","01/22/2018","02:23","PM","01/25/2018","00:00",,"212","REPAIR BROKEN MAIN"
"2731271","01/22/2018","02:26","PM","01/24/2018","00:00",,"212","REPAIR BROKEN MAIN"
"2731295","01/22/2018","02:56","PM","01/23/2018","00:00",,"212","REPAIR BROKEN MAIN"
"2731312","01/22/2018","03:24","PM","02/08/2018","00:00",,"212","REPAIR BROKEN MAIN"
"2731314","01/22/2018","03:29","PM","01/24/2018","00:00",,"212","REPAIR BROKEN MAIN"
"2731406","01/22/2018","08:21","PM","01/24/2018","00:00",,"212","REPAIR BROKEN MAIN"
"2731410","01/22/2018","09:38","PM","03/23/2018","00:00",,"212","REPAIR BROKEN MAIN"
"2731421","01/22/2018","10:31","PM","01/23/2018","00:00",,"212","REPAIR BROKEN MAIN"
"2730900","01/21/2018","09:19","AM","01/21/2018","00:00",,"212","REPAIR BROKEN MAIN"
"2730901","01/21/2018","09:29","AM","01/22/2018","00:00",,"212","REPAIR BROKEN MAIN"
"2730924","01/21/2018","01:31","PM","01/22/2018","00:00",,"212","REPAIR BROKEN MAIN"
"2730943","01/21/2018","03:16","PM","01/21/2018","00:00",,"212","REPAIR BROKEN MAIN"
"2730951","01/21/2018","04:44","PM","02/21/2018","00:00",,"212","REPAIR BROKEN MAIN"
"2730952","01/21/2018","05:16","PM","01/22/2018","00:00",,"212","REPAIR BROKEN MAIN"
"2730790","01/20/2018","05:50","AM","01/20/2018","00:00",,"212","REPAIR BROKEN MAIN"
"2730802","01/20/2018","09:25","AM","01/20/2018","00:00",,"212","REPAIR BROKEN MAIN"
"2730812","01/20/2018","10:16","AM","01/26/2018","00:00",,"212","REPAIR BROKEN MAIN"
"2730813","01/20/2018","10:24","AM","01/22/2018","00:00",,"212","REPAIR BROKEN MAIN"
"2730820","01/20/2018","10:50","AM","01/31/2018","00:00",,"212","REPAIR BROKEN MAIN"
"2730851","01/20/2018","02:16","PM","01/21/2018","00:00",,"212","REPAIR BROKEN MAIN"
"2730858","01/20/2018","02:47","PM","01/20/2018","00:00",,"212","REPAIR BROKEN MAIN"
"2730872","01/20/2018","04:49","PM","01/22/2018","00:00",,"212","REPAIR BROKEN MAIN"
"2730659","01/19/2018","02:09","PM","01/22/2018","00:00",,"212","REPAIR BROKEN MAIN"
"2730675","01/19/2018","02:41","PM","01/20/2018","00:00",,"212","REPAIR BROKEN MAIN"
"2730705","01/19/2018","03:36","PM","01/22/2018","00:00",,"212","REPAIR BROKEN MAIN"
"2730765","01/19/2018","08:36","PM","01/22/2018","00:00",,"212","REPAIR BROKEN MAIN"
"2730772","01/19/2018","09:34","PM","01/20/2018","00:00",,"212","REPAIR BROKEN MAIN"
"2730776","01/19/2018","10:13","PM","01/20/2018","00:00",,"212","REPAIR BROKEN MAIN"
"2730777","01/19/2018","10:13","PM","02/16/2018","00:00",,"212","REPAIR BROKEN MAIN"
"2730779","01/19/2018","10:45","PM","01/31/2018","00:00",,"212","REPAIR BROKEN MAIN"
"2730229","01/18/2018","08:26","AM","01/19/2018","00:00",,"212","REPAIR BROKEN MAIN"
"2730235","01/18/2018","08:48","AM","01/18/2018","00:00",,"212","REPAIR BROKEN MAIN"
"2730237","01/18/2018","08:49","AM","01/20/2018","00:00",,"212","REPAIR BROKEN MAIN"
"2730254","01/18/2018","09:29","AM","01/19/2018","00:00",,"212","REPAIR BROKEN MAIN"
"2730280","01/18/2018","10:28","AM","01/22/2018","00:00",,"212","REPAIR BROKEN MAIN"
"2730313","01/18/2018","11:43","AM","01/19/2018","00:00",,"212","REPAIR BROKEN MAIN"
"2730321","01/18/2018","12:02","PM","01/19/2018","00:00",,"212","REPAIR BROKEN MAIN"
"2730367","01/18/2018","02:29","PM","01/23/2018","00:00",,"212","REPAIR BROKEN MAIN"
"2730396","01/18/2018","03:45","PM","01/19/2018","00:00",,"212","REPAIR BROKEN MAIN"
"2730420","01/18/2018","04:52","PM","01/18/2018","00:00",,"212","REPAIR BROKEN MAIN"
"2730027","01/17/2018","10:47","AM","01/18/2018","00:00",,"212","REPAIR BROKEN MAIN"
"2730156","01/17/2018","04:49","PM","01/18/2018","00:00",,"212","REPAIR BROKEN MAIN"
"2730157","01/17/2018","04:56","PM","01/23/2018","00:00",,"212","REPAIR BROKEN MAIN"
"2730173","01/17/2018","06:43","PM","01/18/2018","00:00",,"212","REPAIR BROKEN MAIN"
"2730188","01/17/2018","09:20","PM","01/18/2018","00:00",,"212","REPAIR BROKEN MAIN"
"2729420","01/16/2018","12:29","AM","01/18/2018","00:00",,"212","REPAIR BROKEN MAIN"
"2729423","01/16/2018","02:31","AM","01/24/2018","00:00",,"212","REPAIR BROKEN MAIN"
"2729508","01/16/2018","08:54","AM","01/23/2018","00:00",,"212","REPAIR BROKEN MAIN"
"2729700","01/16/2018","01:03","PM","01/16/2018","00:00",,"212","REPAIR BROKEN MAIN"
"2729716","01/16/2018","01:31","PM","01/18/2018","00:00",,"212","REPAIR BROKEN MAIN"
"2729764","01/16/2018","02:42","PM","01/29/2018","00:00",,"212","REPAIR BROKEN MAIN"
"2729807","01/16/2018","04:12","PM","01/17/2018","00:00",,"212","REPAIR BROKEN MAIN"
"2729822","01/16/2018","04:38","PM","01/17/2018","00:00",,"212","REPAIR BROKEN MAIN"
"2729863","01/16/2018","05:42","PM","01/18/2018","00:00",,"212","REPAIR BROKEN MAIN"
"2729864","01/16/2018","05:45","PM","01/17/2018","00:00",,"212","REPAIR BROKEN MAIN"
"2729868","01/16/2018","06:05","PM","01/17/2018","00:00",,"212","REPAIR BROKEN MAIN"
"2729221","01/15/2018","08:55","AM","01/15/2018","00:00",,"212","REPAIR BROKEN MAIN"
"2729238","01/15/2018","09:31","AM","01/15/2018","00:00",,"212","REPAIR BROKEN MAIN"
"2729261","01/15/2018","10:51","AM","01/19/2018","00:00",,"212","REPAIR BROKEN MAIN"
"2729283","01/15/2018","11:38","AM","01/16/2018","00:00",,"212","REPAIR BROKEN MAIN"
"2729300","01/15/2018","12:24","PM","01/16/2018","00:00",,"212","REPAIR BROKEN MAIN"
"2729375","01/15/2018","06:41","PM","01/18/2018","00:00",,"212","REPAIR BROKEN MAIN"
"2729381","01/15/2018","06:57","PM","01/17/2018","00:00",,"212","REPAIR BROKEN MAIN"
"2729398","01/15/2018","08:40","PM","01/17/2018","00:00",,"212","REPAIR BROKEN MAIN"
"2729399","01/15/2018","08:46","PM","01/17/2018","00:00",,"212","REPAIR BROKEN MAIN"
"2729415","01/15/2018","10:54","PM","01/16/2018","00:00",,"212","REPAIR BROKEN MAIN"
"2729071","01/14/2018","11:57","AM","01/18/2018","00:00",,"212","REPAIR BROKEN MAIN"
"2729096","01/14/2018","02:06","PM","01/17/2018","00:00",,"212","REPAIR BROKEN MAIN"
"2729097","01/14/2018","02:09","PM","01/15/2018","00:00",,"212","REPAIR BROKEN MAIN"
"2729100","01/14/2018","02:31","PM","01/15/2018","00:00",,"212","REPAIR BROKEN MAIN"
"2729101","01/14/2018","02:34","PM","01/14/2018","00:00",,"212","REPAIR BROKEN MAIN"
"2729105","01/14/2018","02:45","PM","01/15/2018","00:00",,"212","REPAIR BROKEN MAIN"
"2729112","01/14/2018","03:04","PM","01/23/2018","00:00",,"212","REPAIR BROKEN MAIN"
"2729116","01/14/2018","03:11","PM","01/15/2018","00:00",,"212","REPAIR BROKEN MAIN"
"2729133","01/14/2018","03:58","PM","01/16/2018","00:00",,"212","REPAIR BROKEN MAIN"
"2729135","01/14/2018","04:05","PM","01/17/2018","00:00",,"212","REPAIR BROKEN MAIN"
"2729136","01/14/2018","04:10","PM","01/20/2018","00:00",,"212","REPAIR BROKEN MAIN"
"2729141","01/14/2018","04:44","PM","01/19/2018","00:00",,"212","REPAIR BROKEN MAIN"
"2729183","01/14/2018","09:11","PM","01/15/2018","00:00",,"212","REPAIR BROKEN MAIN"
"2729190","01/14/2018","09:37","PM","01/15/2018","00:00",,"212","REPAIR BROKEN MAIN"
"2729193","01/14/2018","09:48","PM","01/24/2018","00:00",,"212","REPAIR BROKEN MAIN"
"2729195","01/14/2018","10:21","PM","01/15/2018","00:00",,"212","REPAIR BROKEN MAIN"
"2728782","01/13/2018","03:49","AM","01/13/2018","00:00",,"212","REPAIR BROKEN MAIN"
"2728787","01/13/2018","06:32","AM","01/24/2018","00:00",,"212","REPAIR BROKEN MAIN"
"2728804","01/13/2018","09:02","AM","01/13/2018","00:00",,"212","REPAIR BROKEN MAIN"
"2728810","01/13/2018","09:12","AM","01/13/2018","00:00",,"212","REPAIR BROKEN MAIN"
"2728824","01/13/2018","10:19","AM","01/14/2018","00:00",,"212","REPAIR BROKEN MAIN"
"2728833","01/13/2018","10:50","AM","01/14/2018","00:00",,"212","REPAIR BROKEN MAIN"
"2728838","01/13/2018","11:00","AM","01/22/2018","00:00",,"212","REPAIR BROKEN MAIN"
"2728849","01/13/2018","11:46","AM","01/25/2018","00:00",,"212","REPAIR BROKEN MAIN"
"2728851","01/13/2018","11:54","AM","01/13/2018","00:00",,"212","REPAIR BROKEN MAIN"
"2728852","01/13/2018","11:55","AM","01/15/2018","00:00",,"212","REPAIR BROKEN MAIN"
"2728853","01/13/2018","11:56","AM","01/14/2018","00:00",,"212","REPAIR BROKEN MAIN"
"2728854","01/13/2018","12:03","PM","01/14/2018","00:00",,"212","REPAIR BROKEN MAIN"
"2728861","01/13/2018","12:22","PM","01/22/2018","00:00",,"212","REPAIR BROKEN MAIN"
"2728865","01/13/2018","12:37","PM","01/14/2018","00:00",,"212","REPAIR BROKEN MAIN"
"2728866","01/13/2018","12:41","PM","01/15/2018","00:00",,"212","REPAIR BROKEN MAIN"
"2728870","01/13/2018","12:47","PM","01/13/2018","00:00",,"212","REPAIR BROKEN MAIN"
"2728876","01/13/2018","01:26","PM","01/13/2018","00:00",,"212","REPAIR BROKEN MAIN"
"2728908","01/13/2018","03:01","PM","01/14/2018","00:00",,"212","REPAIR BROKEN MAIN"
"2728909","01/13/2018","03:04","PM","01/14/2018","00:00",,"212","REPAIR BROKEN MAIN"
"2728910","01/13/2018","03:09","PM","01/18/2018","00:00",,"212","REPAIR BROKEN MAIN"
"2728926","01/13/2018","04:09","PM","01/19/2018","00:00",,"212","REPAIR BROKEN MAIN"
"2728928","01/13/2018","04:14","PM","01/15/2018","00:00",,"212","REPAIR BROKEN MAIN"
"2728953","01/13/2018","06:01","PM","01/14/2018","00:00",,"212","REPAIR BROKEN MAIN"
"2728954","01/13/2018","06:14","PM","01/16/2018","00:00",,"212","REPAIR BROKEN MAIN"
"2728955","01/13/2018","06:34","PM","01/15/2018","00:00",,"212","REPAIR BROKEN MAIN"
"2728956","01/13/2018","06:37","PM","01/16/2018","00:00",,"212","REPAIR BROKEN MAIN"
"2728968","01/13/2018","07:47","PM","01/17/2018","00:00",,"212","REPAIR BROKEN MAIN"
"2728977","01/13/2018","08:32","PM","01/18/2018","00:00",,"212","REPAIR BROKEN MAIN"
"2728979","01/13/2018","08:50","PM","01/14/2018","00:00",,"212","REPAIR BROKEN MAIN"
"2728983","01/13/2018","09:11","PM","01/18/2018","00:00",,"212","REPAIR BROKEN MAIN"
"2728986","01/13/2018","07:00","PM","01/13/2018","00:00",,"212","REPAIR BROKEN MAIN"
"2728996","01/13/2018","10:29","PM","01/17/2018","00:00",,"212","REPAIR BROKEN MAIN"
"2729005","01/13/2018","11:35","PM","01/22/2018","00:00",,"212","REPAIR BROKEN MAIN"
"2729006","01/13/2018","11:37","PM","01/14/2018","00:00",,"212","REPAIR BROKEN MAIN"
"2728270","01/12/2018","03:37","AM","01/12/2018","00:00",,"212","REPAIR BROKEN MAIN"
"2728271","01/12/2018","05:01","AM","01/13/2018","00:00",,"212","REPAIR BROKEN MAIN"
"2728277","01/12/2018","06:41","AM","01/12/2018","00:00",,"212","REPAIR BROKEN MAIN"
"2728327","01/12/2018","08:10","AM","01/13/2018","00:00",,"212","REPAIR BROKEN MAIN"
"2728434","01/12/2018","10:06","AM","01/13/2018","00:00",,"212","REPAIR BROKEN MAIN"
"2728476","01/12/2018","11:22","AM","01/13/2018","00:00",,"212","REPAIR BROKEN MAIN"
"2728486","01/12/2018","11:54","AM","01/13/2018","00:00",,"212","REPAIR BROKEN MAIN"
"2728521","01/12/2018","12:49","PM","01/12/2018","00:00",,"212","REPAIR BROKEN MAIN"
"2728568","01/12/2018","02:05","PM","01/12/2018","00:00",,"212","REPAIR BROKEN MAIN"
"2728593","01/12/2018","02:41","PM","01/19/2018","00:00",,"212","REPAIR BROKEN MAIN"
"2728601","01/12/2018","02:49","PM","01/12/2018","00:00",,"212","REPAIR BROKEN MAIN"
"2728658","01/12/2018","04:24","PM","01/16/2018","00:00",,"212","REPAIR BROKEN MAIN"
"2728700","01/12/2018","05:45","PM","01/13/2018","00:00",,"212","REPAIR BROKEN MAIN"
"2728717","01/12/2018","06:26","PM","01/13/2018","00:00",,"212","REPAIR BROKEN MAIN"
"2728722","01/12/2018","06:43","PM","01/15/2018","00:00",,"212","REPAIR BROKEN MAIN"
"2728734","01/12/2018","07:18","PM","01/13/2018","00:00",,"212","REPAIR BROKEN MAIN"
"2728743","01/12/2018","07:51","PM","01/15/2018","00:00",,"212","REPAIR BROKEN MAIN"
"2728760","01/12/2018","10:06","PM","01/19/2018","00:00",,"212","REPAIR BROKEN MAIN"
"2728761","01/12/2018","10:27","PM","01/13/2018","00:00",,"212","REPAIR BROKEN MAIN"
"2728765","01/12/2018","11:02","PM","01/13/2018","00:00",,"212","REPAIR BROKEN MAIN"
"2728771","01/12/2018","11:52","PM","01/13/2018","00:00",,"212","REPAIR BROKEN MAIN"
"2727670","01/11/2018","02:15","AM","01/12/2018","00:00",,"212","REPAIR BROKEN MAIN"
"2727674","01/11/2018","02:26","AM","01/12/2018","00:00",,"212","REPAIR BROKEN MAIN"
"2727675","01/11/2018","02:28","AM","01/13/2018","00:00",,"212","REPAIR BROKEN MAIN"
"2727679","01/11/2018","02:46","AM","01/12/2018","00:00",,"212","REPAIR BROKEN MAIN"
"2727681","01/11/2018","12:00","AM","01/11/2018","00:00",,"212","REPAIR BROKEN MAIN"
"2727694","01/11/2018","06:46","AM","01/11/2018","00:00",,"212","REPAIR BROKEN MAIN"
"2727729","01/11/2018","07:46","AM","01/12/2018","00:00",,"212","REPAIR BROKEN MAIN"
"2727747","01/11/2018","08:05","AM","01/12/2018","00:00",,"212","REPAIR BROKEN MAIN"
"2727748","01/11/2018","08:05","AM","01/12/2018","00:00",,"212","REPAIR BROKEN MAIN"
"2727755","01/11/2018","08:11","AM","01/12/2018","00:00",,"212","REPAIR BROKEN MAIN"
"2727795","01/11/2018","08:46","AM","01/11/2018","00:00",,"212","REPAIR BROKEN MAIN"
"2727802","01/11/2018","09:08","AM","01/12/2018","00:00",,"212","REPAIR BROKEN MAIN"
"2727823","01/11/2018","09:28","AM","01/12/2018","00:00",,"212","REPAIR BROKEN MAIN"
"2727831","01/11/2018","09:37","AM","01/13/2018","00:00",,"212","REPAIR BROKEN MAIN"
"2727846","01/11/2018","10:03","AM","01/11/2018","00:00",,"212","REPAIR BROKEN MAIN"
"2727848","01/11/2018","10:04","AM","01/11/2018","00:00",,"212","REPAIR BROKEN MAIN"
"2727893","01/11/2018","11:07","AM","01/11/2018","00:00",,"212","REPAIR BROKEN MAIN"
"2727897","01/11/2018","11:11","AM","01/22/2018","00:00",,"212","REPAIR BROKEN MAIN"
"2727901","01/11/2018","11:17","AM","01/13/2018","00:00",,"212","REPAIR BROKEN MAIN"
"2727910","01/11/2018","11:30","AM","01/13/2018","00:00",,"212","REPAIR BROKEN MAIN"
"2727944","01/11/2018","12:33","PM","01/16/2018","00:00",,"212","REPAIR BROKEN MAIN"
"2728007","01/11/2018","01:29","PM","01/12/2018","00:00",,"212","REPAIR BROKEN MAIN"
"2728051","01/11/2018","02:14","PM","01/12/2018","00:00",,"212","REPAIR BROKEN MAIN"
"2728059","01/11/2018","02:21","PM","01/12/2018","00:00",,"212","REPAIR BROKEN MAIN"
"2728075","01/11/2018","02:47","PM","01/19/2018","00:00",,"212","REPAIR BROKEN MAIN"
"2728105","01/11/2018","03:33","PM","01/12/2018","00:00",,"212","REPAIR BROKEN MAIN"
"2728109","01/11/2018","03:38","PM","01/12/2018","00:00",,"212","REPAIR BROKEN MAIN"
"2728126","01/11/2018","04:03","PM","01/12/2018","00:00",,"212","REPAIR BROKEN MAIN"
"2728131","01/11/2018","04:17","PM","01/11/2018","00:00",,"212","REPAIR BROKEN MAIN"
"2728163","01/11/2018","05:23","PM","01/12/2018","00:00",,"212","REPAIR BROKEN MAIN"
"2728180","01/11/2018","06:33","PM","01/12/2018","00:00",,"212","REPAIR BROKEN MAIN"
"2728212","01/11/2018","09:35","PM","01/12/2018","00:00",,"212","REPAIR BROKEN MAIN"
"2728219","01/11/2018","10:53","PM","01/12/2018","00:00",,"212","REPAIR BROKEN MAIN"
"2728221","01/11/2018","11:00","PM","01/23/2018","00:00",,"212","REPAIR BROKEN MAIN"
"2728223","01/11/2018","11:04","PM","01/16/2018","00:00",,"212","REPAIR BROKEN MAIN"
"2728225","01/11/2018","11:07","PM","01/12/2018","00:00",,"212","REPAIR BROKEN MAIN"
"2728226","01/11/2018","11:33","PM","01/14/2018","00:00",,"212","REPAIR BROKEN MAIN"
"2728264","01/11/2018","11:35","PM","01/13/2018","00:00",,"212","REPAIR BROKEN MAIN"
"2728265","01/11/2018","11:56","PM","01/12/2018","00:00",,"212","REPAIR BROKEN MAIN"
"2727078","01/10/2018","12:28","AM","01/11/2018","00:00",,"212","REPAIR BROKEN MAIN"
"2727080","01/10/2018","12:35","AM","01/10/2018","00:00",,"212","REPAIR BROKEN MAIN"
"2727081","01/10/2018","12:40","AM","01/10/2018","00:00",,"212","REPAIR BROKEN MAIN"
"2727083","01/10/2018","12:43","AM","01/12/2018","00:00",,"212","REPAIR BROKEN MAIN"
"2727087","01/10/2018","01:56","AM","01/10/2018","00:00",,"212","REPAIR BROKEN MAIN"
"2727089","01/10/2018","01:59","AM","01/11/2018","00:00",,"212","REPAIR BROKEN MAIN"
"2727090","01/10/2018","02:00","AM","01/19/2018","00:00",,"212","REPAIR BROKEN MAIN"
"2727133","01/10/2018","07:36","AM","01/10/2018","00:00",,"212","REPAIR BROKEN MAIN"
"2727140","01/10/2018","07:51","AM","01/10/2018","00:00",,"212","REPAIR BROKEN MAIN"
"2727148","01/10/2018","08:11","AM","01/19/2018","00:00",,"212","REPAIR BROKEN MAIN"
"2727154","01/10/2018","08:20","AM","01/10/2018","00:00",,"212","REPAIR BROKEN MAIN"
"2727165","01/10/2018","08:30","AM","01/11/2018","00:00",,"212","REPAIR BROKEN MAIN"
"2727169","01/10/2018","08:35","AM","01/10/2018","00:00",,"212","REPAIR BROKEN MAIN"
"2727173","01/10/2018","08:41","AM","01/11/2018","00:00",,"212","REPAIR BROKEN MAIN"
"2727174","01/10/2018","08:42","AM","01/10/2018","00:00",,"212","REPAIR BROKEN MAIN"
"2727238","01/10/2018","09:48","AM","01/10/2018","00:00",,"212","REPAIR BROKEN MAIN"
"2727257","01/10/2018","10:04","AM","01/11/2018","00:00",,"212","REPAIR BROKEN MAIN"
"2727259","01/10/2018","10:06","AM","01/11/2018","00:00",,"212","REPAIR BROKEN MAIN"
"2727322","01/10/2018","11:43","AM","01/11/2018","00:00",,"212","REPAIR BROKEN MAIN"
"2727350","01/10/2018","12:40","PM","01/11/2018","00:00",,"212","REPAIR BROKEN MAIN"
"2727354","01/10/2018","12:43","PM","01/10/2018","00:00",,"212","REPAIR BROKEN MAIN"
"2727357","01/10/2018","12:54","PM","01/12/2018","00:00",,"212","REPAIR BROKEN MAIN"
"2727380","01/10/2018","01:20","PM","01/12/2018","00:00",,"212","REPAIR BROKEN MAIN"
"2727447","01/10/2018","02:32","PM","01/12/2018","00:00",,"212","REPAIR BROKEN MAIN"
"2727473","01/10/2018","02:52","PM","01/11/2018","00:00",,"212","REPAIR BROKEN MAIN"
"2727480","01/10/2018","02:59","PM","01/13/2018","00:00",,"212","REPAIR BROKEN MAIN"
"2727508","01/10/2018","03:35","PM","01/11/2018","00:00",,"212","REPAIR BROKEN MAIN"
"2727539","01/10/2018","04:20","PM","01/16/2018","00:00",,"212","REPAIR BROKEN MAIN"
"2727546","01/10/2018","04:33","PM","01/11/2018","00:00",,"212","REPAIR BROKEN MAIN"
"2727547","01/10/2018","04:35","PM","01/11/2018","00:00",,"212","REPAIR BROKEN MAIN"
"2727553","01/10/2018","04:38","PM","01/12/2018","00:00",,"212","REPAIR BROKEN MAIN"
"2727556","01/10/2018","04:46","PM","01/11/2018","00:00",,"212","REPAIR BROKEN MAIN"
"2727559","01/10/2018","04:48","PM","01/13/2018","00:00",,"212","REPAIR BROKEN MAIN"
"2727563","01/10/2018","04:53","PM","01/16/2018","00:00",,"212","REPAIR BROKEN MAIN"
"2727606","01/10/2018","06:37","PM","01/19/2018","00:00",,"212","REPAIR BROKEN MAIN"
"2727627","01/10/2018","07:30","PM","01/11/2018","00:00",,"212","REPAIR BROKEN MAIN"
"2727638","01/10/2018","08:47","PM","01/12/2018","00:00",,"212","REPAIR BROKEN MAIN"
"2727660","01/10/2018","11:24","PM","01/11/2018","00:00",,"212","REPAIR BROKEN MAIN"
"2727661","01/10/2018","11:27","PM","01/11/2018","00:00",,"212","REPAIR BROKEN MAIN"
"2726477","01/09/2018","12:10","AM","01/10/2018","00:00",,"212","REPAIR BROKEN MAIN"
"2726484","01/09/2018","01:46","AM","01/09/2018","00:00",,"212","REPAIR BROKEN MAIN"
"2726486","01/09/2018","02:21","AM","01/09/2018","00:00",,"212","REPAIR BROKEN MAIN"
"2726490","01/09/2018","02:45","AM","01/09/2018","00:00",,"212","REPAIR BROKEN MAIN"
"2726493","01/09/2018","03:17","AM","01/09/2018","00:00",,"212","REPAIR BROKEN MAIN"
"2726498","01/09/2018","04:49","AM","01/10/2018","00:00",,"212","REPAIR BROKEN MAIN"
"2726514","01/09/2018","06:50","AM","01/09/2018","00:00",,"212","REPAIR BROKEN MAIN"
"2726606","01/09/2018","09:02","AM","01/11/2018","00:00",,"212","REPAIR BROKEN MAIN"
"2726612","01/09/2018","09:17","AM","01/09/2018","00:00",,"212","REPAIR BROKEN MAIN"
"2726629","01/09/2018","09:41","AM","01/09/2018","00:00",,"212","REPAIR BROKEN MAIN"
"2726654","01/09/2018","10:21","AM","01/10/2018","00:00",,"212","REPAIR BROKEN MAIN"
"2726664","01/09/2018","10:29","AM","01/10/2018","00:00",,"212","REPAIR BROKEN MAIN"
"2726667","01/09/2018","10:32","AM","01/10/2018","00:00",,"212","REPAIR BROKEN MAIN"
"2726676","01/09/2018","10:41","AM","01/12/2018","00:00",,"212","REPAIR BROKEN MAIN"
"2726677","01/09/2018","10:44","AM","01/11/2018","00:00",,"212","REPAIR BROKEN MAIN"
"2726767","01/09/2018","01:07","PM","01/09/2018","00:00",,"212","REPAIR BROKEN MAIN"
"2726772","01/09/2018","01:22","PM","01/11/2018","00:00",,"212","REPAIR BROKEN MAIN"
"2726788","01/09/2018","01:54","PM","01/09/2018","00:00",,"212","REPAIR BROKEN MAIN"
"2726791","01/09/2018","02:01","PM","01/09/2018","00:00",,"212","REPAIR BROKEN MAIN"
"2726794","01/09/2018","02:06","PM","01/09/2018","00:00",,"212","REPAIR BROKEN MAIN"
"2726799","01/09/2018","02:15","PM","01/10/2018","00:00",,"212","REPAIR BROKEN MAIN"
"2726806","01/09/2018","02:18","PM","01/09/2018","00:00",,"212","REPAIR BROKEN MAIN"
"2726835","01/09/2018","03:06","PM","01/09/2018","00:00",,"212","REPAIR BROKEN MAIN"
"2726845","01/09/2018","03:30","PM","01/18/2018","00:00",,"212","REPAIR BROKEN MAIN"
"2726848","01/09/2018","03:38","PM","01/10/2018","00:00",,"212","REPAIR BROKEN MAIN"
"2726853","01/09/2018","03:47","PM","01/09/2018","00:00",,"212","REPAIR BROKEN MAIN"
"2726866","01/09/2018","04:00","PM","01/11/2018","00:00",,"212","REPAIR BROKEN MAIN"
"2726890","01/09/2018","04:44","PM","01/11/2018","00:00",,"212","REPAIR BROKEN MAIN"
"2726905","01/09/2018","04:58","PM","01/11/2018","00:00",,"212","REPAIR BROKEN MAIN"
"2726911","01/09/2018","05:02","PM","01/10/2018","00:00",,"212","REPAIR BROKEN MAIN"
"2726914","01/09/2018","05:07","PM","01/10/2018","00:00",,"212","REPAIR BROKEN MAIN"
"2726930","01/09/2018","05:36","PM","01/10/2018","00:00",,"212","REPAIR BROKEN MAIN"
"2726979","01/09/2018","06:17","PM","01/10/2018","00:00",,"212","REPAIR BROKEN MAIN"
"2727028","01/09/2018","08:39","PM","01/10/2018","00:00",,"212","REPAIR BROKEN MAIN"
"2727031","01/09/2018","08:46","PM","01/11/2018","00:00",,"212","REPAIR BROKEN MAIN"
"2727052","01/09/2018","10:15","PM","01/10/2018","00:00",,"212","REPAIR BROKEN MAIN"
"2727055","01/09/2018","10:38","PM","01/19/2018","00:00",,"212","REPAIR BROKEN MAIN"
"2727058","01/09/2018","10:47","PM","01/11/2018","00:00",,"212","REPAIR BROKEN MAIN"
"2727061","01/09/2018","10:54","PM","01/10/2018","00:00",,"212","REPAIR BROKEN MAIN"
"2727062","01/09/2018","10:56","PM","01/11/2018","00:00",,"212","REPAIR BROKEN MAIN"
"2727064","01/09/2018","11:04","PM","01/11/2018","00:00",,"212","REPAIR BROKEN MAIN"
"2727066","01/09/2018","11:15","PM","01/10/2018","00:00",,"212","REPAIR BROKEN MAIN"
"2727070","01/09/2018","11:29","PM","01/12/2018","00:00",,"212","REPAIR BROKEN MAIN"
"2725688","01/08/2018","12:26","AM","01/08/2018","00:00",,"212","REPAIR BROKEN MAIN"
"2725694","01/08/2018","12:43","AM","01/11/2018","00:00",,"212","REPAIR BROKEN MAIN"
"2725695","01/08/2018","01:04","AM","01/09/2018","00:00",,"212","REPAIR BROKEN MAIN"
"2725698","01/08/2018","01:12","AM","01/11/2018","00:00",,"212","REPAIR BROKEN MAIN"
"2725699","01/08/2018","01:17","AM","01/08/2018","00:00",,"212","REPAIR BROKEN MAIN"
"2725700","01/08/2018","01:20","AM","01/08/2018","00:00",,"212","REPAIR BROKEN MAIN"
"2725707","01/08/2018","02:32","AM","01/10/2018","00:00",,"212","REPAIR BROKEN MAIN"
"2725708","01/08/2018","02:35","AM","01/10/2018","00:00",,"212","REPAIR BROKEN MAIN"
"2725709","01/08/2018","02:38","AM","01/09/2018","00:00",,"212","REPAIR BROKEN MAIN"
"2725712","01/08/2018","04:04","AM","01/08/2018","00:00",,"212","REPAIR BROKEN MAIN"
"2725713","01/08/2018","04:10","AM","01/10/2018","00:00",,"212","REPAIR BROKEN MAIN"
"2725718","01/08/2018","05:35","AM","01/08/2018","00:00",,"212","REPAIR BROKEN MAIN"
"2725719","01/08/2018","05:56","AM","01/16/2018","00:00",,"212","REPAIR BROKEN MAIN"
"2725723","01/08/2018","06:14","AM","01/14/2018","00:00",,"212","REPAIR BROKEN MAIN"
"2725726","01/08/2018","06:16","AM","01/10/2018","00:00",,"212","REPAIR BROKEN MAIN"
"2725728","01/08/2018","06:19","AM","01/19/2018","00:00",,"212","REPAIR BROKEN MAIN"
"2725768","01/08/2018","07:18","AM","01/08/2018","00:00",,"212","REPAIR BROKEN MAIN"
"2725777","01/08/2018","07:27","AM","01/08/2018","00:00",,"212","REPAIR BROKEN MAIN"
"2725898","01/08/2018","09:37","AM","01/16/2018","00:00",,"212","REPAIR BROKEN MAIN"
"2725926","01/08/2018","10:01","AM","01/08/2018","00:00",,"212","REPAIR BROKEN MAIN"
"2725945","01/08/2018","10:12","AM","01/09/2018","00:00",,"212","REPAIR BROKEN MAIN"
"2725960","01/08/2018","10:30","AM","01/08/2018","00:00",,"212","REPAIR BROKEN MAIN"
"2726000","01/08/2018","11:00","AM","01/08/2018","00:00",,"212","REPAIR BROKEN MAIN"
"2726037","01/08/2018","11:16","AM","01/09/2018","00:00",,"212","REPAIR BROKEN MAIN"
"2726077","01/08/2018","11:56","AM","01/09/2018","00:00",,"212","REPAIR BROKEN MAIN"
"2726079","01/08/2018","12:00","AM","01/09/2018","00:00",,"212","REPAIR BROKEN MAIN"
"2726093","01/08/2018","12:18","PM","01/08/2018","00:00",,"212","REPAIR BROKEN MAIN"
"2726100","01/08/2018","12:24","PM","01/09/2018","00:00",,"212","REPAIR BROKEN MAIN"
"2726138","01/08/2018","01:20","PM","01/08/2018","00:00",,"212","REPAIR BROKEN MAIN"
"2726158","01/08/2018","01:39","PM","01/08/2018","00:00",,"212","REPAIR BROKEN MAIN"
"2726165","01/08/2018","01:44","PM","01/08/2018","00:00",,"212","REPAIR BROKEN MAIN"
"2726199","01/08/2018","02:31","PM","01/10/2018","00:00",,"212","REPAIR BROKEN MAIN"
"2726213","01/08/2018","02:42","PM","01/12/2018","00:00",,"212","REPAIR BROKEN MAIN"
"2726295","01/08/2018","04:45","PM","01/09/2018","00:00",,"212","REPAIR BROKEN MAIN"
"2726350","01/08/2018","05:59","PM","01/13/2018","00:00",,"212","REPAIR BROKEN MAIN"
"2726361","01/08/2018","06:25","PM","01/13/2018","00:00",,"212","REPAIR BROKEN MAIN"
"2726367","01/08/2018","06:36","PM","01/09/2018","00:00",,"212","REPAIR BROKEN MAIN"
"2726400","01/08/2018","07:26","PM","01/10/2018","00:00",,"212","REPAIR BROKEN MAIN"
"2726417","01/08/2018","08:20","PM","01/09/2018","00:00",,"212","REPAIR BROKEN MAIN"
"2726422","01/08/2018","08:36","PM","01/10/2018","00:00",,"212","REPAIR BROKEN MAIN"
"2726437","01/08/2018","09:14","PM","01/08/2018","00:00",,"212","REPAIR BROKEN MAIN"
"2726447","01/08/2018","09:52","PM","01/09/2018","00:00",,"212","REPAIR BROKEN MAIN"
"2726451","01/08/2018","10:00","PM","01/10/2018","00:00",,"212","REPAIR BROKEN MAIN"
"2726454","01/08/2018","10:18","PM","01/09/2018","00:00",,"212","REPAIR BROKEN MAIN"
"2726457","01/08/2018","10:29","PM","01/09/2018","00:00",,"212","REPAIR BROKEN MAIN"
"2726462","01/08/2018","10:48","PM","01/09/2018","00:00",,"212","REPAIR BROKEN MAIN"
"2726473","01/08/2018","11:34","PM","01/09/2018","00:00",,"212","REPAIR BROKEN MAIN"
"2726474","01/08/2018","11:49","PM","01/09/2018","00:00",,"212","REPAIR BROKEN MAIN"
"2726475","01/08/2018","11:56","PM","01/09/2018","00:00",,"212","REPAIR BROKEN MAIN"
"2726670","01/08/2018","08:55","PM","01/12/2018","00:00",,"212","REPAIR BROKEN MAIN"
"2725189","01/07/2018","12:08","AM","01/07/2018","00:00",,"212","REPAIR BROKEN MAIN"
"2725193","01/07/2018","12:51","AM","01/07/2018","00:00",,"212","REPAIR BROKEN MAIN"
"2725199","01/07/2018","02:48","AM","01/08/2018","00:00",,"212","REPAIR BROKEN MAIN"
"2725201","01/07/2018","12:00","AM","01/07/2018","00:00",,"212","REPAIR BROKEN MAIN"
"2725204","01/07/2018","03:57","AM","01/08/2018","00:00",,"212","REPAIR BROKEN MAIN"
"2725208","01/07/2018","04:19","AM","01/08/2018","00:00",,"212","REPAIR BROKEN MAIN"
"2725209","01/07/2018","04:23","AM","01/09/2018","00:00",,"212","REPAIR BROKEN MAIN"
"2725213","01/07/2018","04:59","AM","01/09/2018","00:00",,"212","REPAIR BROKEN MAIN"
"2725216","01/07/2018","05:05","AM","01/08/2018","00:00",,"212","REPAIR BROKEN MAIN"
"2725217","01/07/2018","05:16","AM","01/07/2018","00:00",,"212","REPAIR BROKEN MAIN"
"2725218","01/07/2018","05:59","AM","01/08/2018","00:00",,"212","REPAIR BROKEN MAIN"
"2725227","01/07/2018","06:39","AM","01/09/2018","00:00",,"212","REPAIR BROKEN MAIN"
"2725245","01/07/2018","07:54","AM","01/08/2018","00:00",,"212","REPAIR BROKEN MAIN"
"2725267","01/07/2018","09:10","AM","01/08/2018","00:00",,"212","REPAIR BROKEN MAIN"
"2725276","01/07/2018","09:23","AM","01/07/2018","00:00",,"212","REPAIR BROKEN MAIN"
"2725280","01/07/2018","09:34","AM","01/07/2018","00:00",,"212","REPAIR BROKEN MAIN"
"2725289","01/07/2018","09:56","AM","01/23/2018","00:00",,"212","REPAIR BROKEN MAIN"
"2725304","01/07/2018","10:25","AM","01/07/2018","00:00",,"212","REPAIR BROKEN MAIN"
"2725314","01/07/2018","10:40","AM","01/16/2018","00:00",,"212","REPAIR BROKEN MAIN"
"2725337","01/07/2018","11:32","AM","01/11/2018","00:00",,"212","REPAIR BROKEN MAIN"
"2725353","01/07/2018","12:17","PM","01/19/2018","00:00",,"212","REPAIR BROKEN MAIN"
"2725355","01/07/2018","12:22","PM","01/09/2018","00:00",,"212","REPAIR BROKEN MAIN"
"2725378","01/07/2018","01:10","PM","01/08/2018","00:00",,"212","REPAIR BROKEN MAIN"
"2725433","01/07/2018","02:29","PM","01/08/2018","00:00",,"212","REPAIR BROKEN MAIN"
"2725450","01/07/2018","02:59","PM","01/08/2018","00:00",,"212","REPAIR BROKEN MAIN"
"2725455","01/07/2018","03:12","PM","01/08/2018","00:00",,"212","REPAIR BROKEN MAIN"
"2725465","01/07/2018","03:00","PM","01/14/2018","00:00",,"212","REPAIR BROKEN MAIN"
"2725466","01/07/2018","03:23","PM","01/09/2018","00:00",,"212","REPAIR BROKEN MAIN"
"2725529","01/07/2018","05:05","PM","01/08/2018","00:00",,"212","REPAIR BROKEN MAIN"
"2725541","01/07/2018","05:38","PM","01/08/2018","00:00",,"212","REPAIR BROKEN MAIN"
"2725545","01/07/2018","05:48","PM","01/09/2018","00:00",,"212","REPAIR BROKEN MAIN"
"2725553","01/07/2018","06:10","PM","01/09/2018","00:00",,"212","REPAIR BROKEN MAIN"
"2725555","01/07/2018","06:19","PM","01/13/2018","00:00",,"212","REPAIR BROKEN MAIN"
"2725569","01/07/2018","06:41","PM","01/08/2018","00:00",,"212","REPAIR BROKEN MAIN"
"2725570","01/07/2018","06:42","PM","01/11/2018","00:00",,"212","REPAIR BROKEN MAIN"
"2725580","01/07/2018","07:00","PM","01/09/2018","00:00",,"212","REPAIR BROKEN MAIN"
"2725584","01/07/2018","07:05","PM","01/09/2018","00:00",,"212","REPAIR BROKEN MAIN"
"2725589","01/07/2018","07:11","PM","01/10/2018","00:00",,"212","REPAIR BROKEN MAIN"
"2725600","01/07/2018","07:26","PM","01/08/2018","00:00",,"212","REPAIR BROKEN MAIN"
"2725606","01/07/2018","07:33","PM","01/08/2018","00:00",,"212","REPAIR BROKEN MAIN"
"2725615","01/07/2018","07:46","PM","01/08/2018","00:00",,"212","REPAIR BROKEN MAIN"
"2725618","01/07/2018","07:46","PM","01/09/2018","00:00",,"212","REPAIR BROKEN MAIN"
"2725627","01/07/2018","08:12","PM","01/08/2018","00:00",,"212","REPAIR BROKEN MAIN"
"2725634","01/07/2018","08:34","PM","01/11/2018","00:00",,"212","REPAIR BROKEN MAIN"
"2725656","01/07/2018","09:58","PM","01/08/2018","00:00",,"212","REPAIR BROKEN MAIN"
"2725657","01/07/2018","10:02","PM","01/08/2018","00:00",,"212","REPAIR BROKEN MAIN"
"2725667","01/07/2018","10:43","PM","01/11/2018","00:00",,"212","REPAIR BROKEN MAIN"
"2725670","01/07/2018","11:10","PM","01/08/2018","00:00",,"212","REPAIR BROKEN MAIN"
"2725674","01/07/2018","11:18","PM","01/09/2018","00:00",,"212","REPAIR BROKEN MAIN"
"2725676","01/07/2018","11:42","PM","01/24/2018","00:00",,"212","REPAIR BROKEN MAIN"
"2725678","01/07/2018","11:47","PM","01/08/2018","00:00",,"212","REPAIR BROKEN MAIN"
"2725683","01/07/2018","11:57","PM","01/10/2018","00:00",,"212","REPAIR BROKEN MAIN"
"2725786","01/07/2018","09:30","PM","01/10/2018","00:00",,"212","REPAIR BROKEN MAIN"
"2724760","01/06/2018","12:55","AM","01/06/2018","00:00",,"212","REPAIR BROKEN MAIN"
"2724763","01/06/2018","01:56","AM","01/06/2018","00:00",,"212","REPAIR BROKEN MAIN"
"2724766","01/06/2018","03:46","AM","01/06/2018","00:00",,"212","REPAIR BROKEN MAIN"
"2724771","01/06/2018","06:00","AM","01/06/2018","00:00",,"212","REPAIR BROKEN MAIN"
"2724796","01/06/2018","07:47","AM","01/19/2018","00:00",,"212","REPAIR BROKEN MAIN"
"2724806","01/06/2018","08:20","AM","01/06/2018","00:00",,"212","REPAIR BROKEN MAIN"
"2724810","01/06/2018","08:42","AM","01/09/2018","00:00",,"212","REPAIR BROKEN MAIN"
"2724814","01/06/2018","08:59","AM","01/07/2018","00:00",,"212","REPAIR BROKEN MAIN"
"2724840","01/06/2018","10:28","AM","01/08/2018","00:00",,"212","REPAIR BROKEN MAIN"
"2724851","01/06/2018","10:46","AM","01/23/2018","00:00",,"212","REPAIR BROKEN MAIN"
"2724865","01/06/2018","11:08","AM","01/06/2018","00:00",,"212","REPAIR BROKEN MAIN"
"2724891","01/06/2018","11:55","AM","01/07/2018","00:00",,"212","REPAIR BROKEN MAIN"
"2724931","01/06/2018","12:55","PM","01/08/2018","00:00",,"212","REPAIR BROKEN MAIN"
"2724981","01/06/2018","02:45","PM","01/07/2018","00:00",,"212","REPAIR BROKEN MAIN"
"2725008","01/06/2018","03:58","PM","01/06/2018","00:00",,"212","REPAIR BROKEN MAIN"
"2725018","01/06/2018","04:13","PM","01/06/2018","00:00",,"212","REPAIR BROKEN MAIN"
"2725023","01/06/2018","04:25","PM","01/09/2018","00:00",,"212","REPAIR BROKEN MAIN"
"2725031","01/06/2018","04:40","PM","01/07/2018","00:00",,"212","REPAIR BROKEN MAIN"
"2725034","01/06/2018","04:45","PM","01/07/2018","00:00",,"212","REPAIR BROKEN MAIN"
"2725041","01/06/2018","04:58","PM","01/07/2018","00:00",,"212","REPAIR BROKEN MAIN"
"2725048","01/06/2018","05:05","PM","01/09/2018","00:00",,"212","REPAIR BROKEN MAIN"
"2725050","01/06/2018","05:05","PM","01/09/2018","00:00",,"212","REPAIR BROKEN MAIN"
"2725063","01/06/2018","05:25","PM","01/09/2018","00:00",,"212","REPAIR BROKEN MAIN"
"2725066","01/06/2018","05:31","PM","01/06/2018","00:00",,"212","REPAIR BROKEN MAIN"
"2725071","01/06/2018","05:52","PM","01/07/2018","00:00",,"212","REPAIR BROKEN MAIN"
"2725081","01/06/2018","06:08","PM","01/06/2018","00:00",,"212","REPAIR BROKEN MAIN"
"2725090","01/06/2018","06:16","PM","01/09/2018","00:00",,"212","REPAIR BROKEN MAIN"
"2725097","01/06/2018","06:32","PM","01/09/2018","00:00",,"212","REPAIR BROKEN MAIN"
"2725099","01/06/2018","06:33","PM","01/07/2018","00:00",,"212","REPAIR BROKEN MAIN"
"2725110","01/06/2018","07:08","PM","01/08/2018","00:00",,"212","REPAIR BROKEN MAIN"
"2725123","01/06/2018","07:51","PM","01/07/2018","00:00",,"212","REPAIR BROKEN MAIN"
"2725134","01/06/2018","08:25","PM","01/09/2018","00:00",,"212","REPAIR BROKEN MAIN"
"2725135","01/06/2018","08:28","PM","01/11/2018","00:00",,"212","REPAIR BROKEN MAIN"
"2725136","01/06/2018","08:28","PM","01/25/2018","00:00",,"212","REPAIR BROKEN MAIN"
"2725137","01/06/2018","08:30","PM","01/10/2018","00:00",,"212","REPAIR BROKEN MAIN"
"2725143","01/06/2018","08:48","PM","01/07/2018","00:00",,"212","REPAIR BROKEN MAIN"
"2725147","01/06/2018","09:23","PM","01/09/2018","00:00",,"212","REPAIR BROKEN MAIN"
"2725148","01/06/2018","09:29","PM","01/07/2018","00:00",,"212","REPAIR BROKEN MAIN"
"2725150","01/06/2018","09:38","PM","01/10/2018","00:00",,"212","REPAIR BROKEN MAIN"
"2725153","01/06/2018","09:43","PM","01/07/2018","00:00",,"212","REPAIR BROKEN MAIN"
"2725161","01/06/2018","10:16","PM","01/09/2018","00:00",,"212","REPAIR BROKEN MAIN"
"2725163","01/06/2018","10:21","PM","01/08/2018","00:00",,"212","REPAIR BROKEN MAIN"
"2725179","01/06/2018","11:32","PM","01/12/2018","00:00",,"212","REPAIR BROKEN MAIN"
"2725182","01/06/2018","11:39","PM","01/08/2018","00:00",,"212","REPAIR BROKEN MAIN"
"2725188","01/06/2018","11:50","PM","01/08/2018","00:00",,"212","REPAIR BROKEN MAIN"
"2724329","01/05/2018","06:59","AM","01/05/2018","00:00",,"212","REPAIR BROKEN MAIN"
"2724369","01/05/2018","08:40","AM","01/06/2018","00:00",,"212","REPAIR BROKEN MAIN"
"2724390","01/05/2018","09:00","AM","01/06/2018","00:00",,"212","REPAIR BROKEN MAIN"
"2724418","01/05/2018","09:45","AM","01/12/2018","00:00",,"212","REPAIR BROKEN MAIN"
"2724427","01/05/2018","09:54","AM","01/05/2018","00:00",,"212","REPAIR BROKEN MAIN"
"2724454","01/05/2018","10:32","AM","01/05/2018","00:00",,"212","REPAIR BROKEN MAIN"
"2724486","01/05/2018","11:23","AM","01/05/2018","00:00",,"212","REPAIR BROKEN MAIN"
"2724491","01/05/2018","11:26","AM","01/06/2018","00:00",,"212","REPAIR BROKEN MAIN"
"2724497","01/05/2018","11:38","AM","01/09/2018","00:00",,"212","REPAIR BROKEN MAIN"
"2724498","01/05/2018","11:39","AM","01/09/2018","00:00",,"212","REPAIR BROKEN MAIN"
"2724501","01/05/2018","11:41","AM","01/07/2018","00:00",,"212","REPAIR BROKEN MAIN"
"2724516","01/05/2018","12:10","PM","01/05/2018","00:00",,"212","REPAIR BROKEN MAIN"
"2724521","01/05/2018","12:15","PM","01/06/2018","00:00",,"212","REPAIR BROKEN MAIN"
"2724536","01/05/2018","12:53","PM","01/06/2018","00:00",,"212","REPAIR BROKEN MAIN"
"2724560","01/05/2018","01:33","PM","01/06/2018","00:00",,"212","REPAIR BROKEN MAIN"
"2724572","01/05/2018","01:54","PM","01/06/2018","00:00",,"212","REPAIR BROKEN MAIN"
"2724579","01/05/2018","02:10","PM","01/10/2018","00:00",,"212","REPAIR BROKEN MAIN"
"2724580","01/05/2018","02:17","PM","01/06/2018","00:00",,"212","REPAIR BROKEN MAIN"
"2724625","01/05/2018","03:28","PM","01/23/2018","00:00",,"212","REPAIR BROKEN MAIN"
"2724630","01/05/2018","03:54","PM","01/06/2018","00:00",,"212","REPAIR BROKEN MAIN"
"2724643","01/05/2018","04:42","PM","01/16/2018","00:00",,"212","REPAIR BROKEN MAIN"
"2724652","01/05/2018","05:03","PM","01/08/2018","00:00",,"212","REPAIR BROKEN MAIN"
"2724662","01/05/2018","05:45","PM","01/08/2018","00:00",,"212","REPAIR BROKEN MAIN"
"2724667","01/05/2018","05:49","PM","01/06/2018","00:00",,"212","REPAIR BROKEN MAIN"
"2724696","01/05/2018","06:52","PM","01/06/2018","00:00",,"212","REPAIR BROKEN MAIN"
"2724703","01/05/2018","07:10","PM","01/10/2018","00:00",,"212","REPAIR BROKEN MAIN"
"2724707","01/05/2018","07:22","PM","01/06/2018","00:00",,"212","REPAIR BROKEN MAIN"
"2724722","01/05/2018","08:37","PM","01/07/2018","00:00",,"212","REPAIR BROKEN MAIN"
"2724728","01/05/2018","08:57","PM","01/07/2018","00:00",,"212","REPAIR BROKEN MAIN"
"2724729","01/05/2018","09:02","PM","01/10/2018","00:00",,"212","REPAIR BROKEN MAIN"
"2724732","01/05/2018","09:09","PM","01/06/2018","00:00",,"212","REPAIR BROKEN MAIN"
"2724752","01/05/2018","11:49","PM","01/06/2018","00:00",,"212","REPAIR BROKEN MAIN"
"2724753","01/05/2018","11:56","PM","01/06/2018","00:00",,"212","REPAIR BROKEN MAIN"
"2723053","01/04/2018","01:32","AM","01/04/2018","00:00",,"212","REPAIR BROKEN MAIN"
"2723054","01/04/2018","02:17","AM","01/08/2018","00:00",,"212","REPAIR BROKEN MAIN"
"2723055","01/04/2018","02:18","AM","01/09/2018","00:00",,"212","REPAIR BROKEN MAIN"
"2723058","01/04/2018","04:05","AM","01/04/2018","00:00",,"212","REPAIR BROKEN MAIN"
"2723060","01/04/2018","03:05","AM","01/05/2018","00:00",,"212","REPAIR BROKEN MAIN"
"2723064","01/04/2018","05:51","AM","01/06/2018","00:00",,"212","REPAIR BROKEN MAIN"
"2723067","01/04/2018","06:08","AM","01/06/2018","00:00",,"212","REPAIR BROKEN MAIN"
"2723068","01/04/2018","06:08","AM","01/04/2018","00:00",,"212","REPAIR BROKEN MAIN"
"2723072","01/04/2018","03:10","AM","01/08/2018","00:00",,"212","REPAIR BROKEN MAIN"
"2723073","01/04/2018","06:31","AM","01/08/2018","00:00",,"212","REPAIR BROKEN MAIN"
"2723076","01/04/2018","06:59","AM","01/04/2018","00:00",,"212","REPAIR BROKEN MAIN"
"2723133","01/04/2018","09:10","AM","01/23/2018","00:00",,"212","REPAIR BROKEN MAIN"
"2723180","01/04/2018","11:11","AM","01/05/2018","00:00",,"212","REPAIR BROKEN MAIN"
"2723188","01/04/2018","11:21","AM","01/07/2018","00:00",,"212","REPAIR BROKEN MAIN"
"2723209","01/04/2018","12:14","PM","01/04/2018","00:00",,"212","REPAIR BROKEN MAIN"
"2723237","01/04/2018","01:02","PM","01/19/2018","00:00",,"212","REPAIR BROKEN MAIN"
"2723255","01/04/2018","01:35","PM","01/04/2018","00:00",,"212","REPAIR BROKEN MAIN"
"2723261","01/04/2018","01:48","PM","01/07/2018","00:00",,"212","REPAIR BROKEN MAIN"
"2723265","01/04/2018","01:54","PM","01/07/2018","00:00",,"212","REPAIR BROKEN MAIN"
"2723326","01/04/2018","03:34","PM","01/16/2018","00:00",,"212","REPAIR BROKEN MAIN"
"2723343","01/04/2018","04:44","PM","01/06/2018","00:00",,"212","REPAIR BROKEN MAIN"
"2723349","01/04/2018","05:03","PM","01/05/2018","00:00",,"212","REPAIR BROKEN MAIN"
"2723362","01/04/2018","05:32","PM","01/05/2018","00:00",,"212","REPAIR BROKEN MAIN"
"2723365","01/04/2018","05:38","PM","01/08/2018","00:00",,"212","REPAIR BROKEN MAIN"
"2723371","01/04/2018","06:14","PM","01/08/2018","00:00",,"212","REPAIR BROKEN MAIN"
"2723374","01/04/2018","06:18","PM","01/04/2018","00:00",,"212","REPAIR BROKEN MAIN"
"2723376","01/04/2018","06:32","PM","01/05/2018","00:00",,"212","REPAIR BROKEN MAIN"
"2724283","01/04/2018","09:29","PM","01/07/2018","00:00",,"212","REPAIR BROKEN MAIN"
"2724314","01/04/2018","11:36","PM","01/08/2018","00:00",,"212","REPAIR BROKEN MAIN"
"2724315","01/04/2018","11:47","PM","01/05/2018","00:00",,"212","REPAIR BROKEN MAIN"
"2722421","01/03/2018","12:13","AM","01/06/2018","00:00",,"212","REPAIR BROKEN MAIN"
"2722426","01/03/2018","12:29","AM","01/03/2018","00:00",,"212","REPAIR BROKEN MAIN"
"2722429","01/03/2018","12:36","AM","01/03/2018","00:00",,"212","REPAIR BROKEN MAIN"
"2722430","01/03/2018","12:46","AM","01/06/2018","00:00",,"212","REPAIR BROKEN MAIN"
"2722432","01/03/2018","01:03","AM","01/07/2018","00:00",,"212","REPAIR BROKEN MAIN"
"2722434","01/03/2018","01:13","AM","01/03/2018","00:00",,"212","REPAIR BROKEN MAIN"
"2722444","01/03/2018","04:36","AM","01/05/2018","00:00",,"212","REPAIR BROKEN MAIN"
"2722445","01/03/2018","04:42","AM","01/08/2018","00:00",,"212","REPAIR BROKEN MAIN"
"2722453","01/03/2018","06:16","AM","01/04/2018","00:00",,"212","REPAIR BROKEN MAIN"
"2722498","01/03/2018","08:28","AM","01/04/2018","00:00",,"212","REPAIR BROKEN MAIN"
"2722507","01/03/2018","08:48","AM","01/06/2018","00:00",,"212","REPAIR BROKEN MAIN"
"2722516","01/03/2018","08:57","AM","01/04/2018","00:00",,"212","REPAIR BROKEN MAIN"
"2722526","01/03/2018","09:12","AM","01/03/2018","00:00",,"212","REPAIR BROKEN MAIN"
"2722543","01/03/2018","09:34","AM","01/05/2018","00:00",,"212","REPAIR BROKEN MAIN"
"2722569","01/03/2018","09:59","AM","01/03/2018","00:00",,"212","REPAIR BROKEN MAIN"
"2722580","01/03/2018","10:08","AM","01/03/2018","00:00",,"212","REPAIR BROKEN MAIN"
"2722582","01/03/2018","10:11","AM","01/03/2018","00:00",,"212","REPAIR BROKEN MAIN"
"2722591","01/03/2018","10:18","AM","01/04/2018","00:00",,"212","REPAIR BROKEN MAIN"
"2722595","01/03/2018","10:20","AM","01/07/2018","00:00",,"212","REPAIR BROKEN MAIN"
"2722602","01/03/2018","10:26","AM","01/03/2018","00:00",,"212","REPAIR BROKEN MAIN"
"2722616","01/03/2018","10:45","AM","01/06/2018","00:00",,"212","REPAIR BROKEN MAIN"
"2722634","01/03/2018","11:14","AM","01/04/2018","00:00",,"212","REPAIR BROKEN MAIN"
"2722642","01/03/2018","11:25","AM","01/04/2018","00:00",,"212","REPAIR BROKEN MAIN"
"2722648","01/03/2018","11:29","AM","01/03/2018","00:00",,"212","REPAIR BROKEN MAIN"
"2722703","01/03/2018","12:38","PM","01/03/2018","00:00",,"212","REPAIR BROKEN MAIN"
"2722722","01/03/2018","01:16","PM","01/03/2018","00:00",,"212","REPAIR BROKEN MAIN"
"2722726","01/03/2018","01:19","PM","01/04/2018","00:00",,"212","REPAIR BROKEN MAIN"
"2722729","01/03/2018","01:27","PM","01/04/2018","00:00",,"212","REPAIR BROKEN MAIN"
"2722736","01/03/2018","01:36","PM","01/05/2018","00:00",,"212","REPAIR BROKEN MAIN"
"2722778","01/03/2018","02:40","PM","01/03/2018","00:00",,"212","REPAIR BROKEN MAIN"
"2722803","01/03/2018","02:57","PM","01/04/2018","00:00",,"212","REPAIR BROKEN MAIN"
"2722806","01/03/2018","03:07","PM","01/03/2018","00:00",,"212","REPAIR BROKEN MAIN"
"2722821","01/03/2018","03:34","PM","01/05/2018","00:00",,"212","REPAIR BROKEN MAIN"
"2722822","01/03/2018","03:35","PM","01/05/2018","00:00",,"212","REPAIR BROKEN MAIN"
"2722833","01/03/2018","03:57","PM","01/06/2018","00:00",,"212","REPAIR BROKEN MAIN"
"2722848","01/03/2018","03:25","PM","01/06/2018","00:00",,"212","REPAIR BROKEN MAIN"
"2722915","01/03/2018","06:18","PM","01/05/2018","00:00",,"212","REPAIR BROKEN MAIN"
"2722919","01/03/2018","06:21","PM","01/05/2018","00:00",,"212","REPAIR BROKEN MAIN"
"2722921","01/03/2018","06:24","PM","01/05/2018","00:00",,"212","REPAIR BROKEN MAIN"
"2722930","01/03/2018","06:40","PM","01/04/2018","00:00",,"212","REPAIR BROKEN MAIN"
"2722933","01/03/2018","06:44","PM","01/04/2018","00:00",,"212","REPAIR BROKEN MAIN"
"2722937","01/03/2018","06:52","PM","01/05/2018","00:00",,"212","REPAIR BROKEN MAIN"
"2722947","01/03/2018","07:08","PM","01/06/2018","00:00",,"212","REPAIR BROKEN MAIN"
"2722956","01/03/2018","07:43","PM","01/22/2018","00:00",,"212","REPAIR BROKEN MAIN"
"2722958","01/03/2018","07:52","PM","01/05/2018","00:00",,"212","REPAIR BROKEN MAIN"
"2722968","01/03/2018","08:11","PM","01/04/2018","00:00",,"212","REPAIR BROKEN MAIN"
"2722973","01/03/2018","08:18","PM","01/04/2018","00:00",,"212","REPAIR BROKEN MAIN"
"2722976","01/03/2018","08:30","PM","01/10/2018","00:00",,"212","REPAIR BROKEN MAIN"
"2722987","01/03/2018","04:30","PM","01/16/2018","00:00",,"212","REPAIR BROKEN MAIN"
"2722993","01/03/2018","09:14","PM","01/05/2018","00:00",,"212","REPAIR BROKEN MAIN"
"2723018","01/03/2018","10:20","PM","01/04/2018","00:00",,"212","REPAIR BROKEN MAIN"
"2723031","01/03/2018","10:48","PM","01/06/2018","00:00",,"212","REPAIR BROKEN MAIN"
"2723034","01/03/2018","10:57","PM","01/04/2018","00:00",,"212","REPAIR BROKEN MAIN"
"2723047","01/03/2018","11:39","PM","01/04/2018","00:00",,"212","REPAIR BROKEN MAIN"
"2723048","01/03/2018","11:42","PM","01/04/2018","00:00",,"212","REPAIR BROKEN MAIN"
"2721607","01/02/2018","12:07","AM","01/03/2018","00:00",,"212","REPAIR BROKEN MAIN"
"2721608","01/02/2018","12:55","AM","01/05/2018","00:00",,"212","REPAIR BROKEN MAIN"
"2721617","01/02/2018","03:37","AM","01/04/2018","00:00",,"212","REPAIR BROKEN MAIN"
"2721625","01/02/2018","05:45","AM","01/02/2018","00:00",,"212","REPAIR BROKEN MAIN"
"2721626","01/02/2018","06:41","AM","01/03/2018","00:00",,"212","REPAIR BROKEN MAIN"
"2721695","01/02/2018","08:41","AM","01/09/2018","00:00",,"212","REPAIR BROKEN MAIN"
"2721698","01/02/2018","08:43","AM","01/09/2018","00:00",,"212","REPAIR BROKEN MAIN"
"2721712","01/02/2018","09:06","AM","01/04/2018","00:00",,"212","REPAIR BROKEN MAIN"
"2721722","01/02/2018","09:20","AM","01/02/2018","00:00",,"212","REPAIR BROKEN MAIN"
"2721757","01/02/2018","10:23","AM","01/06/2018","00:00",,"212","REPAIR BROKEN MAIN"
"2721781","01/02/2018","10:48","AM","01/03/2018","00:00",,"212","REPAIR BROKEN MAIN"
"2721791","01/02/2018","10:55","AM","01/04/2018","00:00",,"212","REPAIR BROKEN MAIN"
"2721798","01/02/2018","11:00","AM","01/03/2018","00:00",,"212","REPAIR BROKEN MAIN"
"2721799","01/02/2018","10:58","AM","01/07/2018","00:00",,"212","REPAIR BROKEN MAIN"
"2721807","01/02/2018","11:08","AM","01/05/2018","00:00",,"212","REPAIR BROKEN MAIN"
"2721814","01/02/2018","11:20","AM","01/03/2018","00:00",,"212","REPAIR BROKEN MAIN"
"2721829","01/02/2018","11:40","AM","01/17/2018","00:00",,"212","REPAIR BROKEN MAIN"
"2721840","01/02/2018","11:59","AM","01/03/2018","00:00",,"212","REPAIR BROKEN MAIN"
"2721843","01/02/2018","12:03","PM","01/04/2018","00:00",,"212","REPAIR BROKEN MAIN"
"2721846","01/02/2018","12:06","PM","01/05/2018","00:00",,"212","REPAIR BROKEN MAIN"
"2721900","01/02/2018","01:13","PM","01/02/2018","00:00",,"212","REPAIR BROKEN MAIN"
"2721915","01/02/2018","01:36","PM","01/02/2018","00:00",,"212","REPAIR BROKEN MAIN"
"2721919","01/02/2018","01:42","PM","01/03/2018","00:00",,"212","REPAIR BROKEN MAIN"
"2721956","01/02/2018","02:27","PM","01/08/2018","00:00",,"212","REPAIR BROKEN MAIN"
"2721959","01/02/2018","02:30","PM","01/02/2018","00:00",,"212","REPAIR BROKEN MAIN"
"2721961","01/02/2018","02:31","PM","01/06/2018","00:00",,"212","REPAIR BROKEN MAIN"
"2721986","01/02/2018","03:25","PM","01/13/2018","00:00",,"212","REPAIR BROKEN MAIN"
"2722026","01/02/2018","04:44","PM","01/02/2018","00:00",,"212","REPAIR BROKEN MAIN"
"2722030","01/02/2018","04:53","PM","01/12/2018","00:00",,"212","REPAIR BROKEN MAIN"
"2722060","01/02/2018","06:02","PM","01/03/2018","00:00",,"212","REPAIR BROKEN MAIN"
"2722099","01/02/2018","07:31","PM","01/25/2018","00:00",,"212","REPAIR BROKEN MAIN"
"2722101","01/02/2018","07:38","PM","01/03/2018","00:00",,"212","REPAIR BROKEN MAIN"
"2722103","01/02/2018","07:42","PM","01/08/2018","00:00",,"212","REPAIR BROKEN MAIN"
"2722115","01/02/2018","08:08","PM","01/08/2018","00:00",,"212","REPAIR BROKEN MAIN"
"2722118","01/02/2018","08:12","PM","01/03/2018","00:00",,"212","REPAIR BROKEN MAIN"
"2722342","01/02/2018","08:26","PM","01/03/2018","00:00",,"212","REPAIR BROKEN MAIN"
"2722343","01/02/2018","08:26","PM","01/05/2018","00:00",,"212","REPAIR BROKEN MAIN"
"2722353","01/02/2018","08:45","PM","01/04/2018","00:00",,"212","REPAIR BROKEN MAIN"
"2722364","01/02/2018","09:18","PM","01/03/2018","00:00",,"212","REPAIR BROKEN MAIN"
"2722368","01/02/2018","09:24","PM","01/04/2018","00:00",,"212","REPAIR BROKEN MAIN"
"2722369","01/02/2018","09:24","PM","01/18/2018","00:00",,"212","REPAIR BROKEN MAIN"
"2722371","01/02/2018","09:31","PM","01/03/2018","00:00",,"212","REPAIR BROKEN MAIN"
"2722376","01/02/2018","09:48","PM","01/04/2018","00:00",,"212","REPAIR BROKEN MAIN"
"2722378","01/02/2018","09:49","PM","01/05/2018","00:00",,"212","REPAIR BROKEN MAIN"
"2722379","01/02/2018","09:51","PM","01/03/2018","00:00",,"212","REPAIR BROKEN MAIN"
"2722382","01/02/2018","10:08","PM","01/05/2018","00:00",,"212","REPAIR BROKEN MAIN"
"2722385","01/02/2018","10:15","PM","01/06/2018","00:00",,"212","REPAIR BROKEN MAIN"
"2722392","01/02/2018","10:18","PM","01/03/2018","00:00",,"212","REPAIR BROKEN MAIN"
"2722396","01/02/2018","10:51","PM","01/04/2018","00:00",,"212","REPAIR BROKEN MAIN"
"2722399","01/02/2018","11:02","PM","01/03/2018","00:00",,"212","REPAIR BROKEN MAIN"
"2722405","01/02/2018","11:12","PM","01/03/2018","00:00",,"212","REPAIR BROKEN MAIN"
"2722407","01/02/2018","11:20","PM","01/08/2018","00:00",,"212","REPAIR BROKEN MAIN"
"2722416","01/02/2018","11:52","PM","01/03/2018","00:00",,"212","REPAIR BROKEN MAIN"
"2722535","01/02/2018","02:30","AM","01/03/2018","00:00",,"212","REPAIR BROKEN MAIN"
"2722552","01/02/2018","07:00","AM","01/02/2018","00:00",,"212","REPAIR BROKEN MAIN"
"2724568","01/02/2018","11:20","PM","01/06/2018","00:00",,"212","REPAIR BROKEN MAIN"
"2721333","01/01/2018","12:34","AM","01/19/2018","00:00",,"212","REPAIR BROKEN MAIN"
"2721337","01/01/2018","01:22","AM","01/01/2018","00:00",,"212","REPAIR BROKEN MAIN"
"2721340","01/01/2018","01:38","AM","01/01/2018","00:00",,"212","REPAIR BROKEN MAIN"
"2721342","01/01/2018","01:50","AM","01/02/2018","00:00",,"212","REPAIR BROKEN MAIN"
"2721344","01/01/2018","02:09","AM","01/01/2018","00:00",,"212","REPAIR BROKEN MAIN"
"2721346","01/01/2018","02:21","AM","01/01/2018","00:00",,"212","REPAIR BROKEN MAIN"
"2721347","01/01/2018","02:36","AM","01/03/2018","00:00",,"212","REPAIR BROKEN MAIN"
"2721352","01/01/2018","06:22","AM","01/05/2018","00:00",,"212","REPAIR BROKEN MAIN"
"2721361","01/01/2018","08:08","AM","01/09/2018","00:00",,"212","REPAIR BROKEN MAIN"
"2721363","01/01/2018","08:19","AM","01/03/2018","00:00",,"212","REPAIR BROKEN MAIN"
"2721365","01/01/2018","08:28","AM","01/01/2018","00:00",,"212","REPAIR BROKEN MAIN"
"2721375","01/01/2018","09:08","AM","01/10/2018","00:00",,"212","REPAIR BROKEN MAIN"
"2721377","01/01/2018","09:15","AM","01/01/2018","00:00",,"212","REPAIR BROKEN MAIN"
"2721404","01/01/2018","10:39","AM","01/02/2018","00:00",,"212","REPAIR BROKEN MAIN"
"2721419","01/01/2018","11:40","AM","01/02/2018","00:00",,"212","REPAIR BROKEN MAIN"
"2721428","01/01/2018","12:27","PM","01/01/2018","00:00",,"212","REPAIR BROKEN MAIN"
"2721430","01/01/2018","12:31","PM","01/02/2018","00:00",,"212","REPAIR BROKEN MAIN"
"2721437","01/01/2018","12:43","PM","01/02/2018","00:00",,"212","REPAIR BROKEN MAIN"
"2721440","01/01/2018","12:59","PM","01/01/2018","00:00",,"212","REPAIR BROKEN MAIN"
"2721451","01/01/2018","01:26","PM","01/02/2018","00:00",,"212","REPAIR BROKEN MAIN"
"2721452","01/01/2018","01:30","PM","01/02/2018","00:00",,"212","REPAIR BROKEN MAIN"
"2721470","01/01/2018","12:30","PM","01/04/2018","00:00",,"212","REPAIR BROKEN MAIN"
"2721473","01/01/2018","03:02","PM","01/03/2018","00:00",,"212","REPAIR BROKEN MAIN"
"2721482","01/01/2018","03:08","PM","01/08/2018","00:00",,"212","REPAIR BROKEN MAIN"
"2721486","01/01/2018","02:15","PM","01/04/2018","00:00",,"212","REPAIR BROKEN MAIN"
"2721488","01/01/2018","03:40","PM","01/03/2018","00:00",,"212","REPAIR BROKEN MAIN"
"2721508","01/01/2018","04:50","PM","01/03/2018","00:00",,"212","REPAIR BROKEN MAIN"
"2721514","01/01/2018","05:01","PM","01/01/2018","00:00",,"212","REPAIR BROKEN MAIN"
"2721515","01/01/2018","05:05","PM","01/05/2018","00:00",,"212","REPAIR BROKEN MAIN"
"2721522","01/01/2018","05:19","PM","01/03/2018","00:00",,"212","REPAIR BROKEN MAIN"
"2721530","01/01/2018","05:58","PM","01/02/2018","00:00",,"212","REPAIR BROKEN MAIN"
"2721536","01/01/2018","06:00","PM","01/02/2018","00:00",,"212","REPAIR BROKEN MAIN"
"2721538","01/01/2018","06:19","PM","01/05/2018","00:00",,"212","REPAIR BROKEN MAIN"
"2721542","01/01/2018","06:28","PM","01/02/2018","00:00",,"212","REPAIR BROKEN MAIN"
"2721544","01/01/2018","06:30","PM","01/04/2018","00:00",,"212","REPAIR BROKEN MAIN"
"2721547","01/01/2018","06:40","PM","01/04/2018","00:00",,"212","REPAIR BROKEN MAIN"
"2721554","01/01/2018","07:13","PM","01/05/2018","00:00",,"212","REPAIR BROKEN MAIN"
"2721568","01/01/2018","08:25","PM","01/02/2018","00:00",,"212","REPAIR BROKEN MAIN"
"2721580","01/01/2018","08:58","PM","01/03/2018","00:00",,"212","REPAIR BROKEN MAIN"
"2721582","01/01/2018","09:03","PM","01/02/2018","00:00",,"212","REPAIR BROKEN MAIN"
"2721585","01/01/2018","09:31","PM","01/02/2018","00:00",,"212","REPAIR BROKEN MAIN"
"2721589","01/01/2018","09:55","PM","01/03/2018","00:00",,"212","REPAIR BROKEN MAIN"
"2721594","01/01/2018","10:23","PM","01/03/2018","00:00",,"212","REPAIR BROKEN MAIN"
"2721597","01/01/2018","11:05","PM","01/03/2018","00:00",,"212","REPAIR BROKEN MAIN"
"2721603","01/01/2018","11:41","PM","01/04/2018","00:00",,"212","REPAIR BROKEN MAIN"
"2721202","12/31/2017","08:16","AM","01/03/2018","00:00",,"212","REPAIR BROKEN MAIN"
"2721205","12/31/2017","08:38","AM","01/01/2018","00:00",,"212","REPAIR BROKEN MAIN"
"2721212","12/31/2017","09:14","AM","12/31/2017","00:00",,"212","REPAIR BROKEN MAIN"
"2721213","12/31/2017","09:19","AM","01/02/2018","00:00",,"212","REPAIR BROKEN MAIN"
"2721214","12/31/2017","09:20","AM","12/31/2017","00:00",,"212","REPAIR BROKEN MAIN"
"2721227","12/31/2017","10:11","AM","01/08/2018","00:00",,"212","REPAIR BROKEN MAIN"
"2721239","12/31/2017","11:18","AM","12/31/2017","00:00",,"212","REPAIR BROKEN MAIN"
"2721240","12/31/2017","11:23","AM","12/31/2017","00:00",,"212","REPAIR BROKEN MAIN"
"2721241","12/31/2017","11:27","AM","01/03/2018","00:00",,"212","REPAIR BROKEN MAIN"
"2721252","12/31/2017","12:58","PM","01/04/2018","00:00",,"212","REPAIR BROKEN MAIN"
"2721255","12/31/2017","01:09","PM","01/04/2018","00:00",,"212","REPAIR BROKEN MAIN"
"2721258","12/31/2017","01:30","PM","01/02/2018","00:00",,"212","REPAIR BROKEN MAIN"
"2721261","12/31/2017","01:45","PM","01/06/2018","00:00",,"212","REPAIR BROKEN MAIN"
"2721273","12/31/2017","02:43","PM","12/31/2017","00:00",,"212","REPAIR BROKEN MAIN"
"2721277","12/31/2017","03:35","PM","12/31/2017","00:00",,"212","REPAIR BROKEN MAIN"
"2721282","12/31/2017","04:28","PM","01/05/2018","00:00",,"212","REPAIR BROKEN MAIN"
"2721283","12/31/2017","04:33","PM","01/03/2018","00:00",,"212","REPAIR BROKEN MAIN"
"2721287","12/31/2017","04:57","PM","01/02/2018","00:00",,"212","REPAIR BROKEN MAIN"
"2721292","12/31/2017","05:25","PM","01/01/2018","00:00",,"212","REPAIR BROKEN MAIN"
"2721296","12/31/2017","05:55","PM","01/23/2018","00:00",,"212","REPAIR BROKEN MAIN"
"2721303","12/31/2017","07:36","PM","01/05/2018","00:00",,"212","REPAIR BROKEN MAIN"
"2721307","12/31/2017","08:17","PM","01/05/2018","00:00",,"212","REPAIR BROKEN MAIN"
"2721316","12/31/2017","09:32","PM","01/02/2018","00:00",,"212","REPAIR BROKEN MAIN"
"2721317","12/31/2017","09:34","PM","01/01/2018","00:00",,"212","REPAIR BROKEN MAIN"
"2721321","12/31/2017","10:01","PM","01/01/2018","00:00",,"212","REPAIR BROKEN MAIN"
"2721322","12/31/2017","10:16","PM","01/01/2018","00:00",,"212","REPAIR BROKEN MAIN"
"2721328","12/31/2017","11:34","PM","01/02/2018","00:00",,"212","REPAIR BROKEN MAIN"
"2721330","12/31/2017","11:39","PM","01/01/2018","00:00",,"212","REPAIR BROKEN MAIN"
"2721336","12/31/2017","08:30","PM","01/02/2018","00:00",,"212","REPAIR BROKEN MAIN"
"2721103","12/30/2017","04:13","AM","12/30/2017","00:00",,"212","REPAIR BROKEN MAIN"
"2721118","12/30/2017","10:48","AM","01/04/2018","00:00",,"212","REPAIR BROKEN MAIN"
"2721120","12/30/2017","10:52","AM","12/30/2017","00:00",,"212","REPAIR BROKEN MAIN"
"2721123","12/30/2017","11:28","AM","12/30/2017","00:00",,"212","REPAIR BROKEN MAIN"
"2721136","12/30/2017","01:22","PM","01/02/2018","00:00",,"212","REPAIR BROKEN MAIN"
"2721143","12/30/2017","02:55","PM","12/31/2017","00:00",,"212","REPAIR BROKEN MAIN"
"2721150","12/30/2017","04:04","PM","01/02/2018","00:00",,"212","REPAIR BROKEN MAIN"
"2721163","12/30/2017","05:43","PM","01/04/2018","00:00",,"212","REPAIR BROKEN MAIN"
"2721172","12/30/2017","07:21","PM","01/03/2018","00:00",,"212","REPAIR BROKEN MAIN"
"2721181","12/30/2017","09:29","PM","01/04/2018","00:00",,"212","REPAIR BROKEN MAIN"
"2721184","12/30/2017","09:45","PM","01/22/2018","00:00",,"212","REPAIR BROKEN MAIN"
"2720837","12/29/2017","02:22","AM","12/29/2017","00:00",,"212","REPAIR BROKEN MAIN"
"2720838","12/29/2017","03:43","AM","12/29/2017","00:00",,"212","REPAIR BROKEN MAIN"
"2720857","12/29/2017","07:52","AM","01/19/2018","00:00",,"212","REPAIR BROKEN MAIN"
"2720880","12/29/2017","09:19","AM","12/29/2017","00:00",,"212","REPAIR BROKEN MAIN"
"2720881","12/29/2017","09:23","AM","12/29/2017","00:00",,"212","REPAIR BROKEN MAIN"
"2720907","12/29/2017","10:18","AM","01/22/2018","00:00",,"212","REPAIR BROKEN MAIN"
"2720949","12/29/2017","11:52","AM","12/29/2017","00:00",,"212","REPAIR BROKEN MAIN"
"2720991","12/29/2017","01:44","PM","12/30/2017","00:00",,"212","REPAIR BROKEN MAIN"
"2721011","12/29/2017","02:41","PM","01/07/2018","00:00",,"212","REPAIR BROKEN MAIN"
"2721016","12/29/2017","02:57","PM","12/31/2017","00:00",,"212","REPAIR BROKEN MAIN"
"2721044","12/29/2017","04:42","PM","01/10/2018","00:00",,"212","REPAIR BROKEN MAIN"
"2721058","12/29/2017","06:38","PM","12/30/2017","00:00",,"212","REPAIR BROKEN MAIN"
"2721081","12/29/2017","09:49","PM","01/04/2018","00:00",,"212","REPAIR BROKEN MAIN"
"2720498","12/28/2017","04:41","AM","12/28/2017","00:00",,"212","REPAIR BROKEN MAIN"
"2720516","12/28/2017","07:02","AM","12/28/2017","00:00",,"212","REPAIR BROKEN MAIN"
"2720540","12/28/2017","08:41","AM","12/28/2017","00:00",,"212","REPAIR BROKEN MAIN"
"2720571","12/28/2017","09:40","AM","12/29/2017","00:00",,"212","REPAIR BROKEN MAIN"
"2720635","12/28/2017","11:57","AM","12/28/2017","00:00",,"212","REPAIR BROKEN MAIN"
"2720671","12/28/2017","01:42","PM","12/29/2017","00:00",,"212","REPAIR BROKEN MAIN"
"2720700","12/28/2017","02:40","PM","12/28/2017","00:00",,"212","REPAIR BROKEN MAIN"
"2720739","12/28/2017","04:41","PM","01/03/2018","00:00",,"212","REPAIR BROKEN MAIN"
"2720763","12/28/2017","06:03","PM","01/02/2018","00:00",,"212","REPAIR BROKEN MAIN"
"2720789","12/28/2017","10:13","PM","01/19/2018","00:00",,"212","REPAIR BROKEN MAIN"
"2720796","12/28/2017","11:05","PM","12/29/2017","00:00",,"212","REPAIR BROKEN MAIN"
"2720231","12/27/2017","12:04","AM","12/27/2017","00:00",,"212","REPAIR BROKEN MAIN"
"2720278","12/27/2017","08:29","AM","12/27/2017","00:00",,"212","REPAIR BROKEN MAIN"
"2720301","12/27/2017","09:55","AM","12/27/2017","00:00",,"212","REPAIR BROKEN MAIN"
"2720410","12/27/2017","03:02","PM","12/28/2017","00:00",,"212","REPAIR BROKEN MAIN"
"2720428","12/27/2017","05:05","PM","12/27/2017","00:00",,"212","REPAIR BROKEN MAIN"
"2720492","12/27/2017","10:08","PM","12/28/2017","00:00",,"212","REPAIR BROKEN MAIN"
"2720105","12/26/2017","11:40","AM","12/28/2017","00:00",,"212","REPAIR BROKEN MAIN"
"2720143","12/26/2017","12:52","PM","12/26/2017","00:00",,"212","REPAIR BROKEN MAIN"
"2720209","12/26/2017","05:44","PM","12/26/2017","00:00",,"212","REPAIR BROKEN MAIN"
"2720222","12/26/2017","09:18","PM","12/28/2017","00:00",,"212","REPAIR BROKEN MAIN"
"2720026","12/25/2017","09:53","PM","12/26/2017","00:00",,"212","REPAIR BROKEN MAIN"
"2719960","12/24/2017","09:27","AM","12/29/2017","00:00",,"212","REPAIR BROKEN MAIN"
"2719966","12/24/2017","10:25","AM","12/28/2017","00:00",,"212","REPAIR BROKEN MAIN"
"2719999","12/24/2017","06:21","PM","12/26/2017","00:00",,"212","REPAIR BROKEN MAIN"
"2720005","12/24/2017","10:03","PM","12/25/2017","00:00",,"212","REPAIR BROKEN MAIN"
"2719944","12/23/2017","08:00","PM","12/26/2017","00:00",,"212","REPAIR BROKEN MAIN"
"2719830","12/22/2017","01:29","PM","12/23/2017","00:00",,"212","REPAIR BROKEN MAIN"
"2719842","12/22/2017","02:18","PM","12/24/2017","00:00",,"212","REPAIR BROKEN MAIN"
"2719864","12/22/2017","03:39","PM","12/29/2017","00:00",,"212","REPAIR BROKEN MAIN"
"2719276","12/21/2017","12:18","AM","12/28/2017","00:00",,"212","REPAIR BROKEN MAIN"
"2719279","12/21/2017","01:20","AM","12/21/2017","00:00",,"212","REPAIR BROKEN MAIN"
"2719282","12/21/2017","05:13","AM","12/21/2017","00:00",,"212","REPAIR BROKEN MAIN"
"2719286","12/21/2017","06:38","AM","12/21/2017","00:00",,"212","REPAIR BROKEN MAIN"
"2719309","12/21/2017","07:49","AM","12/22/2017","00:00",,"212","REPAIR BROKEN MAIN"
"2719422","12/21/2017","10:56","AM","12/21/2017","00:00",,"212","REPAIR BROKEN MAIN"
"2719575","12/21/2017","05:08","PM","12/23/2017","00:00",,"212","REPAIR BROKEN MAIN"
"2719614","12/21/2017","09:02","PM","12/26/2017","00:00",,"212","REPAIR BROKEN MAIN"
"2719642","12/21/2017","10:30","PM","12/22/2017","00:00",,"212","REPAIR BROKEN MAIN"
"2718960","12/20/2017","12:04","AM","12/24/2017","00:00",,"212","REPAIR BROKEN MAIN"
"2718961","12/20/2017","08:30","PM","12/21/2017","00:00",,"212","REPAIR BROKEN MAIN"
"2718962","12/20/2017","12:13","AM","12/20/2017","00:00",,"212","REPAIR BROKEN MAIN"
"2718968","12/20/2017","03:48","AM","12/20/2017","00:00",,"212","REPAIR BROKEN MAIN"
"2718974","12/20/2017","05:15","AM","12/21/2017","00:00",,"212","REPAIR BROKEN MAIN"
"2719019","12/20/2017","08:14","AM","12/20/2017","00:00",,"212","REPAIR BROKEN MAIN"
"2719023","12/20/2017","08:18","AM","12/21/2017","00:00",,"212","REPAIR BROKEN MAIN"
"2719045","12/20/2017","09:15","AM","12/22/2017","00:00",,"212","REPAIR BROKEN MAIN"
"2719067","12/20/2017","10:20","AM","12/22/2017","00:00",,"212","REPAIR BROKEN MAIN"
"2719078","12/20/2017","10:35","AM","12/20/2017","00:00",,"212","REPAIR BROKEN MAIN"
"2719080","12/20/2017","10:43","AM","12/22/2017","00:00",,"212","REPAIR BROKEN MAIN"
"2719082","12/20/2017","10:46","AM","12/26/2017","00:00",,"212","REPAIR BROKEN MAIN"
"2719113","12/20/2017","11:26","AM","12/20/2017","00:00",,"212","REPAIR BROKEN MAIN"
"2719157","12/20/2017","01:01","PM","12/20/2017","00:00",,"212","REPAIR BROKEN MAIN"
"2719202","12/20/2017","03:05","PM","12/21/2017","00:00",,"212","REPAIR BROKEN MAIN"
"2719252","12/20/2017","06:07","PM","12/23/2017","00:00",,"212","REPAIR BROKEN MAIN"
"2719256","12/20/2017","06:25","PM","12/22/2017","00:00",,"212","REPAIR BROKEN MAIN"
"2719261","12/20/2017","07:44","PM","12/21/2017","00:00",,"212","REPAIR BROKEN MAIN"
"2719267","12/20/2017","09:29","PM","12/21/2017","00:00",,"212","REPAIR BROKEN MAIN"
"2718640","12/19/2017","05:58","AM","12/20/2017","00:00",,"212","REPAIR BROKEN MAIN"
"2718642","12/19/2017","06:31","AM","12/19/2017","00:00",,"212","REPAIR BROKEN MAIN"
"2718666","12/19/2017","08:20","AM","12/22/2017","00:00",,"212","REPAIR BROKEN MAIN"
"2718670","12/19/2017","08:37","AM","12/19/2017","00:00",,"212","REPAIR BROKEN MAIN"
"2718753","12/19/2017","11:51","AM","12/28/2017","00:00",,"212","REPAIR BROKEN MAIN"
"2718819","12/19/2017","02:50","PM","12/22/2017","00:00",,"212","REPAIR BROKEN MAIN"
"2718857","12/19/2017","04:15","PM","12/27/2017","00:00",,"212","REPAIR BROKEN MAIN"
"2718872","12/19/2017","04:57","PM","12/21/2017","00:00",,"212","REPAIR BROKEN MAIN"
"2718880","12/19/2017","05:14","PM","12/20/2017","00:00",,"212","REPAIR BROKEN MAIN"
"2718899","12/19/2017","05:50","PM","12/27/2017","00:00",,"212","REPAIR BROKEN MAIN"
"2718901","12/19/2017","05:58","PM","12/21/2017","00:00",,"212","REPAIR BROKEN MAIN"
"2718909","12/19/2017","06:11","PM","02/04/2018","00:00",,"212","REPAIR BROKEN MAIN"
"2718914","12/19/2017","06:52","PM","12/21/2017","00:00",,"212","REPAIR BROKEN MAIN"
"2718920","12/19/2017","07:13","PM","12/26/2017","00:00",,"212","REPAIR BROKEN MAIN"
"2718930","12/19/2017","08:06","PM","12/21/2017","00:00",,"212","REPAIR BROKEN MAIN"
"2718938","12/19/2017","06:30","PM","01/04/2018","00:00",,"212","REPAIR BROKEN MAIN"
"2718941","12/19/2017","09:14","PM","12/21/2017","00:00",,"212","REPAIR BROKEN MAIN"
"2718944","12/19/2017","09:33","PM","12/21/2017","00:00",,"212","REPAIR BROKEN MAIN"
"2718957","12/19/2017","11:46","PM","12/22/2017","00:00",,"212","REPAIR BROKEN MAIN"
"2718166","12/18/2017","01:57","AM","12/24/2017","00:00",,"212","REPAIR BROKEN MAIN"
"2718169","12/18/2017","02:08","AM","12/21/2017","00:00",,"212","REPAIR BROKEN MAIN"
"2718170","12/18/2017","02:10","AM","01/22/2018","00:00",,"212","REPAIR BROKEN MAIN"
"2718171","12/18/2017","02:15","AM","12/18/2017","00:00",,"212","REPAIR BROKEN MAIN"
"2718173","12/18/2017","06:20","AM","12/28/2017","00:00",,"212","REPAIR BROKEN MAIN"
"2718175","12/18/2017","06:29","AM","12/18/2017","00:00",,"212","REPAIR BROKEN MAIN"
"2718259","12/18/2017","08:39","AM","01/17/2018","00:00",,"212","REPAIR BROKEN MAIN"
"2718280","12/18/2017","09:02","AM","12/28/2017","00:00",,"212","REPAIR BROKEN MAIN"
"2718303","12/18/2017","09:49","AM","12/19/2017","00:00",,"212","REPAIR BROKEN MAIN"
"2718317","12/18/2017","09:56","AM","12/19/2017","00:00",,"212","REPAIR BROKEN MAIN"
"2718352","12/18/2017","10:19","AM","12/19/2017","00:00",,"212","REPAIR BROKEN MAIN"
"2718368","12/18/2017","10:30","AM","12/20/2017","00:00",,"212","REPAIR BROKEN MAIN"
"2718401","12/18/2017","11:00","AM","12/22/2017","00:00",,"212","REPAIR BROKEN MAIN"
"2718476","12/18/2017","12:42","PM","12/21/2017","00:00",,"212","REPAIR BROKEN MAIN"
"2718478","12/18/2017","12:44","PM","12/18/2017","00:00",,"212","REPAIR BROKEN MAIN"
"2718485","12/18/2017","12:48","PM","12/18/2017","00:00",,"212","REPAIR BROKEN MAIN"
"2718495","12/18/2017","01:21","PM","12/28/2017","00:00",,"212","REPAIR BROKEN MAIN"
"2718502","12/18/2017","01:31","PM","12/21/2017","00:00",,"212","REPAIR BROKEN MAIN"
"2718509","12/18/2017","01:43","PM","12/19/2017","00:00",,"212","REPAIR BROKEN MAIN"
"2718573","12/18/2017","04:37","PM","12/26/2017","00:00",,"212","REPAIR BROKEN MAIN"
"2718579","12/18/2017","04:45","PM","12/20/2017","00:00",,"212","REPAIR BROKEN MAIN"
"2718580","12/18/2017","04:47","PM","12/26/2017","00:00",,"212","REPAIR BROKEN MAIN"
"2718581","12/18/2017","04:50","PM","12/19/2017","00:00",,"212","REPAIR BROKEN MAIN"
"2718587","12/18/2017","05:01","PM","01/13/2018","00:00",,"212","REPAIR BROKEN MAIN"
"2718588","12/18/2017","05:06","PM","12/21/2017","00:00",,"212","REPAIR BROKEN MAIN"
"2718589","12/18/2017","05:07","PM","12/21/2017","00:00",,"212","REPAIR BROKEN MAIN"
"2718604","12/18/2017","06:18","PM","12/19/2017","00:00",,"212","REPAIR BROKEN MAIN"
"2718614","12/18/2017","07:47","PM","12/22/2017","00:00",,"212","REPAIR BROKEN MAIN"
"2718626","12/18/2017","09:44","PM","12/27/2017","00:00",,"212","REPAIR BROKEN MAIN"
"2718628","12/18/2017","09:48","PM","12/20/2017","00:00",,"212","REPAIR BROKEN MAIN"
"2718006","12/17/2017","12:03","AM","01/17/2018","00:00",,"212","REPAIR BROKEN MAIN"
"2718008","12/17/2017","12:23","AM","12/26/2017","00:00",,"212","REPAIR BROKEN MAIN"
"2718010","12/17/2017","12:40","AM","12/18/2017","00:00",,"212","REPAIR BROKEN MAIN"
"2718013","12/17/2017","01:23","AM","12/17/2017","00:00",,"212","REPAIR BROKEN MAIN"
"2718014","12/17/2017","01:29","AM","12/19/2017","00:00",,"212","REPAIR BROKEN MAIN"
"2718019","12/17/2017","04:53","AM","12/18/2017","00:00",,"212","REPAIR BROKEN MAIN"
"2718020","12/17/2017","04:59","AM","12/21/2017","00:00",,"212","REPAIR BROKEN MAIN"
"2718027","12/17/2017","07:54","AM","12/22/2017","00:00",,"212","REPAIR BROKEN MAIN"
"2718049","12/17/2017","11:00","AM","12/19/2017","00:00",,"212","REPAIR BROKEN MAIN"
"2718063","12/17/2017","12:42","PM","12/18/2017","00:00",,"212","REPAIR BROKEN MAIN"
"2718065","12/17/2017","01:07","PM","12/28/2017","00:00",,"212","REPAIR BROKEN MAIN"
"2718068","12/17/2017","01:27","PM","12/18/2017","00:00",,"212","REPAIR BROKEN MAIN"
"2718071","12/17/2017","12:50","PM","01/16/2018","00:00",,"212","REPAIR BROKEN MAIN"
"2718074","12/17/2017","01:44","PM","12/17/2017","00:00",,"212","REPAIR BROKEN MAIN"
"2718077","12/17/2017","12:40","PM","12/19/2017","00:00",,"212","REPAIR BROKEN MAIN"
"2718081","12/17/2017","02:32","PM","12/18/2017","00:00",,"212","REPAIR BROKEN MAIN"
"2718082","12/17/2017","02:34","PM","12/20/2017","00:00",,"212","REPAIR BROKEN MAIN"
"2718091","12/17/2017","03:19","PM","12/21/2017","00:00",,"212","REPAIR BROKEN MAIN"
"2718092","12/17/2017","03:21","PM","12/20/2017","00:00",,"212","REPAIR BROKEN MAIN"
"2718093","12/17/2017","03:23","PM","12/18/2017","00:00",,"212","REPAIR BROKEN MAIN"
"2718095","12/17/2017","03:37","PM","12/19/2017","00:00",,"212","REPAIR BROKEN MAIN"
"2718096","12/17/2017","03:36","PM","12/19/2017","00:00",,"212","REPAIR BROKEN MAIN"
"2718101","12/17/2017","03:52","PM","12/19/2017","00:00",,"212","REPAIR BROKEN MAIN"
"2718110","12/17/2017","04:10","PM","12/18/2017","00:00",,"212","REPAIR BROKEN MAIN"
"2718116","12/17/2017","04:32","PM","12/20/2017","00:00",,"212","REPAIR BROKEN MAIN"
"2718121","12/17/2017","05:52","PM","12/18/2017","00:00",,"212","REPAIR BROKEN MAIN"
"2718125","12/17/2017","06:17","PM","12/21/2017","00:00",,"212","REPAIR BROKEN MAIN"
"2718126","12/17/2017","06:22","PM","12/28/2017","00:00",,"212","REPAIR BROKEN MAIN"
"2718128","12/17/2017","06:31","PM","12/20/2017","00:00",,"212","REPAIR BROKEN MAIN"
"2718131","12/17/2017","06:45","PM","12/20/2017","00:00",,"212","REPAIR BROKEN MAIN"
"2718132","12/17/2017","06:49","PM","12/18/2017","00:00",,"212","REPAIR BROKEN MAIN"
"2718134","12/17/2017","06:58","PM","12/18/2017","00:00",,"212","REPAIR BROKEN MAIN"
"2718136","12/17/2017","07:11","PM","12/19/2017","00:00",,"212","REPAIR BROKEN MAIN"
"2718138","12/17/2017","07:37","PM","12/19/2017","00:00",,"212","REPAIR BROKEN MAIN"
"2718139","12/17/2017","07:38","PM","12/20/2017","00:00",,"212","REPAIR BROKEN MAIN"
"2718144","12/17/2017","08:22","PM","12/19/2017","00:00",,"212","REPAIR BROKEN MAIN"
"2718150","12/17/2017","08:44","PM","12/18/2017","00:00",,"212","REPAIR BROKEN MAIN"
"2718152","12/17/2017","08:49","PM","12/23/2017","00:00",,"212","REPAIR BROKEN MAIN"
"2718154","12/17/2017","09:18","PM","12/18/2017","00:00",,"212","REPAIR BROKEN MAIN"
"2718155","12/17/2017","09:40","PM","12/18/2017","00:00",,"212","REPAIR BROKEN MAIN"
"2718156","12/17/2017","09:54","PM","12/22/2017","00:00",,"212","REPAIR BROKEN MAIN"
"2718160","12/17/2017","11:00","PM","01/05/2018","00:00",,"212","REPAIR BROKEN MAIN"
"2717828","12/16/2017","12:18","AM","12/22/2017","00:00",,"212","REPAIR BROKEN MAIN"
"2717829","12/16/2017","12:23","AM","12/16/2017","00:00",,"212","REPAIR BROKEN MAIN"
"2717830","12/16/2017","02:00","AM","01/19/2018","00:00",,"212","REPAIR BROKEN MAIN"
"2717848","12/16/2017","09:06","AM","12/16/2017","00:00",,"212","REPAIR BROKEN MAIN"
"2717849","12/16/2017","09:08","AM","12/17/2017","00:00",,"212","REPAIR BROKEN MAIN"
"2717856","12/16/2017","09:56","AM","12/18/2017","00:00",,"212","REPAIR BROKEN MAIN"
"2717857","12/16/2017","09:55","AM","12/16/2017","00:00",,"212","REPAIR BROKEN MAIN"
"2717862","12/16/2017","10:06","AM","12/18/2017","00:00",,"212","REPAIR BROKEN MAIN"
"2717864","12/16/2017","10:16","AM","12/17/2017","00:00",,"212","REPAIR BROKEN MAIN"
"2717868","12/16/2017","10:32","AM","12/18/2017","00:00",,"212","REPAIR BROKEN MAIN"
"2717874","12/16/2017","11:05","AM","12/16/2017","00:00",,"212","REPAIR BROKEN MAIN"
"2717881","12/16/2017","11:34","AM","12/19/2017","00:00",,"212","REPAIR BROKEN MAIN"
"2717885","12/16/2017","12:12","PM","12/17/2017","00:00",,"212","REPAIR BROKEN MAIN"
"2717887","12/16/2017","12:24","PM","12/17/2017","00:00",,"212","REPAIR BROKEN MAIN"
"2717894","12/16/2017","01:11","PM","12/17/2017","00:00",,"212","REPAIR BROKEN MAIN"
"2717909","12/16/2017","02:21","PM","12/16/2017","00:00",,"212","REPAIR BROKEN MAIN"
"2717917","12/16/2017","02:50","PM","01/19/2018","00:00",,"212","REPAIR BROKEN MAIN"
"2717936","12/16/2017","04:27","PM","12/17/2017","00:00",,"212","REPAIR BROKEN MAIN"
"2717938","12/16/2017","04:34","PM","12/17/2017","00:00",,"212","REPAIR BROKEN MAIN"
"2717940","12/16/2017","04:36","PM","12/18/2017","00:00",,"212","REPAIR BROKEN MAIN"
"2717943","12/16/2017","04:50","PM","01/17/2018","00:00",,"212","REPAIR BROKEN MAIN"
"2717949","12/16/2017","05:09","PM","12/19/2017","00:00",,"212","REPAIR BROKEN MAIN"
"2717950","12/16/2017","05:10","PM","12/17/2017","00:00",,"212","REPAIR BROKEN MAIN"
"2717951","12/16/2017","05:10","PM","12/17/2017","00:00",,"212","REPAIR BROKEN MAIN"
"2717953","12/16/2017","05:13","PM","12/20/2017","00:00",,"212","REPAIR BROKEN MAIN"
"2717959","12/16/2017","05:45","PM","12/18/2017","00:00",,"212","REPAIR BROKEN MAIN"
"2717960","12/16/2017","05:55","PM","12/20/2017","00:00",,"212","REPAIR BROKEN MAIN"
"2717964","12/16/2017","06:16","PM","12/19/2017","00:00",,"212","REPAIR BROKEN MAIN"
"2717966","12/16/2017","06:20","PM","12/19/2017","00:00",,"212","REPAIR BROKEN MAIN"
"2717970","12/16/2017","06:38","PM","12/20/2017","00:00",,"212","REPAIR BROKEN MAIN"
"2717979","12/16/2017","07:24","PM","12/20/2017","00:00",,"212","REPAIR BROKEN MAIN"
"2717983","12/16/2017","08:08","PM","12/17/2017","00:00",,"212","REPAIR BROKEN MAIN"
"2717984","12/16/2017","08:10","PM","12/18/2017","00:00",,"212","REPAIR BROKEN MAIN"
"2717985","12/16/2017","08:16","PM","12/17/2017","00:00",,"212","REPAIR BROKEN MAIN"
"2717986","12/16/2017","08:26","PM","12/18/2017","00:00",,"212","REPAIR BROKEN MAIN"
"2717991","12/16/2017","08:49","PM","12/17/2017","00:00",,"212","REPAIR BROKEN MAIN"
"2717992","12/16/2017","09:01","PM","12/17/2017","00:00",,"212","REPAIR BROKEN MAIN"
"2717994","12/16/2017","09:22","PM","01/19/2018","00:00",,"212","REPAIR BROKEN MAIN"
"2717996","12/16/2017","09:33","PM","12/21/2017","00:00",,"212","REPAIR BROKEN MAIN"
"2718001","12/16/2017","10:43","PM","12/17/2017","00:00",,"212","REPAIR BROKEN MAIN"
"2718002","12/16/2017","10:52","PM","12/17/2017","00:00",,"212","REPAIR BROKEN MAIN"
"2717571","12/15/2017","02:40","AM","12/15/2017","00:00",,"212","REPAIR BROKEN MAIN"
"2717579","12/15/2017","06:27","AM","12/19/2017","00:00",,"212","REPAIR BROKEN MAIN"
"2717618","12/15/2017","07:55","AM","01/19/2018","00:00",,"212","REPAIR BROKEN MAIN"
"2717622","12/15/2017","08:03","AM","12/15/2017","00:00",,"212","REPAIR BROKEN MAIN"
"2717651","12/15/2017","08:57","AM","12/16/2017","00:00",,"212","REPAIR BROKEN MAIN"
"2717653","12/15/2017","09:00","AM","12/18/2017","00:00",,"212","REPAIR BROKEN MAIN"
"2717662","12/15/2017","09:24","AM","12/15/2017","00:00",,"212","REPAIR BROKEN MAIN"
"2717663","12/15/2017","09:25","AM","01/19/2018","00:00",,"212","REPAIR BROKEN MAIN"
"2717666","12/15/2017","09:43","AM","12/15/2017","00:00",,"212","REPAIR BROKEN MAIN"
"2717667","12/15/2017","09:44","AM","12/16/2017","00:00",,"212","REPAIR BROKEN MAIN"
"2717710","12/15/2017","11:45","AM","12/17/2017","00:00",,"212","REPAIR BROKEN MAIN"
"2717713","12/15/2017","11:49","AM","12/19/2017","00:00",,"212","REPAIR BROKEN MAIN"
"2717716","12/15/2017","11:50","AM","01/19/2018","00:00",,"212","REPAIR BROKEN MAIN"
"2717721","12/15/2017","12:13","PM","12/15/2017","00:00",,"212","REPAIR BROKEN MAIN"
"2717723","12/15/2017","12:21","PM","12/18/2017","00:00",,"212","REPAIR BROKEN MAIN"
"2717742","12/15/2017","01:34","PM","12/22/2017","00:00",,"212","REPAIR BROKEN MAIN"
"2717774","12/15/2017","02:51","PM","12/28/2017","00:00",,"212","REPAIR BROKEN MAIN"
"2717814","12/15/2017","07:28","PM","12/17/2017","00:00",,"212","REPAIR BROKEN MAIN"
"2717820","12/15/2017","09:08","PM","12/16/2017","00:00",,"212","REPAIR BROKEN MAIN"
"2717149","12/14/2017","05:53","AM","12/14/2017","00:00",,"212","REPAIR BROKEN MAIN"
"2717169","12/14/2017","08:06","AM","12/14/2017","00:00",,"212","REPAIR BROKEN MAIN"
"2717185","12/14/2017","08:47","AM","12/19/2017","00:00",,"212","REPAIR BROKEN MAIN"
"2717209","12/14/2017","09:42","AM","12/14/2017","00:00",,"212","REPAIR BROKEN MAIN"
"2717214","12/14/2017","09:56","AM","12/14/2017","00:00",,"212","REPAIR BROKEN MAIN"
"2717216","12/14/2017","09:57","AM","12/14/2017","00:00",,"212","REPAIR BROKEN MAIN"
"2717241","12/14/2017","10:29","AM","12/28/2017","00:00",,"212","REPAIR BROKEN MAIN"
"2717265","12/14/2017","11:08","AM","12/15/2017","00:00",,"212","REPAIR BROKEN MAIN"
"2717281","12/14/2017","11:57","AM","12/15/2017","00:00",,"212","REPAIR BROKEN MAIN"
"2717290","12/14/2017","12:06","PM","12/15/2017","00:00",,"212","REPAIR BROKEN MAIN"
"2717310","12/14/2017","12:24","PM","12/14/2017","00:00",,"212","REPAIR BROKEN MAIN"
"2717326","12/14/2017","12:50","PM","12/15/2017","00:00",,"212","REPAIR BROKEN MAIN"
"2717353","12/14/2017","01:28","PM","12/26/2017","00:00",,"212","REPAIR BROKEN MAIN"
"2717360","12/14/2017","01:41","PM","12/15/2017","00:00",,"212","REPAIR BROKEN MAIN"
"2717408","12/14/2017","03:01","PM","12/15/2017","00:00",,"212","REPAIR BROKEN MAIN"
"2717413","12/14/2017","03:18","PM","12/14/2017","00:00",,"212","REPAIR BROKEN MAIN"
"2717418","12/14/2017","03:21","PM","12/15/2017","00:00",,"212","REPAIR BROKEN MAIN"
"2717447","12/14/2017","04:39","PM","01/16/2018","00:00",,"212","REPAIR BROKEN MAIN"
"2717521","12/14/2017","10:01","PM","12/17/2017","00:00",,"212","REPAIR BROKEN MAIN"
"2717523","12/14/2017","10:08","PM","01/23/2018","00:00",,"212","REPAIR BROKEN MAIN"
"2717525","12/14/2017","10:42","PM","12/15/2017","00:00",,"212","REPAIR BROKEN MAIN"
"2716346","12/13/2017","12:02","AM","12/26/2017","00:00",,"212","REPAIR BROKEN MAIN"
"2716355","12/13/2017","06:29","AM","12/13/2017","00:00",,"212","REPAIR BROKEN MAIN"
"2716382","12/13/2017","08:07","AM","01/19/2018","00:00",,"212","REPAIR BROKEN MAIN"
"2716383","12/13/2017","08:08","AM","12/14/2017","00:00",,"212","REPAIR BROKEN MAIN"
"2716429","12/13/2017","09:31","AM","01/19/2018","00:00",,"212","REPAIR BROKEN MAIN"
"2716437","12/13/2017","10:01","AM","12/13/2017","00:00",,"212","REPAIR BROKEN MAIN"
"2716438","12/13/2017","10:02","AM","12/14/2017","00:00",,"212","REPAIR BROKEN MAIN"
"2716442","12/13/2017","10:09","AM","12/13/2017","00:00",,"212","REPAIR BROKEN MAIN"
"2716445","12/13/2017","10:21","AM","12/14/2017","00:00",,"212","REPAIR BROKEN MAIN"
"2716455","12/13/2017","10:35","AM","12/13/2017","00:00",,"212","REPAIR BROKEN MAIN"
"2716461","12/13/2017","10:38","AM","12/13/2017","00:00",,"212","REPAIR BROKEN MAIN"
"2716469","12/13/2017","10:46","AM","12/14/2017","00:00",,"212","REPAIR BROKEN MAIN"
"2716500","12/13/2017","11:17","AM","12/13/2017","00:00",,"212","REPAIR BROKEN MAIN"
"2716539","12/13/2017","12:36","PM","12/14/2017","00:00",,"212","REPAIR BROKEN MAIN"
"2716556","12/13/2017","01:03","PM","12/13/2017","00:00",,"212","REPAIR BROKEN MAIN"
"2716563","12/13/2017","01:12","PM","12/14/2017","00:00",,"212","REPAIR BROKEN MAIN"
"2716601","12/13/2017","02:31","PM","12/13/2017","00:00",,"212","REPAIR BROKEN MAIN"
"2716608","12/13/2017","02:44","PM","12/14/2017","00:00",,"212","REPAIR BROKEN MAIN"
"2716654","12/13/2017","04:31","PM","12/14/2017","00:00",,"212","REPAIR BROKEN MAIN"
"2716655","12/13/2017","04:34","PM","12/27/2017","00:00",,"212","REPAIR BROKEN MAIN"
"2716692","12/13/2017","07:41","PM","01/19/2018","00:00",,"212","REPAIR BROKEN MAIN"
"2717145","12/13/2017","10:49","PM","12/14/2017","00:00",,"212","REPAIR BROKEN MAIN"
"2717146","12/13/2017","11:50","PM","12/14/2017","00:00",,"212","REPAIR BROKEN MAIN"
"2715031","12/12/2017","12:25","AM","12/12/2017","00:00",,"212","REPAIR BROKEN MAIN"
"2715039","12/12/2017","04:28","AM","12/12/2017","00:00",,"212","REPAIR BROKEN MAIN"
"2715041","12/12/2017","06:01","AM","12/13/2017","00:00",,"212","REPAIR BROKEN MAIN"
"2715073","12/12/2017","08:10","AM","12/14/2017","00:00",,"212","REPAIR BROKEN MAIN"
"2715079","12/12/2017","08:34","AM","12/13/2017","00:00",,"212","REPAIR BROKEN MAIN"
"2715088","12/12/2017","09:27","AM","12/12/2017","00:00",,"212","REPAIR BROKEN MAIN"
"2715089","12/12/2017","09:34","AM","12/13/2017","00:00",,"212","REPAIR BROKEN MAIN"
"2715096","12/12/2017","09:47","AM","12/13/2017","00:00",,"212","REPAIR BROKEN MAIN"
"2715101","12/12/2017","10:07","AM","01/19/2018","00:00",,"212","REPAIR BROKEN MAIN"
"2715110","12/12/2017","10:38","AM","12/21/2017","00:00",,"212","REPAIR BROKEN MAIN"
"2715118","12/12/2017","11:03","AM","12/12/2017","00:00",,"212","REPAIR BROKEN MAIN"
"2715143","12/12/2017","11:53","AM","12/12/2017","00:00",,"212","REPAIR BROKEN MAIN"
"2715165","12/12/2017","12:30","PM","01/18/2018","00:00",,"212","REPAIR BROKEN MAIN"
"2715170","12/12/2017","12:55","PM","12/13/2017","00:00",,"212","REPAIR BROKEN MAIN"
"2715173","12/12/2017","12:59","PM","12/13/2017","00:00",,"212","REPAIR BROKEN MAIN"
"2715177","12/12/2017","01:07","PM","01/19/2018","00:00",,"212","REPAIR BROKEN MAIN"
"2715179","12/12/2017","01:12","PM","12/14/2017","00:00",,"212","REPAIR BROKEN MAIN"
"2715180","12/12/2017","01:12","PM","12/12/2017","00:00",,"212","REPAIR BROKEN MAIN"
"2715210","12/12/2017","02:04","PM","12/27/2017","00:00",,"212","REPAIR BROKEN MAIN"
"2715217","12/12/2017","02:09","PM","12/12/2017","00:00",,"212","REPAIR BROKEN MAIN"
"2715252","12/12/2017","02:49","PM","12/13/2017","00:00",,"212","REPAIR BROKEN MAIN"
"2715308","12/12/2017","05:24","PM","12/12/2017","00:00",,"212","REPAIR BROKEN MAIN"
"2715310","12/12/2017","05:37","PM","12/13/2017","00:00",,"212","REPAIR BROKEN MAIN"
"2715317","12/12/2017","07:06","PM","12/13/2017","00:00",,"212","REPAIR BROKEN MAIN"
"2715323","12/12/2017","07:50","PM","12/13/2017","00:00",,"212","REPAIR BROKEN MAIN"
"2716344","12/12/2017","10:16","PM","12/13/2017","00:00",,"212","REPAIR BROKEN MAIN"
"2716345","12/12/2017","11:34","PM","12/13/2017","00:00",,"212","REPAIR BROKEN MAIN"
"2714771","12/11/2017","01:11","AM","12/11/2017","00:00",,"212","REPAIR BROKEN MAIN"
"2714772","12/11/2017","02:02","AM","12/11/2017","00:00",,"212","REPAIR BROKEN MAIN"
"2714774","12/11/2017","04:02","AM","12/11/2017","00:00",,"212","REPAIR BROKEN MAIN"
"2714777","12/11/2017","06:08","AM","12/11/2017","00:00",,"212","REPAIR BROKEN MAIN"
"2714843","12/11/2017","09:49","AM","12/11/2017","00:00",,"212","REPAIR BROKEN MAIN"
"2714856","12/11/2017","10:22","AM","12/12/2017","00:00",,"212","REPAIR BROKEN MAIN"
"2714864","12/11/2017","10:39","AM","12/26/2017","00:00",,"212","REPAIR BROKEN MAIN"
"2714873","12/11/2017","11:05","AM","12/11/2017","00:00",,"212","REPAIR BROKEN MAIN"
"2714874","12/11/2017","11:07","AM","12/11/2017","00:00",,"212","REPAIR BROKEN MAIN"
"2714900","12/11/2017","12:03","PM","12/11/2017","00:00",,"212","REPAIR BROKEN MAIN"
"2714909","12/11/2017","01:03","PM","12/12/2017","00:00",,"212","REPAIR BROKEN MAIN"
"2714916","12/11/2017","01:35","PM","12/11/2017","00:00",,"212","REPAIR BROKEN MAIN"
"2714918","12/11/2017","01:49","PM","12/11/2017","00:00",,"212","REPAIR BROKEN MAIN"
"2714925","12/11/2017","02:04","PM","12/12/2017","00:00",,"212","REPAIR BROKEN MAIN"
"2714933","12/11/2017","02:29","PM","12/12/2017","00:00",,"212","REPAIR BROKEN MAIN"
"2714934","12/11/2017","02:32","PM","12/12/2017","00:00",,"212","REPAIR BROKEN MAIN"
"2714968","12/11/2017","04:09","PM","12/12/2017","00:00",,"212","REPAIR BROKEN MAIN"
"2714975","12/11/2017","05:17","PM","12/12/2017","00:00",,"212","REPAIR BROKEN MAIN"
"2714986","12/11/2017","05:49","PM","12/12/2017","00:00",,"212","REPAIR BROKEN MAIN"
"2714993","12/11/2017","06:45","PM","12/12/2017","00:00",,"212","REPAIR BROKEN MAIN"
"2715000","12/11/2017","07:36","PM","12/12/2017","00:00",,"212","REPAIR BROKEN MAIN"
"2715005","12/11/2017","07:57","PM","12/12/2017","00:00",,"212","REPAIR BROKEN MAIN"
"2715021","12/11/2017","09:13","PM","12/12/2017","00:00",,"212","REPAIR BROKEN MAIN"
"2715024","12/11/2017","09:37","PM","12/13/2017","00:00",,"212","REPAIR BROKEN MAIN"
"2714709","12/10/2017","04:47","AM","12/11/2017","00:00",,"212","REPAIR BROKEN MAIN"
"2714713","12/10/2017","08:21","AM","12/11/2017","00:00",,"212","REPAIR BROKEN MAIN"
"2714721","12/10/2017","11:15","AM","01/23/2018","00:00",,"212","REPAIR BROKEN MAIN"
"2714724","12/10/2017","11:54","AM","12/10/2017","00:00",,"212","REPAIR BROKEN MAIN"
"2714728","12/10/2017","12:55","PM","12/10/2017","00:00",,"212","REPAIR BROKEN MAIN"
"2714731","12/10/2017","01:34","PM","12/11/2017","00:00",,"212","REPAIR BROKEN MAIN"
"2714735","12/10/2017","02:08","PM","12/11/2017","00:00",,"212","REPAIR BROKEN MAIN"
"2714736","12/10/2017","02:36","PM","12/12/2017","00:00",,"212","REPAIR BROKEN MAIN"
"2714744","12/10/2017","05:05","PM","12/13/2017","00:00",,"212","REPAIR BROKEN MAIN"
"2714750","12/10/2017","06:28","PM","12/10/2017","00:00",,"212","REPAIR BROKEN MAIN"
"2714764","12/10/2017","09:36","PM","12/11/2017","00:00",,"212","REPAIR BROKEN MAIN"
"2714765","12/10/2017","09:49","PM","12/11/2017","00:00",,"212","REPAIR BROKEN MAIN"
"2714766","12/10/2017","10:21","PM","12/11/2017","00:00",,"212","REPAIR BROKEN MAIN"
"2714769","12/10/2017","11:50","PM","12/11/2017","00:00",,"212","REPAIR BROKEN MAIN"
"2714657","12/09/2017","02:04","AM","12/11/2017","00:00",,"212","REPAIR BROKEN MAIN"
"2714658","12/09/2017","02:20","AM","12/09/2017","00:00",,"212","REPAIR BROKEN MAIN"
"2714661","12/09/2017","06:59","AM","12/09/2017","00:00",,"212","REPAIR BROKEN MAIN"
"2714666","12/09/2017","08:25","AM","12/09/2017","00:00",,"212","REPAIR BROKEN MAIN"
"2714672","12/09/2017","09:43","AM","12/11/2017","00:00",,"212","REPAIR BROKEN MAIN"
"2714683","12/09/2017","11:25","AM","12/10/2017","00:00",,"212","REPAIR BROKEN MAIN"
"2714694","12/09/2017","02:29","PM","01/08/2018","00:00",,"212","REPAIR BROKEN MAIN"
"2714494","12/08/2017","09:30","AM","12/08/2017","00:00",,"212","REPAIR BROKEN MAIN"
"2714523","12/08/2017","10:48","AM","12/08/2017","00:00",,"212","REPAIR BROKEN MAIN"
"2714573","12/08/2017","02:19","PM","12/08/2017","00:00",,"212","REPAIR BROKEN MAIN"
"2714645","12/08/2017","08:07","PM","12/13/2017","00:00",,"212","REPAIR BROKEN MAIN"
"2714650","12/08/2017","10:15","PM","12/12/2017","00:00",,"212","REPAIR BROKEN MAIN"
"2714338","12/07/2017","03:16","PM","12/08/2017","00:00",,"212","REPAIR BROKEN MAIN"
"2713837","12/06/2017","08:36","AM","12/06/2017","00:00",,"212","REPAIR BROKEN MAIN"
"2713840","12/06/2017","08:54","AM","12/06/2017","00:00",,"212","REPAIR BROKEN MAIN"
"2713883","12/06/2017","10:11","AM","12/06/2017","00:00",,"212","REPAIR BROKEN MAIN"
"2713905","12/06/2017","10:42","AM","12/06/2017","00:00",,"212","REPAIR BROKEN MAIN"
"2713918","12/06/2017","11:04","AM","12/07/2017","00:00",,"212","REPAIR BROKEN MAIN"
"2713922","12/06/2017","11:08","AM","12/08/2017","00:00",,"212","REPAIR BROKEN MAIN"
"2713995","12/06/2017","02:20","PM","12/06/2017","00:00",,"212","REPAIR BROKEN MAIN"
"2713997","12/06/2017","02:28","PM","12/08/2017","00:00",,"212","REPAIR BROKEN MAIN"
"2714040","12/06/2017","05:09","PM","12/08/2017","00:00",,"212","REPAIR BROKEN MAIN"
"2714058","12/06/2017","05:34","PM","12/07/2017","00:00",,"212","REPAIR BROKEN MAIN"
"2714062","12/06/2017","06:15","PM","12/08/2017","00:00",,"212","REPAIR BROKEN MAIN"
"2714070","12/06/2017","06:58","PM","12/07/2017","00:00",,"212","REPAIR BROKEN MAIN"
"2714103","12/06/2017","10:30","PM","12/07/2017","00:00",,"212","REPAIR BROKEN MAIN"
"2713513","12/05/2017","12:53","AM","12/06/2017","00:00",,"212","REPAIR BROKEN MAIN"
"2713516","12/05/2017","01:57","AM","12/05/2017","00:00",,"212","REPAIR BROKEN MAIN"
"2713544","12/05/2017","07:58","AM","12/05/2017","00:00",,"212","REPAIR BROKEN MAIN"
"2713567","12/05/2017","08:55","AM","12/05/2017","00:00",,"212","REPAIR BROKEN MAIN"
"2713654","12/05/2017","12:33","PM","12/05/2017","00:00",,"212","REPAIR BROKEN MAIN"
"2713697","12/05/2017","02:21","PM","12/07/2017","00:00",,"212","REPAIR BROKEN MAIN"
"2713726","12/05/2017","03:06","PM","12/05/2017","00:00",,"212","REPAIR BROKEN MAIN"
"2713730","12/05/2017","03:33","PM","12/05/2017","00:00",,"212","REPAIR BROKEN MAIN"
"2713770","12/05/2017","05:49","PM","12/06/2017","00:00",,"212","REPAIR BROKEN MAIN"
"2713785","12/05/2017","08:45","PM","12/06/2017","00:00",,"212","REPAIR BROKEN MAIN"
"2713202","12/04/2017","12:43","AM","12/05/2017","00:00",,"212","REPAIR BROKEN MAIN"
"2713246","12/04/2017","08:03","AM","12/04/2017","00:00",,"212","REPAIR BROKEN MAIN"
"2713330","12/04/2017","10:58","AM","12/14/2017","00:00",,"212","REPAIR BROKEN MAIN"
"2713371","12/04/2017","01:04","PM","12/05/2017","00:00",,"212","REPAIR BROKEN MAIN"
"2713373","12/04/2017","11:35","PM","12/04/2017","00:00",,"212","REPAIR BROKEN MAIN"
"2713470","12/04/2017","05:56","PM","12/06/2017","00:00",,"212","REPAIR BROKEN MAIN"
"2713495","12/04/2017","08:41","PM","12/06/2017","00:00",,"212","REPAIR BROKEN MAIN"
"2713158","12/03/2017","11:13","AM","12/04/2017","00:00",,"212","REPAIR BROKEN MAIN"
"2713181","12/03/2017","04:49","PM","12/04/2017","00:00",,"212","REPAIR BROKEN MAIN"
"2713196","12/03/2017","10:18","PM","12/03/2017","00:00",,"212","REPAIR BROKEN MAIN"
"2713199","12/03/2017","11:35","PM","12/04/2017","00:00",,"212","REPAIR BROKEN MAIN"
"2713074","12/02/2017","08:57","AM","12/03/2017","00:00",,"212","REPAIR BROKEN MAIN"
"2713077","12/02/2017","09:16","AM","12/02/2017","00:00",,"212","REPAIR BROKEN MAIN"
"2713088","12/02/2017","11:46","AM","12/02/2017","00:00",,"212","REPAIR BROKEN MAIN"
"2713109","12/02/2017","02:08","PM","12/03/2017","00:00",,"212","REPAIR BROKEN MAIN"
"2713128","12/02/2017","04:41","PM","12/07/2017","00:00",,"212","REPAIR BROKEN MAIN"
"2713134","12/02/2017","06:10","PM","12/06/2017","00:00",,"212","REPAIR BROKEN MAIN"
"2713135","12/02/2017","06:43","PM","12/03/2017","00:00",,"212","REPAIR BROKEN MAIN"
"2713147","12/02/2017","11:47","PM","12/03/2017","00:00",,"212","REPAIR BROKEN MAIN"
"2711996","12/01/2017","03:40","AM","12/02/2017","00:00",,"212","REPAIR BROKEN MAIN"
"2712040","12/01/2017","08:08","AM","12/01/2017","00:00",,"212","REPAIR BROKEN MAIN"
"2712048","12/01/2017","08:29","AM","12/01/2017","00:00",,"212","REPAIR BROKEN MAIN"
"2712077","12/01/2017","09:58","AM","12/01/2017","00:00",,"212","REPAIR BROKEN MAIN"
"2712226","12/01/2017","09:18","PM","12/04/2017","00:00",,"212","REPAIR BROKEN MAIN"
"2710789","11/30/2017","01:20","AM","12/01/2017","00:00",,"212","REPAIR BROKEN MAIN"
"2710874","11/30/2017","09:49","AM","11/30/2017","00:00",,"212","REPAIR BROKEN MAIN"
"2710950","11/30/2017","01:03","PM","11/30/2017","00:00",,"212","REPAIR BROKEN MAIN"
"2711073","11/30/2017","07:56","PM","12/01/2017","00:00",,"212","REPAIR BROKEN MAIN"
"2711948","11/30/2017","09:34","PM","12/01/2017","00:00",,"212","REPAIR BROKEN MAIN"
"2707172","11/29/2017","08:37","AM","11/30/2017","00:00",,"212","REPAIR BROKEN MAIN"
"2707177","11/29/2017","08:58","AM","11/29/2017","00:00",,"212","REPAIR BROKEN MAIN"
"2707186","11/29/2017","09:20","AM","11/29/2017","00:00",,"212","REPAIR BROKEN MAIN"
"2707202","11/29/2017","09:40","AM","11/29/2017","00:00",,"212","REPAIR BROKEN MAIN"
"2707229","11/29/2017","10:36","AM","12/27/2017","00:00",,"212","REPAIR BROKEN MAIN"
"2707237","11/29/2017","10:57","AM","11/30/2017","00:00",,"212","REPAIR BROKEN MAIN"
"2707241","11/29/2017","11:12","AM","12/15/2017","00:00",,"212","REPAIR BROKEN MAIN"
"2707244","11/29/2017","11:18","AM","11/29/2017","00:00",,"212","REPAIR BROKEN MAIN"
"2707251","11/29/2017","11:40","AM","11/30/2017","00:00",,"212","REPAIR BROKEN MAIN"
"2707275","11/29/2017","12:58","PM","11/29/2017","00:00",,"212","REPAIR BROKEN MAIN"
"2707386","11/29/2017","05:19","PM","12/06/2017","00:00",,"212","REPAIR BROKEN MAIN"
"2710782","11/29/2017","09:18","PM","11/30/2017","00:00",,"212","REPAIR BROKEN MAIN"
"2701884","11/28/2017","01:17","AM","12/04/2017","00:00",,"212","REPAIR BROKEN MAIN"
"2701923","11/28/2017","08:43","AM","12/08/2017","00:00",,"212","REPAIR BROKEN MAIN"
"2701987","11/28/2017","11:36","AM","11/28/2017","00:00",,"212","REPAIR BROKEN MAIN"
"2702005","11/28/2017","12:27","PM","01/22/2018","00:00",,"212","REPAIR BROKEN MAIN"
"2702012","11/28/2017","12:54","PM","12/02/2017","00:00",,"212","REPAIR BROKEN MAIN"
"2702090","11/28/2017","04:43","PM","11/29/2017","00:00",,"212","REPAIR BROKEN MAIN"
"2702110","11/28/2017","06:14","PM","12/08/2017","00:00",,"212","REPAIR BROKEN MAIN"
"2707133","11/28/2017","11:31","PM","11/29/2017","00:00",,"212","REPAIR BROKEN MAIN"
"2707135","11/28/2017","11:44","PM","11/29/2017","00:00",,"212","REPAIR BROKEN MAIN"
"2696576","11/27/2017","12:15","AM","11/28/2017","00:00",,"212","REPAIR BROKEN MAIN"
"2696578","11/27/2017","02:12","AM","11/27/2017","00:00",,"212","REPAIR BROKEN MAIN"
"2696583","11/27/2017","05:17","AM","11/27/2017","00:00",,"212","REPAIR BROKEN MAIN"
"2696586","11/27/2017","06:10","AM","11/28/2017","00:00",,"212","REPAIR BROKEN MAIN"
"2696606","11/27/2017","07:49","AM","11/27/2017","00:00",,"212","REPAIR BROKEN MAIN"
"2696631","11/27/2017","08:33","AM","11/27/2017","00:00",,"212","REPAIR BROKEN MAIN"
"2696644","11/27/2017","08:47","AM","11/28/2017","00:00",,"212","REPAIR BROKEN MAIN"
"2696659","11/27/2017","09:10","AM","11/27/2017","00:00",,"212","REPAIR BROKEN MAIN"
"2696700","11/27/2017","10:07","AM","12/01/2017","00:00",,"212","REPAIR BROKEN MAIN"
"2696708","11/27/2017","10:18","AM","11/28/2017","00:00",,"212","REPAIR BROKEN MAIN"
"2696712","11/27/2017","10:22","AM","11/28/2017","00:00",,"212","REPAIR BROKEN MAIN"
"2696789","11/27/2017","01:05","PM","11/27/2017","00:00",,"212","REPAIR BROKEN MAIN"
"2696886","11/27/2017","06:33","PM","11/29/2017","00:00",,"212","REPAIR BROKEN MAIN"
"2701879","11/27/2017","11:18","PM","11/28/2017","00:00",,"212","REPAIR BROKEN MAIN"
"2696515","11/26/2017","09:15","AM","12/04/2017","00:00",,"212","REPAIR BROKEN MAIN"
"2696530","11/26/2017","12:28","PM","11/27/2017","00:00",,"212","REPAIR BROKEN MAIN"
"2696547","11/26/2017","03:59","PM","11/26/2017","00:00",,"212","REPAIR BROKEN MAIN"
"2696551","11/26/2017","04:29","PM","11/28/2017","00:00",,"212","REPAIR BROKEN MAIN"
"2696556","11/26/2017","05:51","PM","11/28/2017","00:00",,"212","REPAIR BROKEN MAIN"
"2696569","11/26/2017","09:14","PM","11/28/2017","00:00",,"212","REPAIR BROKEN MAIN"
"2696571","11/26/2017","10:41","PM","11/27/2017","00:00",,"212","REPAIR BROKEN MAIN"
"2696430","11/25/2017","07:45","AM","11/25/2017","00:00",,"212","REPAIR BROKEN MAIN"
"2696431","11/25/2017","08:48","AM","11/25/2017","00:00",,"212","REPAIR BROKEN MAIN"
"2696432","11/25/2017","08:51","AM","11/26/2017","00:00",,"212","REPAIR BROKEN MAIN"
"2696448","11/25/2017","11:00","AM","12/21/2017","00:00",,"212","REPAIR BROKEN MAIN"
"2696466","11/25/2017","01:35","PM","11/26/2017","00:00",,"212","REPAIR BROKEN MAIN"
"2696484","11/25/2017","04:17","PM","11/28/2017","00:00",,"212","REPAIR BROKEN MAIN"
"2696488","11/25/2017","05:18","PM","11/26/2017","00:00",,"212","REPAIR BROKEN MAIN"
"2696494","11/25/2017","06:38","PM","11/27/2017","00:00",,"212","REPAIR BROKEN MAIN"
"2696498","11/25/2017","07:21","PM","11/29/2017","00:00",,"212","REPAIR BROKEN MAIN"
"2696505","11/25/2017","08:50","PM","11/26/2017","00:00",,"212","REPAIR BROKEN MAIN"
"2696335","11/24/2017","06:24","AM","11/24/2017","00:00",,"212","REPAIR BROKEN MAIN"
"2696376","11/24/2017","12:41","PM","11/24/2017","00:00",,"212","REPAIR BROKEN MAIN"
"2696386","11/24/2017","01:49","PM","01/19/2018","00:00",,"212","REPAIR BROKEN MAIN"
"2696401","11/24/2017","03:38","PM","11/27/2017","00:00",,"212","REPAIR BROKEN MAIN"
"2696421","11/24/2017","08:59","PM","11/25/2017","00:00",,"212","REPAIR BROKEN MAIN"
"2696422","11/24/2017","09:01","PM","11/27/2017","00:00",,"212","REPAIR BROKEN MAIN"
"2696228","11/23/2017","01:15","AM","11/26/2017","00:00",,"212","REPAIR BROKEN MAIN"
"2696232","11/23/2017","04:40","AM","11/26/2017","00:00",,"212","REPAIR BROKEN MAIN"
"2696237","11/23/2017","07:43","AM","11/23/2017","00:00",,"212","REPAIR BROKEN MAIN"
"2696238","11/23/2017","08:14","AM","11/24/2017","00:00",,"212","REPAIR BROKEN MAIN"
"2696246","11/23/2017","10:00","AM","11/24/2017","00:00",,"212","REPAIR BROKEN MAIN"
"2696250","11/23/2017","10:45","AM","11/27/2017","00:00",,"212","REPAIR BROKEN MAIN"
"2696258","11/23/2017","12:13","PM","11/24/2017","00:00",,"212","REPAIR BROKEN MAIN"
"2696274","11/23/2017","02:34","PM","11/25/2017","00:00",,"212","REPAIR BROKEN MAIN"
"2696286","11/23/2017","05:06","PM","11/24/2017","00:00",,"212","REPAIR BROKEN MAIN"
"2696291","11/23/2017","05:45","PM","11/28/2017","00:00",,"212","REPAIR BROKEN MAIN"
"2696295","11/23/2017","10:52","PM","11/24/2017","00:00",,"212","REPAIR BROKEN MAIN"
"2696032","11/22/2017","02:38","AM","11/22/2017","00:00",,"212","REPAIR BROKEN MAIN"
"2696033","11/22/2017","03:08","AM","11/22/2017","00:00",,"212","REPAIR BROKEN MAIN"
"2696060","11/22/2017","08:04","AM","11/22/2017","00:00",,"212","REPAIR BROKEN MAIN"
"2696085","11/22/2017","09:31","AM","11/28/2017","00:00",,"212","REPAIR BROKEN MAIN"
"2696095","11/22/2017","10:06","AM","11/22/2017","00:00",,"212","REPAIR BROKEN MAIN"
"2696137","11/22/2017","12:37","PM","11/25/2017","00:00",,"212","REPAIR BROKEN MAIN"
"2696216","11/22/2017","07:31","PM","12/04/2017","00:00",,"212","REPAIR BROKEN MAIN"
"2696218","11/22/2017","08:05","PM","11/22/2017","00:00",,"212","REPAIR BROKEN MAIN"
"2695803","11/21/2017","07:43","AM","11/21/2017","00:00",,"212","REPAIR BROKEN MAIN"
"2695856","11/21/2017","09:47","AM","11/21/2017","00:00",,"212","REPAIR BROKEN MAIN"
"2695857","11/21/2017","09:46","AM","11/21/2017","00:00",,"212","REPAIR BROKEN MAIN"
"2695869","11/21/2017","10:03","AM","11/21/2017","00:00",,"212","REPAIR BROKEN MAIN"
"2695889","11/21/2017","10:59","AM","11/22/2017","00:00",,"212","REPAIR BROKEN MAIN"
"2695939","11/21/2017","01:56","PM","01/19/2018","00:00",,"212","REPAIR BROKEN MAIN"
"2695971","11/21/2017","04:10","PM","12/07/2017","00:00",,"212","REPAIR BROKEN MAIN"
"2695973","11/21/2017","04:21","PM","11/21/2017","00:00",,"212","REPAIR BROKEN MAIN"
"2695984","11/21/2017","04:51","PM","11/22/2017","00:00",,"212","REPAIR BROKEN MAIN"
"2696015","11/21/2017","07:15","PM","11/22/2017","00:00",,"212","REPAIR BROKEN MAIN"
"2695440","11/20/2017","06:40","AM","12/08/2017","00:00",,"212","REPAIR BROKEN MAIN"
"2695458","11/20/2017","07:15","AM","11/21/2017","00:00",,"212","REPAIR BROKEN MAIN"
"2695545","11/20/2017","09:51","AM","11/20/2017","00:00",,"212","REPAIR BROKEN MAIN"
"2695556","11/20/2017","10:00","AM","11/20/2017","00:00",,"212","REPAIR BROKEN MAIN"
"2695658","11/20/2017","01:27","PM","12/06/2017","00:00",,"212","REPAIR BROKEN MAIN"
"2695764","11/20/2017","08:31","PM","11/21/2017","00:00",,"212","REPAIR BROKEN MAIN"
"2695778","11/20/2017","11:38","PM","11/21/2017","00:00",,"212","REPAIR BROKEN MAIN"
"2695403","11/19/2017","09:16","AM","11/21/2017","00:00",,"212","REPAIR BROKEN MAIN"
"2695404","11/19/2017","10:37","AM","11/20/2017","00:00",,"212","REPAIR BROKEN MAIN"
"2695416","11/19/2017","01:27","PM","11/19/2017","00:00",,"212","REPAIR BROKEN MAIN"
"2695417","11/19/2017","01:30","PM","11/21/2017","00:00",,"212","REPAIR BROKEN MAIN"
"2695427","11/19/2017","05:21","PM","11/27/2017","00:00",,"212","REPAIR BROKEN MAIN"
"2695334","11/18/2017","06:55","AM","11/18/2017","00:00",,"212","REPAIR BROKEN MAIN"
"2695349","11/18/2017","10:55","AM","11/20/2017","00:00",,"212","REPAIR BROKEN MAIN"
"2695351","11/18/2017","11:08","AM","11/20/2017","00:00",,"212","REPAIR BROKEN MAIN"
"2695358","11/18/2017","12:02","PM","11/18/2017","00:00",,"212","REPAIR BROKEN MAIN"
"2695372","11/18/2017","02:18","PM","11/19/2017","00:00",,"212","REPAIR BROKEN MAIN"
"2695391","11/18/2017","06:18","PM","11/20/2017","00:00",,"212","REPAIR BROKEN MAIN"
"2695394","11/18/2017","08:41","PM","11/19/2017","00:00",,"212","REPAIR BROKEN MAIN"
"2695076","11/17/2017","12:46","AM","11/17/2017","00:00",,"212","REPAIR BROKEN MAIN"
"2695176","11/17/2017","10:50","AM","11/17/2017","00:00",,"212","REPAIR BROKEN MAIN"
"2695239","11/17/2017","02:00","PM","11/18/2017","00:00",,"212","REPAIR BROKEN MAIN"
"2695284","11/17/2017","04:00","PM","11/20/2017","00:00",,"212","REPAIR BROKEN MAIN"
"2695304","11/17/2017","05:38","PM","11/22/2017","00:00",,"212","REPAIR BROKEN MAIN"
"2695320","11/17/2017","08:08","PM","11/20/2017","00:00",,"212","REPAIR BROKEN MAIN"
"2695324","11/17/2017","08:50","PM","11/18/2017","00:00",,"212","REPAIR BROKEN MAIN"
"2695325","11/17/2017","09:23","PM","11/18/2017","00:00",,"212","REPAIR BROKEN MAIN"
"2694722","11/16/2017","01:22","AM","11/16/2017","00:00",,"212","REPAIR BROKEN MAIN"
"2694782","11/16/2017","08:22","AM","11/16/2017","00:00",,"212","REPAIR BROKEN MAIN"
"2694797","11/16/2017","08:55","AM","11/16/2017","00:00",,"212","REPAIR BROKEN MAIN"
"2694809","11/16/2017","09:34","AM","11/22/2017","00:00",,"212","REPAIR BROKEN MAIN"
"2694829","11/16/2017","10:25","AM","11/22/2017","00:00",,"212","REPAIR BROKEN MAIN"
"2694857","11/16/2017","12:07","PM","11/17/2017","00:00",,"212","REPAIR BROKEN MAIN"
"2694922","11/16/2017","02:45","PM","11/17/2017","00:00",,"212","REPAIR BROKEN MAIN"
"2694997","11/16/2017","06:16","PM","11/19/2017","00:00",,"212","REPAIR BROKEN MAIN"
"2694456","11/15/2017","12:45","AM","11/16/2017","00:00",,"212","REPAIR BROKEN MAIN"
"2694461","11/15/2017","01:20","AM","11/16/2017","00:00",,"212","REPAIR BROKEN MAIN"
"2694522","11/15/2017","09:17","AM","11/15/2017","00:00",,"212","REPAIR BROKEN MAIN"
"2694523","11/15/2017","09:25","AM","11/16/2017","00:00",,"212","REPAIR BROKEN MAIN"
"2694560","11/15/2017","11:16","AM","11/15/2017","00:00",,"212","REPAIR BROKEN MAIN"
"2694568","11/15/2017","11:35","AM","11/15/2017","00:00",,"212","REPAIR BROKEN MAIN"
"2694596","11/15/2017","01:41","PM","11/16/2017","00:00",,"212","REPAIR BROKEN MAIN"
"2694609","11/15/2017","02:27","PM","11/15/2017","00:00",,"212","REPAIR BROKEN MAIN"
"2694650","11/15/2017","02:00","PM","11/16/2017","00:00",,"212","REPAIR BROKEN MAIN"
"2694671","11/15/2017","05:51","PM","11/17/2017","00:00",,"212","REPAIR BROKEN MAIN"
"2694686","11/15/2017","07:19","PM","11/22/2017","00:00",,"212","REPAIR BROKEN MAIN"
"2694688","11/15/2017","07:32","PM","11/16/2017","00:00",,"212","REPAIR BROKEN MAIN"
"2694713","11/15/2017","10:10","PM","01/02/2018","00:00",,"212","REPAIR BROKEN MAIN"
"2694714","11/15/2017","10:11","PM","11/16/2017","00:00",,"212","REPAIR BROKEN MAIN"
"2694113","11/14/2017","06:47","AM","11/14/2017","00:00",,"212","REPAIR BROKEN MAIN"
"2694177","11/14/2017","09:24","AM","11/15/2017","00:00",,"212","REPAIR BROKEN MAIN"
"2694202","11/14/2017","10:12","AM","11/15/2017","00:00",,"212","REPAIR BROKEN MAIN"
"2694210","11/14/2017","10:17","AM","11/16/2017","00:00",,"212","REPAIR BROKEN MAIN"
"2694226","11/14/2017","10:36","AM","11/14/2017","00:00",,"212","REPAIR BROKEN MAIN"
"2694256","11/14/2017","11:44","AM","11/29/2017","00:00",,"212","REPAIR BROKEN MAIN"
"2694276","11/14/2017","12:26","PM","11/16/2017","00:00",,"212","REPAIR BROKEN MAIN"
"2694321","11/14/2017","02:15","PM","11/15/2017","00:00",,"212","REPAIR BROKEN MAIN"
"2694348","11/14/2017","02:58","PM","11/14/2017","00:00",,"212","REPAIR BROKEN MAIN"
"2694387","11/14/2017","03:48","PM","11/15/2017","00:00",,"212","REPAIR BROKEN MAIN"
"2694401","11/14/2017","05:27","PM","11/15/2017","00:00",,"212","REPAIR BROKEN MAIN"
"2694415","11/14/2017","07:13","PM","11/16/2017","00:00",,"212","REPAIR BROKEN MAIN"
"2694425","11/14/2017","08:24","PM","11/14/2017","00:00",,"212","REPAIR BROKEN MAIN"
"2694436","11/14/2017","08:53","PM","11/15/2017","00:00",,"212","REPAIR BROKEN MAIN"
"2694443","11/14/2017","09:48","PM","11/16/2017","00:00",,"212","REPAIR BROKEN MAIN"
"2694496","11/14/2017","07:53","AM","11/16/2017","00:00",,"212","REPAIR BROKEN MAIN"
"2693362","11/13/2017","04:24","AM","01/19/2018","00:00",,"212","REPAIR BROKEN MAIN"
"2693399","11/13/2017","08:17","AM","11/13/2017","00:00",,"212","REPAIR BROKEN MAIN"
"2693407","11/13/2017","08:41","AM","11/22/2017","00:00",,"212","REPAIR BROKEN MAIN"
"2693415","11/13/2017","08:51","AM","11/14/2017","00:00",,"212","REPAIR BROKEN MAIN"
"2693456","11/13/2017","09:55","AM","11/16/2017","00:00",,"212","REPAIR BROKEN MAIN"
"2693459","11/13/2017","09:59","AM","11/15/2017","00:00",,"212","REPAIR BROKEN MAIN"
"2693489","11/13/2017","11:01","AM","11/13/2017","00:00",,"212","REPAIR BROKEN MAIN"
"2693516","11/13/2017","11:51","AM","11/14/2017","00:00",,"212","REPAIR BROKEN MAIN"
"2693528","11/13/2017","12:06","PM","11/13/2017","00:00",,"212","REPAIR BROKEN MAIN"
"2693543","11/13/2017","12:40","PM","11/13/2017","00:00",,"212","REPAIR BROKEN MAIN"
"2693578","11/13/2017","01:37","PM","11/16/2017","00:00",,"212","REPAIR BROKEN MAIN"
"2693592","11/13/2017","02:10","PM","11/14/2017","00:00",,"212","REPAIR BROKEN MAIN"
"2693600","11/13/2017","02:28","PM","11/14/2017","00:00",,"212","REPAIR BROKEN MAIN"
"2693608","11/13/2017","02:49","PM","11/13/2017","00:00",,"212","REPAIR BROKEN MAIN"
"2693612","11/13/2017","02:55","PM","11/29/2017","00:00",,"212","REPAIR BROKEN MAIN"
"2693613","11/13/2017","02:55","PM","11/15/2017","00:00",,"212","REPAIR BROKEN MAIN"
"2693649","11/13/2017","05:07","PM","11/13/2017","00:00",,"212","REPAIR BROKEN MAIN"
"2693657","11/13/2017","05:37","PM","11/14/2017","00:00",,"212","REPAIR BROKEN MAIN"
"2693659","11/13/2017","05:51","PM","11/22/2017","00:00",,"212","REPAIR BROKEN MAIN"
"2693671","11/13/2017","07:06","PM","11/14/2017","00:00",,"212","REPAIR BROKEN MAIN"
"2693675","11/13/2017","07:52","PM","11/15/2017","00:00",,"212","REPAIR BROKEN MAIN"
"2694092","11/13/2017","08:21","PM","11/22/2017","00:00",,"212","REPAIR BROKEN MAIN"
"2694096","11/13/2017","08:57","PM","11/14/2017","00:00",,"212","REPAIR BROKEN MAIN"
"2694097","11/13/2017","09:30","PM","11/14/2017","00:00",,"212","REPAIR BROKEN MAIN"
"2694101","11/13/2017","11:34","PM","11/14/2017","00:00",,"212","REPAIR BROKEN MAIN"
"2693314","11/12/2017","10:24","AM","11/12/2017","00:00",,"212","REPAIR BROKEN MAIN"
"2693328","11/12/2017","11:57","AM","11/13/2017","00:00",,"212","REPAIR BROKEN MAIN"
"2693332","11/12/2017","12:57","PM","11/12/2017","00:00",,"212","REPAIR BROKEN MAIN"
"2693339","11/12/2017","02:09","PM","11/14/2017","00:00",,"212","REPAIR BROKEN MAIN"
"2693346","11/12/2017","04:26","PM","11/13/2017","00:00",,"212","REPAIR BROKEN MAIN"
"2693348","11/12/2017","05:09","PM","11/13/2017","00:00",,"212","REPAIR BROKEN MAIN"
"2693349","11/12/2017","09:57","AM","12/08/2017","00:00",,"212","REPAIR BROKEN MAIN"
"2693358","11/12/2017","10:09","PM","11/14/2017","00:00",,"212","REPAIR BROKEN MAIN"
"2693200","11/11/2017","12:31","AM","11/12/2017","00:00",,"212","REPAIR BROKEN MAIN"
"2693205","11/11/2017","02:35","AM","11/12/2017","00:00",,"212","REPAIR BROKEN MAIN"
"2693211","11/11/2017","08:19","AM","11/12/2017","00:00",,"212","REPAIR BROKEN MAIN"
"2693218","11/11/2017","08:47","AM","11/13/2017","00:00",,"212","REPAIR BROKEN MAIN"
"2693221","11/11/2017","09:03","AM","11/12/2017","00:00",,"212","REPAIR BROKEN MAIN"
"2693227","11/11/2017","09:55","AM","11/11/2017","00:00",,"212","REPAIR BROKEN MAIN"
"2693252","11/11/2017","12:40","PM","11/11/2017","00:00",,"212","REPAIR BROKEN MAIN"
"2693260","11/11/2017","01:50","PM","11/11/2017","00:00",,"212","REPAIR BROKEN MAIN"
"2693274","11/11/2017","03:21","PM","11/13/2017","00:00",,"212","REPAIR BROKEN MAIN"
"2693279","11/11/2017","04:35","PM","11/12/2017","00:00",,"212","REPAIR BROKEN MAIN"
"2693282","11/11/2017","05:44","PM","11/12/2017","00:00",,"212","REPAIR BROKEN MAIN"
"2693294","11/11/2017","09:29","PM","11/12/2017","00:00",,"212","REPAIR BROKEN MAIN"
"2693296","11/11/2017","10:11","PM","11/13/2017","00:00",,"212","REPAIR BROKEN MAIN"
"2693107","11/10/2017","05:45","AM","11/10/2017","00:00",,"212","REPAIR BROKEN MAIN"
"2693120","11/10/2017","08:36","AM","11/10/2017","00:00",,"212","REPAIR BROKEN MAIN"
"2693151","11/10/2017","01:42","PM","11/14/2017","00:00",,"212","REPAIR BROKEN MAIN"
"2693160","11/10/2017","02:37","PM","11/10/2017","00:00",,"212","REPAIR BROKEN MAIN"
"2693161","11/10/2017","02:38","PM","11/29/2017","00:00",,"212","REPAIR BROKEN MAIN"
"2693183","11/10/2017","06:26","PM","11/11/2017","00:00",,"212","REPAIR BROKEN MAIN"
"2693184","11/10/2017","06:27","PM","11/13/2017","00:00",,"212","REPAIR BROKEN MAIN"
"2692603","11/09/2017","08:06","AM","11/09/2017","00:00",,"212","REPAIR BROKEN MAIN"
"2692647","11/09/2017","10:26","AM","11/22/2017","00:00",,"212","REPAIR BROKEN MAIN"
"2692719","11/09/2017","01:50","PM","11/09/2017","00:00",,"212","REPAIR BROKEN MAIN"
"2692761","11/09/2017","03:14","PM","11/09/2017","00:00",,"212","REPAIR BROKEN MAIN"
"2692822","11/09/2017","05:36","PM","11/15/2017","00:00",,"212","REPAIR BROKEN MAIN"
"2692834","11/09/2017","07:15","PM","11/11/2017","00:00",,"212","REPAIR BROKEN MAIN"
"2692838","11/09/2017","07:40","PM","11/10/2017","00:00",,"212","REPAIR BROKEN MAIN"
"2693064","11/09/2017","09:25","PM","11/09/2017","00:00",,"212","REPAIR BROKEN MAIN"
"2692380","11/08/2017","09:54","AM","11/09/2017","00:00",,"212","REPAIR BROKEN MAIN"
"2692552","11/08/2017","05:15","PM","11/09/2017","00:00",,"212","REPAIR BROKEN MAIN"
"2692211","11/07/2017","01:35","PM","11/07/2017","00:00",,"212","REPAIR BROKEN MAIN"
"2692212","11/07/2017","01:35","PM","11/15/2017","00:00",,"212","REPAIR BROKEN MAIN"
"2691755","11/06/2017","02:28","AM","11/06/2017","00:00",,"212","REPAIR BROKEN MAIN"
"2691756","11/06/2017","03:42","AM","11/06/2017","00:00",,"212","REPAIR BROKEN MAIN"
"2691803","11/06/2017","08:31","AM","11/06/2017","00:00",,"212","REPAIR BROKEN MAIN"
"2691931","11/06/2017","01:57","PM","11/08/2017","00:00",,"212","REPAIR BROKEN MAIN"
"2692081","11/06/2017","08:48","PM","11/07/2017","00:00",,"212","REPAIR BROKEN MAIN"
"2691709","11/05/2017","09:47","AM","11/07/2017","00:00",,"212","REPAIR BROKEN MAIN"
"2691742","11/05/2017","05:33","PM","11/08/2017","00:00",,"212","REPAIR BROKEN MAIN"
"2691745","11/05/2017","07:40","PM","11/07/2017","00:00",,"212","REPAIR BROKEN MAIN"
"2691750","11/05/2017","07:40","PM","11/07/2017","00:00",,"212","REPAIR BROKEN MAIN"
"2691584","11/04/2017","01:19","AM","11/04/2017","00:00",,"212","REPAIR BROKEN MAIN"
"2691610","11/04/2017","10:13","AM","11/04/2017","00:00",,"212","REPAIR BROKEN MAIN"
"2691625","11/04/2017","11:53","AM","11/05/2017","00:00",,"212","REPAIR BROKEN MAIN"
"2691634","11/04/2017","01:13","PM","11/06/2017","00:00",,"212","REPAIR BROKEN MAIN"
"2691638","11/04/2017","01:25","PM","11/06/2017","00:00",,"212","REPAIR BROKEN MAIN"
"2691646","11/04/2017","02:00","PM","11/05/2017","00:00",,"212","REPAIR BROKEN MAIN"
"2691662","11/04/2017","04:05","PM","11/07/2017","00:00",,"212","REPAIR BROKEN MAIN"
"2691666","11/04/2017","04:29","PM","11/06/2017","00:00",,"212","REPAIR BROKEN MAIN"
"2691668","11/04/2017","05:05","PM","11/06/2017","00:00",,"212","REPAIR BROKEN MAIN"
"2691673","11/04/2017","05:51","PM","11/05/2017","00:00",,"212","REPAIR BROKEN MAIN"
"2691350","11/03/2017","07:35","AM","11/13/2017","00:00",,"212","REPAIR BROKEN MAIN"
"2691360","11/03/2017","08:15","AM","11/16/2017","00:00",,"212","REPAIR BROKEN MAIN"
"2691376","11/03/2017","09:13","AM","11/03/2017","00:00",,"212","REPAIR BROKEN MAIN"
"2691422","11/03/2017","11:11","AM","11/04/2017","00:00",,"212","REPAIR BROKEN MAIN"
"2691550","11/03/2017","04:07","PM","11/08/2017","00:00",,"212","REPAIR BROKEN MAIN"
"2691551","11/03/2017","04:08","PM","11/06/2017","00:00",,"212","REPAIR BROKEN MAIN"
"2691562","11/03/2017","05:18","PM","11/06/2017","00:00",,"212","REPAIR BROKEN MAIN"
"2691582","11/03/2017","10:58","PM","11/05/2017","00:00",,"212","REPAIR BROKEN MAIN"
"2691100","11/02/2017","07:19","AM","11/04/2017","00:00",,"212","REPAIR BROKEN MAIN"
"2691103","11/02/2017","07:21","AM","11/04/2017","00:00",,"212","REPAIR BROKEN MAIN"
"2691126","11/02/2017","09:08","AM","11/02/2017","00:00",,"212","REPAIR BROKEN MAIN"
"2691196","11/02/2017","11:10","AM","11/03/2017","00:00",,"212","REPAIR BROKEN MAIN"
"2691201","11/02/2017","11:28","AM","11/02/2017","00:00",,"212","REPAIR BROKEN MAIN"
"2691289","11/02/2017","04:05","PM","11/14/2017","00:00",,"212","REPAIR BROKEN MAIN"
"2691310","11/02/2017","06:31","PM","11/06/2017","00:00",,"212","REPAIR BROKEN MAIN"
"2689441","11/01/2017","11:13","AM","11/01/2017","00:00",,"212","REPAIR BROKEN MAIN"
"2689532","11/01/2017","05:41","PM","11/22/2017","00:00",,"212","REPAIR BROKEN MAIN"
"2689534","11/01/2017","05:50","PM","11/02/2017","00:00",,"212","REPAIR BROKEN MAIN"
"2689573","11/01/2017","09:04","PM","11/03/2017","00:00",,"212","REPAIR BROKEN MAIN"
"2689579","11/01/2017","10:20","PM","11/02/2017","00:00",,"212","REPAIR BROKEN MAIN"
"2689167","10/31/2017","08:21","AM","10/31/2017","00:00",,"212","REPAIR BROKEN MAIN"
"2689286","10/31/2017","02:40","PM","11/01/2017","00:00",,"212","REPAIR BROKEN MAIN"
"2689290","10/31/2017","02:47","PM","11/02/2017","00:00",,"212","REPAIR BROKEN MAIN"
"2689334","10/31/2017","06:15","PM","11/22/2017","00:00",,"212","REPAIR BROKEN MAIN"
"2689344","10/31/2017","08:13","PM","11/01/2017","00:00",,"212","REPAIR BROKEN MAIN"
"2688857","10/30/2017","12:00","AM","10/30/2017","00:00",,"212","REPAIR BROKEN MAIN"
"2688906","10/30/2017","08:44","AM","10/31/2017","00:00",,"212","REPAIR BROKEN MAIN"
"2688915","10/30/2017","08:56","AM","10/30/2017","00:00",,"212","REPAIR BROKEN MAIN"
"2688925","10/30/2017","09:10","AM","10/30/2017","00:00",,"212","REPAIR BROKEN MAIN"
"2688933","10/30/2017","09:43","AM","11/08/2017","00:00",,"212","REPAIR BROKEN MAIN"
"2688958","10/30/2017","10:42","AM","11/01/2017","00:00",,"212","REPAIR BROKEN MAIN"
"2688991","10/30/2017","12:01","PM","10/31/2017","00:00",,"212","REPAIR BROKEN MAIN"
"2689003","10/30/2017","12:26","PM","10/30/2017","00:00",,"212","REPAIR BROKEN MAIN"
"2689016","10/30/2017","01:06","PM","10/30/2017","00:00",,"212","REPAIR BROKEN MAIN"
"2689019","10/30/2017","01:15","PM","10/31/2017","00:00",,"212","REPAIR BROKEN MAIN"
"2689036","10/30/2017","02:03","PM","11/01/2017","00:00",,"212","REPAIR BROKEN MAIN"
"2689068","10/30/2017","03:36","PM","11/01/2017","00:00",,"212","REPAIR BROKEN MAIN"
"2688814","10/29/2017","01:50","AM","10/29/2017","00:00",,"212","REPAIR BROKEN MAIN"
"2688851","10/29/2017","04:52","PM","11/08/2017","00:00",,"212","REPAIR BROKEN MAIN"
"2688744","10/28/2017","08:55","AM","11/16/2017","00:00",,"212","REPAIR BROKEN MAIN"
"2688752","10/28/2017","11:42","AM","10/31/2017","00:00",,"212","REPAIR BROKEN MAIN"
"2688762","10/28/2017","01:53","PM","11/02/2017","00:00",,"212","REPAIR BROKEN MAIN"
"2688769","10/28/2017","02:26","PM","10/30/2017","00:00",,"212","REPAIR BROKEN MAIN"
"2688787","10/28/2017","05:21","PM","10/30/2017","00:00",,"212","REPAIR BROKEN MAIN"
"2688791","10/28/2017","06:09","PM","10/31/2017","00:00",,"212","REPAIR BROKEN MAIN"
"2688806","10/28/2017","08:42","PM","10/30/2017","00:00",,"212","REPAIR BROKEN MAIN"
"2688703","10/27/2017","03:42","PM","10/31/2017","00:00",,"212","REPAIR BROKEN MAIN"
"2688365","10/26/2017","08:47","AM","11/09/2017","00:00",,"212","REPAIR BROKEN MAIN"
"2688167","10/25/2017","10:28","AM","10/25/2017","00:00",,"212","REPAIR BROKEN MAIN"
"2688215","10/25/2017","01:02","PM","11/17/2017","00:00",,"212","REPAIR BROKEN MAIN"
"2688315","10/25/2017","08:17","PM","10/26/2017","00:00",,"212","REPAIR BROKEN MAIN"
"2687684","10/24/2017","01:05","AM","10/24/2017","00:00",,"212","REPAIR BROKEN MAIN"
"2687769","10/24/2017","11:24","AM","10/24/2017","00:00",,"212","REPAIR BROKEN MAIN"
"2687781","10/24/2017","11:58","AM","10/24/2017","00:00",,"212","REPAIR BROKEN MAIN"
"2688055","10/24/2017","09:22","PM","10/25/2017","00:00",,"212","REPAIR BROKEN MAIN"
"2688074","10/24/2017","10:30","PM","10/25/2017","00:00",,"212","REPAIR BROKEN MAIN"
"2688076","10/24/2017","11:56","PM","10/25/2017","00:00",,"212","REPAIR BROKEN MAIN"
"2687344","10/23/2017","08:37","AM","10/27/2017","00:00",,"212","REPAIR BROKEN MAIN"
"2687348","10/23/2017","08:41","AM","10/23/2017","00:00",,"212","REPAIR BROKEN MAIN"
"2687529","10/23/2017","03:06","PM","10/27/2017","00:00",,"212","REPAIR BROKEN MAIN"
"2687533","10/23/2017","03:29","PM","10/24/2017","00:00",,"212","REPAIR BROKEN MAIN"
"2687557","10/23/2017","04:15","PM","10/30/2017","00:00",,"212","REPAIR BROKEN MAIN"
"2687584","10/23/2017","06:08","PM","10/24/2017","00:00",,"212","REPAIR BROKEN MAIN"
"2687264","10/22/2017","08:53","AM","10/23/2017","00:00",,"212","REPAIR BROKEN MAIN"
"2687269","10/22/2017","09:28","AM","10/22/2017","00:00",,"212","REPAIR BROKEN MAIN"
"2687288","10/22/2017","02:39","PM","12/05/2017","00:00",,"212","REPAIR BROKEN MAIN"
"2686981","10/20/2017","07:28","AM","10/20/2017","00:00",,"212","REPAIR BROKEN MAIN"
"2687079","10/20/2017","12:11","PM","10/20/2017","00:00",,"212","REPAIR BROKEN MAIN"
"2687191","10/20/2017","08:42","PM","10/22/2017","00:00",,"212","REPAIR BROKEN MAIN"
"2686711","10/19/2017","12:15","AM","10/19/2017","00:00",,"212","REPAIR BROKEN MAIN"
"2686878","10/19/2017","03:40","PM","10/20/2017","00:00",,"212","REPAIR BROKEN MAIN"
"2686921","10/19/2017","08:28","PM","10/20/2017","00:00",,"212","REPAIR BROKEN MAIN"
"2686432","10/18/2017","08:05","AM","10/18/2017","00:00",,"212","REPAIR BROKEN MAIN"
"2686435","10/18/2017","08:11","AM","10/19/2017","00:00",,"212","REPAIR BROKEN MAIN"
"2686504","10/18/2017","11:22","AM","10/18/2017","00:00",,"212","REPAIR BROKEN MAIN"
"2686656","10/18/2017","06:20","PM","10/19/2017","00:00",,"212","REPAIR BROKEN MAIN"
"2686693","10/18/2017","08:51","PM","10/19/2017","00:00",,"212","REPAIR BROKEN MAIN"
"2686190","10/17/2017","09:41","AM","10/17/2017","00:00",,"212","REPAIR BROKEN MAIN"
"2685840","10/16/2017","08:36","AM","10/17/2017","00:00",,"212","REPAIR BROKEN MAIN"
"2685758","10/15/2017","07:52","AM","10/15/2017","00:00",,"212","REPAIR BROKEN MAIN"
"2685698","10/14/2017","05:58","AM","10/14/2017","00:00",,"212","REPAIR BROKEN MAIN"
"2685739","10/14/2017","02:59","PM","10/20/2017","00:00",,"212","REPAIR BROKEN MAIN"
"2685752","10/14/2017","06:39","PM","10/15/2017","00:00",,"212","REPAIR BROKEN MAIN"
"2684825","10/13/2017","08:48","AM","10/13/2017","00:00",,"212","REPAIR BROKEN MAIN"
"2684959","10/13/2017","03:26","PM","10/13/2017","00:00",,"212","REPAIR BROKEN MAIN"
"2684738","10/12/2017","08:11","PM","10/13/2017","00:00",,"212","REPAIR BROKEN MAIN"
"2684282","10/11/2017","01:29","PM","10/12/2017","00:00",,"212","REPAIR BROKEN MAIN"
"2684297","10/11/2017","02:02","PM","10/12/2017","00:00",,"212","REPAIR BROKEN MAIN"
"2683816","10/10/2017","04:36","AM","10/17/2017","00:00",,"212","REPAIR BROKEN MAIN"
"2683928","10/10/2017","12:56","PM","10/10/2017","00:00",,"212","REPAIR BROKEN MAIN"
"2683704","10/08/2017","08:31","AM","10/10/2017","00:00",,"212","REPAIR BROKEN MAIN"
"2683709","10/08/2017","09:31","AM","10/10/2017","00:00",,"212","REPAIR BROKEN MAIN"
"2683641","10/07/2017","02:31","PM","10/11/2017","00:00",,"212","REPAIR BROKEN MAIN"
"2683465","10/06/2017","12:31","PM","10/06/2017","00:00",,"212","REPAIR BROKEN MAIN"
"2683581","10/06/2017","07:02","PM","10/10/2017","00:00",,"212","REPAIR BROKEN MAIN"
"2683179","10/05/2017","08:19","AM","10/17/2017","00:00",,"212","REPAIR BROKEN MAIN"
"2683264","10/05/2017","12:59","PM","10/12/2017","00:00",,"212","REPAIR BROKEN MAIN"
"2683272","10/05/2017","01:35","PM","10/05/2017","00:00",,"212","REPAIR BROKEN MAIN"
"2682877","10/04/2017","01:30","AM","10/04/2017","00:00",,"212","REPAIR BROKEN MAIN"
"2683030","10/04/2017","04:11","PM","10/04/2017","00:00",,"212","REPAIR BROKEN MAIN"
"2683152","10/04/2017","10:10","PM","10/05/2017","00:00",,"212","REPAIR BROKEN MAIN"
"2682641","10/03/2017","06:55","AM","10/04/2017","00:00",,"212","REPAIR BROKEN MAIN"
"2682723","10/03/2017","10:41","AM","10/03/2017","00:00",,"212","REPAIR BROKEN MAIN"
"2682784","10/03/2017","01:53","PM","10/04/2017","00:00",,"212","REPAIR BROKEN MAIN"
"2682830","10/03/2017","04:41","PM","10/03/2017","00:00",,"212","REPAIR BROKEN MAIN"
"2680624","10/02/2017","09:20","AM","10/03/2017","00:00",,"212","REPAIR BROKEN MAIN"
"2680533","10/01/2017","06:35","AM","10/01/2017","00:00",,"212","REPAIR BROKEN MAIN"
"2680545","10/01/2017","12:25","PM","10/02/2017","00:00",,"212","REPAIR BROKEN MAIN"
"2680574","10/01/2017","08:57","PM","10/02/2017","00:00",,"212","REPAIR BROKEN MAIN"
"2678730","09/27/2017","08:33","AM","09/27/2017","00:00",,"212","REPAIR BROKEN MAIN"
"2677393","09/25/2017","12:33","PM","09/26/2017","00:00",,"212","REPAIR BROKEN MAIN"
"2677160","09/22/2017","09:56","PM","09/23/2017","00:00",,"212","REPAIR BROKEN MAIN"
"2675899","09/20/2017","11:46","AM","09/21/2017","00:00",,"212","REPAIR BROKEN MAIN"
"2675636","09/19/2017","10:36","AM","09/20/2017","00:00",,"212","REPAIR BROKEN MAIN"
"2675505","09/18/2017","06:13","PM","09/27/2017","00:00",,"212","REPAIR BROKEN MAIN"
"2675241","09/17/2017","04:26","PM","09/18/2017","00:00",,"212","REPAIR BROKEN MAIN"
"2674537","09/14/2017","08:10","AM","09/14/2017","00:00",,"212","REPAIR BROKEN MAIN"
"2674759","09/14/2017","02:42","PM","09/15/2017","00:00",,"212","REPAIR BROKEN MAIN"
"2674142","09/13/2017","10:28","AM","09/13/2017","00:00",,"212","REPAIR BROKEN MAIN"
"2674307","09/13/2017","02:18","PM","09/15/2017","00:00",,"212","REPAIR BROKEN MAIN"
"2671411","09/12/2017","06:00","AM","09/12/2017","00:00",,"212","REPAIR BROKEN MAIN"
"2671490","09/12/2017","08:57","AM","09/12/2017","00:00",,"212","REPAIR BROKEN MAIN"
"2671501","09/12/2017","09:19","AM","09/12/2017","00:00",,"212","REPAIR BROKEN MAIN"
"2671226","09/11/2017","12:03","PM","09/11/2017","00:00",,"212","REPAIR BROKEN MAIN"
"2671356","09/11/2017","04:40","PM","09/12/2017","00:00",,"212","REPAIR BROKEN MAIN"
"2671369","09/11/2017","05:14","PM","09/15/2017","00:00",,"212","REPAIR BROKEN MAIN"
"2671029","09/10/2017","01:40","AM","09/10/2017","00:00",,"212","REPAIR BROKEN MAIN"
"2671043","09/10/2017","10:18","AM","09/11/2017","00:00",,"212","REPAIR BROKEN MAIN"
"2671058","09/10/2017","03:06","PM","09/11/2017","00:00",,"212","REPAIR BROKEN MAIN"
"2671068","09/10/2017","06:29","PM","09/11/2017","00:00",,"212","REPAIR BROKEN MAIN"
"2670527","09/08/2017","09:58","AM","09/08/2017","00:00",,"212","REPAIR BROKEN MAIN"
"2670346","09/07/2017","02:55","PM","09/08/2017","00:00",,"212","REPAIR BROKEN MAIN"
"2670418","09/07/2017","08:40","PM","09/08/2017","00:00",,"212","REPAIR BROKEN MAIN"
"2669729","09/05/2017","12:27","PM","09/05/2017","00:00",,"212","REPAIR BROKEN MAIN"
"2669803","09/05/2017","03:25","PM","09/05/2017","00:00",,"212","REPAIR BROKEN MAIN"
"2669542","09/04/2017","03:15","AM","09/04/2017","00:00",,"212","REPAIR BROKEN MAIN"
"2669565","09/04/2017","12:24","PM","09/05/2017","00:00",,"212","REPAIR BROKEN MAIN"
"2667065","08/31/2017","06:36","AM","08/31/2017","00:00",,"212","REPAIR BROKEN MAIN"
"2667312","08/31/2017","01:28","PM","09/01/2017","00:00",,"212","REPAIR BROKEN MAIN"
"2667427","08/31/2017","04:27","PM","09/08/2017","00:00",,"212","REPAIR BROKEN MAIN"
"2667437","08/31/2017","05:21","PM","09/01/2017","00:00",,"212","REPAIR BROKEN MAIN"
"2667442","08/31/2017","06:30","PM","09/01/2017","00:00",,"212","REPAIR BROKEN MAIN"
"2667461","08/31/2017","09:09","PM","09/01/2017","00:00",,"212","REPAIR BROKEN MAIN"
"2666504","08/30/2017","06:05","AM","08/31/2017","00:00",,"212","REPAIR BROKEN MAIN"
"2667043","08/30/2017","09:15","PM","08/31/2017","00:00",,"212","REPAIR BROKEN MAIN"
"2666309","08/29/2017","09:49","AM","08/29/2017","00:00",,"212","REPAIR BROKEN MAIN"
"2666190","08/28/2017","07:42","PM","08/29/2017","00:00",,"212","REPAIR BROKEN MAIN"
"2665523","08/27/2017","09:01","AM","08/27/2017","00:00",,"212","REPAIR BROKEN MAIN"
"2665551","08/27/2017","11:31","AM","09/25/2017","00:00",,"212","REPAIR BROKEN MAIN"
"2665440","08/26/2017","07:05","AM","08/26/2017","00:00",,"212","REPAIR BROKEN MAIN"
"2664702","08/24/2017","08:46","AM","08/24/2017","00:00",,"212","REPAIR BROKEN MAIN"
"2665049","08/24/2017","03:37","PM","08/24/2017","00:00",,"212","REPAIR BROKEN MAIN"
"2663731","08/20/2017","11:36","AM","09/01/2017","00:00",,"212","REPAIR BROKEN MAIN"
"2663682","08/19/2017","12:22","PM","08/19/2017","00:00",,"212","REPAIR BROKEN MAIN"
"2663482","08/18/2017","06:05","AM","08/18/2017","00:00",,"212","REPAIR BROKEN MAIN"
"2663543","08/18/2017","10:53","AM","08/21/2017","00:00",,"212","REPAIR BROKEN MAIN"
"2663126","08/17/2017","12:47","AM","08/17/2017","00:00",,"212","REPAIR BROKEN MAIN"
"2661005","08/16/2017","08:33","AM","08/16/2017","00:00",,"212","REPAIR BROKEN MAIN"
"2661007","08/16/2017","08:36","AM","08/25/2017","00:00",,"212","REPAIR BROKEN MAIN"
"2661242","08/16/2017","04:50","PM","08/16/2017","00:00",,"212","REPAIR BROKEN MAIN"
"2660080","08/14/2017","07:43","AM","08/14/2017","00:00",,"212","REPAIR BROKEN MAIN"
"2660200","08/14/2017","10:37","AM","09/06/2017","00:00",,"212","REPAIR BROKEN MAIN"
"2660280","08/14/2017","12:54","PM","08/15/2017","00:00",,"212","REPAIR BROKEN MAIN"
"2659864","08/13/2017","02:15","AM","08/14/2017","00:00",,"212","REPAIR BROKEN MAIN"
"2659866","08/13/2017","07:02","AM","08/13/2017","00:00",,"212","REPAIR BROKEN MAIN"
"2659779","08/12/2017","10:43","AM","08/13/2017","00:00",,"212","REPAIR BROKEN MAIN"
"2659390","08/11/2017","08:32","AM","08/11/2017","00:00",,"212","REPAIR BROKEN MAIN"
"2658919","08/10/2017","02:46","AM","08/10/2017","00:00",,"212","REPAIR BROKEN MAIN"
"2658994","08/10/2017","09:26","AM","08/10/2017","00:00",,"212","REPAIR BROKEN MAIN"
"2659139","08/10/2017","02:06","PM","08/11/2017","00:00",,"212","REPAIR BROKEN MAIN"
"2659215","08/10/2017","04:42","PM","08/10/2017","00:00",,"212","REPAIR BROKEN MAIN"
"2659223","08/10/2017","05:01","PM","08/11/2017","00:00",,"212","REPAIR BROKEN MAIN"
"2658609","08/09/2017","05:35","AM","08/09/2017","00:00",,"212","REPAIR BROKEN MAIN"
"2658742","08/09/2017","12:34","PM","08/14/2017","00:00",,"212","REPAIR BROKEN MAIN"
"2657992","08/05/2017","06:08","AM","08/05/2017","00:00",,"212","REPAIR BROKEN MAIN"
"2658014","08/05/2017","11:19","AM","08/07/2017","00:00",,"212","REPAIR BROKEN MAIN"
"2658022","08/05/2017","01:12","PM","08/08/2017","00:00",,"212","REPAIR BROKEN MAIN"
"2658039","08/05/2017","04:19","PM","08/05/2017","00:00",,"212","REPAIR BROKEN MAIN"
"2657949","08/04/2017","04:25","PM","08/04/2017","00:00",,"212","REPAIR BROKEN MAIN"
"2657976","08/04/2017","06:59","PM","08/04/2017","00:00",,"212","REPAIR BROKEN MAIN"
"2657544","08/03/2017","09:49","AM","12/26/2017","00:00",,"212","REPAIR BROKEN MAIN"
"2657453","08/02/2017","11:00","PM","08/03/2017","00:00",,"212","REPAIR BROKEN MAIN"
"2655562","08/01/2017","04:33","AM","08/01/2017","00:00",,"212","REPAIR BROKEN MAIN"
"2655661","08/01/2017","11:19","AM","08/01/2017","00:00",,"212","REPAIR BROKEN MAIN"
"2655816","08/01/2017","08:40","PM","08/02/2017","00:00",,"212","REPAIR BROKEN MAIN"
"2655303","07/31/2017","06:35","AM","07/31/2017","00:00",,"212","REPAIR BROKEN MAIN"
"2655305","07/31/2017","06:35","AM","07/31/2017","00:00",,"212","REPAIR BROKEN MAIN"
"2655214","07/29/2017","01:59","PM","07/29/2017","00:00",,"212","REPAIR BROKEN MAIN"
"2655239","07/29/2017","07:45","PM","07/31/2017","00:00",,"212","REPAIR BROKEN MAIN"
"2654915","07/28/2017","04:00","AM","07/28/2017","00:00",,"212","REPAIR BROKEN MAIN"
"2655022","07/28/2017","11:56","AM","07/28/2017","00:00",,"212","REPAIR BROKEN MAIN"
"2655116","07/28/2017","04:35","PM","07/29/2017","00:00",,"212","REPAIR BROKEN MAIN"
"2655117","07/28/2017","04:35","PM","07/29/2017","00:00",,"212","REPAIR BROKEN MAIN"
"2654482","07/27/2017","07:10","AM","07/28/2017","00:00",,"212","REPAIR BROKEN MAIN"
"2654618","07/27/2017","03:21","PM","07/27/2017","00:00",,"212","REPAIR BROKEN MAIN"
"2654239","07/26/2017","04:10","AM","07/26/2017","00:00",,"212","REPAIR BROKEN MAIN"
"2654245","07/26/2017","06:33","AM","07/26/2017","00:00",,"212","REPAIR BROKEN MAIN"
"2654100","07/25/2017","12:39","PM","07/25/2017","00:00",,"212","REPAIR BROKEN MAIN"
"2654181","07/25/2017","04:35","PM","07/26/2017","00:00",,"212","REPAIR BROKEN MAIN"
"2654182","07/25/2017","04:38","PM","07/26/2017","00:00",,"212","REPAIR BROKEN MAIN"
"2654226","07/25/2017","09:05","PM","07/26/2017","00:00",,"212","REPAIR BROKEN MAIN"
"2653918","07/24/2017","08:55","PM","07/25/2017","00:00",,"212","REPAIR BROKEN MAIN"
"2653924","07/24/2017","09:20","PM","07/25/2017","00:00",,"212","REPAIR BROKEN MAIN"
"2653632","07/23/2017","08:16","AM","07/23/2017","00:00",,"212","REPAIR BROKEN MAIN"
"2652499","07/18/2017","12:50","AM","07/19/2017","00:00",,"212","REPAIR BROKEN MAIN"
"2652656","07/18/2017","03:47","PM","07/18/2017","00:00",,"212","REPAIR BROKEN MAIN"
"2652704","07/18/2017","09:37","PM","07/19/2017","00:00",,"212","REPAIR BROKEN MAIN"
"2652710","07/18/2017","10:37","PM","07/19/2017","00:00",,"212","REPAIR BROKEN MAIN"
"2652144","07/14/2017","03:31","PM","07/15/2017","00:00",,"212","REPAIR BROKEN MAIN"
"2651794","07/13/2017","08:10","AM","07/13/2017","00:00",,"212","REPAIR BROKEN MAIN"
"2651912","07/13/2017","03:46","PM","07/14/2017","00:00",,"212","REPAIR BROKEN MAIN"
"2651654","07/12/2017","03:09","PM","07/12/2017","00:00",,"212","REPAIR BROKEN MAIN"
"2649129","07/10/2017","09:15","AM","07/11/2017","00:00",,"212","REPAIR BROKEN MAIN"
"2649061","07/09/2017","03:17","PM","07/10/2017","00:00",,"212","REPAIR BROKEN MAIN"
"2648835","07/07/2017","04:57","AM","07/07/2017","00:00",,"212","REPAIR BROKEN MAIN"
"2648857","07/07/2017","09:17","AM","07/07/2017","00:00",,"212","REPAIR BROKEN MAIN"
"2648978","07/07/2017","05:50","PM","07/08/2017","00:00",,"212","REPAIR BROKEN MAIN"
"2647266","07/05/2017","01:30","AM","07/05/2017","00:00",,"212","REPAIR BROKEN MAIN"
"2647334","07/05/2017","10:53","AM","07/05/2017","00:00",,"212","REPAIR BROKEN MAIN"
"2647344","07/05/2017","11:13","AM","07/06/2017","00:00",,"212","REPAIR BROKEN MAIN"
"2647066","07/01/2017","09:56","PM","07/02/2017","00:00",,"212","REPAIR BROKEN MAIN"
"2647069","07/01/2017","11:18","PM","07/04/2017","00:00",,"212","REPAIR BROKEN MAIN"
"2646964","06/30/2017","12:52","PM","06/30/2017","00:00",,"212","REPAIR BROKEN MAIN"
"2646750","06/29/2017","04:59","PM","07/05/2017","00:00",,"212","REPAIR BROKEN MAIN"
"2646304","06/28/2017","05:20","AM","06/28/2017","00:00",,"212","REPAIR BROKEN MAIN"
"2646130","06/27/2017","08:03","AM","06/27/2017","00:00",,"212","REPAIR BROKEN MAIN"
"2645879","06/26/2017","09:04","AM","06/26/2017","00:00",,"212","REPAIR BROKEN MAIN"
"2645825","06/25/2017","10:12","PM","06/26/2017","00:00",,"212","REPAIR BROKEN MAIN"
"2645740","06/24/2017","07:43","AM","07/03/2017","00:00",,"212","REPAIR BROKEN MAIN"
"2645502","06/23/2017","08:31","AM","06/23/2017","00:00",,"212","REPAIR BROKEN MAIN"
"2645710","06/23/2017","09:01","PM","06/23/2017","00:00",,"212","REPAIR BROKEN MAIN"
"2645230","06/22/2017","01:58","PM","07/03/2017","00:00",,"212","REPAIR BROKEN MAIN"
"2645349","06/22/2017","05:42","PM","06/23/2017","00:00",,"212","REPAIR BROKEN MAIN"
"2644776","06/21/2017","12:33","AM","06/21/2017","00:00",,"212","REPAIR BROKEN MAIN"
"2645013","06/21/2017","04:15","PM","06/22/2017","00:00",,"212","REPAIR BROKEN MAIN"
"2644750","06/20/2017","05:05","PM","06/21/2017","00:00",,"212","REPAIR BROKEN MAIN"
"2644322","06/18/2017","08:31","AM","06/19/2017","00:00",,"212","REPAIR BROKEN MAIN"
"2644270","06/17/2017","08:00","AM","06/17/2017","00:00",,"212","REPAIR BROKEN MAIN"
"2644306","06/17/2017","04:57","PM","06/18/2017","00:00",,"212","REPAIR BROKEN MAIN"
"2644050","06/16/2017","04:09","AM","06/28/2017","00:00",,"212","REPAIR BROKEN MAIN"
"2643054","06/13/2017","02:21","AM","06/13/2017","00:00",,"212","REPAIR BROKEN MAIN"
"2643305","06/13/2017","01:07","PM","06/16/2017","00:00",,"212","REPAIR BROKEN MAIN"
"2643504","06/13/2017","10:49","PM","06/14/2017","00:00",,"212","REPAIR BROKEN MAIN"
"2640417","06/09/2017","12:18","PM","06/09/2017","00:00",,"212","REPAIR BROKEN MAIN"
"2640539","06/09/2017","06:17","PM","06/10/2017","00:00",,"212","REPAIR BROKEN MAIN"
"2640029","06/08/2017","12:49","AM","06/08/2017","00:00",,"212","REPAIR BROKEN MAIN"
"2640224","06/08/2017","04:29","PM","06/08/2017","00:00",,"212","REPAIR BROKEN MAIN"
"2640015","06/07/2017","07:34","PM","06/08/2017","00:00",,"212","REPAIR BROKEN MAIN"
"2639858","06/06/2017","11:24","PM","06/07/2017","00:00",,"212","REPAIR BROKEN MAIN"
"2639409","06/04/2017","07:22","PM","07/03/2017","00:00",,"212","REPAIR BROKEN MAIN"
"2639349","06/03/2017","10:54","AM","06/03/2017","00:00",,"212","REPAIR BROKEN MAIN"
"2639147","06/02/2017","06:15","AM","06/02/2017","00:00",,"212","REPAIR BROKEN MAIN"
"2639325","06/02/2017","08:43","PM","06/03/2017","00:00",,"212","REPAIR BROKEN MAIN"
"2637889","06/01/2017","04:11","PM","06/01/2017","00:00",,"212","REPAIR BROKEN MAIN"
"2637575","05/31/2017","02:54","AM","05/31/2017","00:00",,"212","REPAIR BROKEN MAIN"
"2637114","05/26/2017","07:06","AM","05/27/2017","00:00",,"212","REPAIR BROKEN MAIN"
"2636987","05/25/2017","12:36","PM","05/25/2017","00:00",,"212","REPAIR BROKEN MAIN"
"2636996","05/25/2017","12:58","PM","05/25/2017","00:00",,"212","REPAIR BROKEN MAIN"
"2636710","05/24/2017","07:06","AM","05/24/2017","00:00",,"212","REPAIR BROKEN MAIN"
"2636747","05/24/2017","09:03","AM","05/24/2017","00:00",,"212","REPAIR BROKEN MAIN"
"2636700","05/23/2017","08:36","PM","05/24/2017","00:00",,"212","REPAIR BROKEN MAIN"
"2636000","05/20/2017","09:07","AM","05/20/2017","00:00",,"212","REPAIR BROKEN MAIN"
"2635761","05/18/2017","03:40","PM","06/15/2017","00:00",,"212","REPAIR BROKEN MAIN"
"2635490","05/17/2017","01:26","PM","05/17/2017","00:00",,"212","REPAIR BROKEN MAIN"
"2634818","05/15/2017","02:10","AM","05/15/2017","00:00",,"212","REPAIR BROKEN MAIN"
"2634934","05/15/2017","11:44","AM","05/15/2017","00:00",,"212","REPAIR BROKEN MAIN"
"2635053","05/15/2017","02:00","PM","05/15/2017","00:00",,"212","REPAIR BROKEN MAIN"
"2634795","05/14/2017","02:11","PM","05/15/2017","00:00",,"212","REPAIR BROKEN MAIN"
"2634806","05/14/2017","06:09","PM","05/15/2017","00:00",,"212","REPAIR BROKEN MAIN"
"2634723","05/13/2017","03:54","AM","05/13/2017","00:00",,"212","REPAIR BROKEN MAIN"
"2634266","05/10/2017","06:27","PM","05/17/2017","00:00",,"212","REPAIR BROKEN MAIN"
"2632159","05/07/2017","07:59","PM","05/08/2017","00:00",,"212","REPAIR BROKEN MAIN"
"2631875","05/05/2017","12:05","AM","05/05/2017","00:00",,"212","REPAIR BROKEN MAIN"
"2630426","05/04/2017","04:12","AM","05/05/2017","00:00",,"212","REPAIR BROKEN MAIN"
"2630481","05/04/2017","08:36","AM","05/04/2017","00:00",,"212","REPAIR BROKEN MAIN"
"2630534","05/04/2017","10:42","AM","05/08/2017","00:00",,"212","REPAIR BROKEN MAIN"
"2630564","05/04/2017","12:27","PM","05/04/2017","00:00",,"212","REPAIR BROKEN MAIN"
"2630571","05/04/2017","01:13","PM","05/04/2017","00:00",,"212","REPAIR BROKEN MAIN"
"2630688","05/04/2017","08:48","PM","05/04/2017","00:00",,"212","REPAIR BROKEN MAIN"
"2630694","05/04/2017","10:39","PM","05/04/2017","00:00",,"212","REPAIR BROKEN MAIN"
"2630695","05/04/2017","10:50","PM","05/04/2017","00:00",,"212","REPAIR BROKEN MAIN"
"2630207","05/03/2017","07:04","AM","05/03/2017","00:00",,"212","REPAIR BROKEN MAIN"
"2630311","05/03/2017","12:31","PM","05/08/2017","00:00",,"212","REPAIR BROKEN MAIN"
"2630376","05/03/2017","03:56","PM","05/08/2017","00:00",,"212","REPAIR BROKEN MAIN"
"2630400","05/03/2017","06:00","PM","05/04/2017","00:00",,"212","REPAIR BROKEN MAIN"
"2630403","05/03/2017","06:40","PM","05/05/2017","00:00",,"212","REPAIR BROKEN MAIN"
"2630014","05/02/2017","10:10","AM","05/02/2017","00:00",,"212","REPAIR BROKEN MAIN"
"2630179","05/02/2017","09:46","PM","05/03/2017","00:00",,"212","REPAIR BROKEN MAIN"
"2630194","05/02/2017","11:15","PM","05/08/2017","00:00",,"212","REPAIR BROKEN MAIN"
"2626931","04/28/2017","09:56","PM","05/01/2017","00:00",,"212","REPAIR BROKEN MAIN"
"2626490","04/27/2017","06:04","AM","04/28/2017","00:00",,"212","REPAIR BROKEN MAIN"
"2626708","04/27/2017","11:06","PM","04/28/2017","00:00",,"212","REPAIR BROKEN MAIN"
"2626484","04/26/2017","09:49","PM","04/27/2017","00:00",,"212","REPAIR BROKEN MAIN"
"2626159","04/24/2017","04:38","PM","04/26/2017","00:00",,"212","REPAIR BROKEN MAIN"
"2625914","04/23/2017","01:52","AM","04/23/2017","00:00",,"212","REPAIR BROKEN MAIN"
"2625718","04/21/2017","07:56","AM","04/24/2017","00:00",,"212","REPAIR BROKEN MAIN"
"2625354","04/19/2017","12:49","PM","04/20/2017","00:00",,"212","REPAIR BROKEN MAIN"
"2624765","04/17/2017","04:51","AM","04/18/2017","00:00",,"212","REPAIR BROKEN MAIN"
"2624973","04/17/2017","05:12","PM","04/17/2017","00:00",,"212","REPAIR BROKEN MAIN"
"2624681","04/15/2017","08:27","AM","04/15/2017","00:00",,"212","REPAIR BROKEN MAIN"
"2624731","04/15/2017","10:05","PM","04/16/2017","00:00",,"212","REPAIR BROKEN MAIN"
"2624519","04/14/2017","09:13","AM","04/14/2017","00:00",,"212","REPAIR BROKEN MAIN"
"2622385","04/11/2017","11:10","AM","04/12/2017","00:00",,"212","REPAIR BROKEN MAIN"
"2622163","04/10/2017","01:50","PM","04/11/2017","00:00",,"212","REPAIR BROKEN MAIN"
"2621309","04/07/2017","07:10","AM","04/07/2017","00:00",,"212","REPAIR BROKEN MAIN"
"2621121","04/06/2017","04:41","AM","04/08/2017","00:00",,"212","REPAIR BROKEN MAIN"
"2621224","04/06/2017","02:37","PM","04/07/2017","00:00",,"212","REPAIR BROKEN MAIN"
"2621265","04/06/2017","05:27","PM","04/07/2017","00:00",,"212","REPAIR BROKEN MAIN"
"2621284","04/06/2017","09:39","PM","04/07/2017","00:00",,"212","REPAIR BROKEN MAIN"
"2620935","04/05/2017","08:01","AM","04/11/2017","00:00",,"212","REPAIR BROKEN MAIN"
"2621092","04/05/2017","06:21","PM","04/06/2017","00:00",,"212","REPAIR BROKEN MAIN"
"2620549","04/04/2017","06:21","PM","04/04/2017","00:00",,"212","REPAIR BROKEN MAIN"
"2620919","04/04/2017","10:45","PM","04/05/2017","00:00",,"212","REPAIR BROKEN MAIN"
"2618797","04/03/2017","07:39","PM","04/04/2017","00:00",,"212","REPAIR BROKEN MAIN"
"2618464","04/02/2017","11:03","AM","04/10/2017","00:00",,"212","REPAIR BROKEN MAIN"
"2618435","04/01/2017","12:17","PM","04/04/2017","00:00",,"212","REPAIR BROKEN MAIN"
"2618319","03/31/2017","10:17","AM","04/04/2017","00:00",,"212","REPAIR BROKEN MAIN"
"2618176","03/30/2017","01:10","PM","03/31/2017","00:00",,"212","REPAIR BROKEN MAIN"
"2618254","03/30/2017","10:46","PM","03/31/2017","00:00",,"212","REPAIR BROKEN MAIN"
"2617762","03/28/2017","01:25","PM","03/29/2017","00:00",,"212","REPAIR BROKEN MAIN"
"2617330","03/25/2017","05:03","PM","03/27/2017","00:00",,"212","REPAIR BROKEN MAIN"
"2617340","03/25/2017","06:35","PM","03/27/2017","00:00",,"212","REPAIR BROKEN MAIN"
"2617296","03/24/2017","09:53","PM","03/28/2017","00:00",,"212","REPAIR BROKEN MAIN"
"2617010","03/23/2017","03:38","PM","03/31/2017","00:00",,"212","REPAIR BROKEN MAIN"
"2617034","03/23/2017","05:04","PM","03/23/2017","00:00",,"212","REPAIR BROKEN MAIN"
"2617036","03/23/2017","05:35","PM","03/24/2017","00:00",,"212","REPAIR BROKEN MAIN"
"2616673","03/22/2017","12:10","AM","03/22/2017","00:00",,"212","REPAIR BROKEN MAIN"
"2616101","03/21/2017","10:30","AM","03/21/2017","00:00",,"212","REPAIR BROKEN MAIN"
"2616232","03/21/2017","05:03","PM","03/22/2017","00:00",,"212","REPAIR BROKEN MAIN"
"2616663","03/21/2017","09:08","PM","03/22/2017","00:00",,"212","REPAIR BROKEN MAIN"
"2615557","03/20/2017","08:54","AM","03/20/2017","00:00",,"212","REPAIR BROKEN MAIN"
"2615596","03/20/2017","10:09","AM","03/21/2017","00:00",,"212","REPAIR BROKEN MAIN"
"2615647","03/20/2017","12:18","PM","03/21/2017","00:00",,"212","REPAIR BROKEN MAIN"
"2615416","03/18/2017","09:54","AM","03/18/2017","00:00",,"212","REPAIR BROKEN MAIN"
"2615417","03/18/2017","10:01","AM","03/18/2017","00:00",,"212","REPAIR BROKEN MAIN"
"2615422","03/18/2017","11:31","AM","03/18/2017","00:00",,"212","REPAIR BROKEN MAIN"
"2615437","03/18/2017","03:10","PM","03/18/2017","00:00",,"212","REPAIR BROKEN MAIN"
"2615151","03/17/2017","05:05","AM","03/22/2017","00:00",,"212","REPAIR BROKEN MAIN"
"2615203","03/17/2017","10:08","AM","03/18/2017","00:00",,"212","REPAIR BROKEN MAIN"
"2615220","03/17/2017","10:25","AM","03/18/2017","00:00",,"212","REPAIR BROKEN MAIN"
"2615317","03/17/2017","04:10","PM","03/20/2017","00:00",,"212","REPAIR BROKEN MAIN"
"2615401","03/17/2017","09:19","PM","03/20/2017","00:00",,"212","REPAIR BROKEN MAIN"
"2613565","03/16/2017","01:53","AM","03/16/2017","00:00",,"212","REPAIR BROKEN MAIN"
"2613598","03/16/2017","08:58","AM","03/21/2017","00:00",,"212","REPAIR BROKEN MAIN"
"2613620","03/16/2017","10:25","AM","03/17/2017","00:00",,"212","REPAIR BROKEN MAIN"
"2613713","03/16/2017","05:58","PM","03/17/2017","00:00",,"212","REPAIR BROKEN MAIN"
"2613722","03/16/2017","06:13","PM","03/17/2017","00:00",,"212","REPAIR BROKEN MAIN"
"2613496","03/15/2017","11:57","AM","03/15/2017","00:00",,"212","REPAIR BROKEN MAIN"
"2613504","03/15/2017","12:58","PM","03/16/2017","00:00",,"212","REPAIR BROKEN MAIN"
"2613556","03/15/2017","08:47","PM","03/16/2017","00:00",,"212","REPAIR BROKEN MAIN"
"2613151","03/13/2017","09:02","AM","03/13/2017","00:00",,"212","REPAIR BROKEN MAIN"
"2613201","03/13/2017","11:19","AM","03/13/2017","00:00",,"212","REPAIR BROKEN MAIN"
"2613310","03/13/2017","05:57","PM","03/14/2017","00:00",,"212","REPAIR BROKEN MAIN"
"2613073","03/11/2017","12:23","PM","03/11/2017","00:00",,"212","REPAIR BROKEN MAIN"
"2613104","03/11/2017","10:51","PM","03/13/2017","00:00",,"212","REPAIR BROKEN MAIN"
"2612920","03/10/2017","08:48","AM","03/13/2017","00:00",,"212","REPAIR BROKEN MAIN"
"2612630","03/09/2017","01:21","AM","03/09/2017","00:00",,"212","REPAIR BROKEN MAIN"
"2612618","03/08/2017","07:07","PM","03/10/2017","00:00",,"212","REPAIR BROKEN MAIN"
"2612054","03/06/2017","07:07","AM","03/06/2017","00:00",,"212","REPAIR BROKEN MAIN"
"2612020","03/05/2017","08:48","AM","03/05/2017","00:00",,"212","REPAIR BROKEN MAIN"
"2611983","03/04/2017","08:26","AM","03/04/2017","00:00",,"212","REPAIR BROKEN MAIN"
"2611531","03/03/2017","10:04","AM","03/03/2017","00:00",,"212","REPAIR BROKEN MAIN"
"2611310","03/02/2017","10:18","AM","03/03/2017","00:00",,"212","REPAIR BROKEN MAIN"
"2609241","02/27/2017","11:18","AM","02/28/2017","00:00",,"212","REPAIR BROKEN MAIN"
"2608864","02/24/2017","06:30","AM","03/03/2017","00:00",,"212","REPAIR BROKEN MAIN"
"2608573","02/23/2017","06:09","AM","02/23/2017","00:00",,"212","REPAIR BROKEN MAIN"
"2608635","02/23/2017","09:41","AM","02/24/2017","00:00",,"212","REPAIR BROKEN MAIN"
"2608492","02/22/2017","01:42","PM","02/23/2017","00:00",,"212","REPAIR BROKEN MAIN"
"2608494","02/22/2017","01:47","PM","02/23/2017","00:00",,"212","REPAIR BROKEN MAIN"
"2608549","02/22/2017","05:43","PM","02/22/2017","00:00",,"212","REPAIR BROKEN MAIN"
"2608193","02/21/2017","09:55","AM","02/23/2017","00:00",,"212","REPAIR BROKEN MAIN"
"2608369","02/21/2017","09:57","PM","02/22/2017","00:00",,"212","REPAIR BROKEN MAIN"
"2608058","02/20/2017","09:59","AM","02/20/2017","00:00",,"212","REPAIR BROKEN MAIN"
"2607999","02/19/2017","09:33","AM","02/19/2017","00:00",,"212","REPAIR BROKEN MAIN"
"2607932","02/18/2017","02:04","AM","02/22/2017","00:00",,"212","REPAIR BROKEN MAIN"
"2607937","02/18/2017","07:28","AM","02/18/2017","00:00",,"212","REPAIR BROKEN MAIN"
"2607948","02/18/2017","10:50","AM","02/21/2017","00:00",,"212","REPAIR BROKEN MAIN"
"2607614","02/16/2017","07:06","PM","02/17/2017","00:00",,"212","REPAIR BROKEN MAIN"
"2607615","02/16/2017","07:30","PM","02/17/2017","00:00",,"212","REPAIR BROKEN MAIN"
"2607712","02/16/2017","08:41","PM","02/17/2017","00:00",,"212","REPAIR BROKEN MAIN"
"2607169","02/15/2017","06:02","AM","02/15/2017","00:00",,"212","REPAIR BROKEN MAIN"
"2606163","02/14/2017","07:10","PM","02/15/2017","00:00",,"212","REPAIR BROKEN MAIN"
"2605647","02/13/2017","09:00","AM","02/14/2017","00:00",,"212","REPAIR BROKEN MAIN"
"2605652","02/13/2017","09:12","AM","02/13/2017","00:00",,"212","REPAIR BROKEN MAIN"
"2605738","02/13/2017","12:18","PM","02/13/2017","00:00",,"212","REPAIR BROKEN MAIN"
"2605856","02/13/2017","06:59","PM","02/14/2017","00:00",,"212","REPAIR BROKEN MAIN"
"2605994","02/13/2017","08:40","PM","02/15/2017","00:00",,"212","REPAIR BROKEN MAIN"
"2605588","02/12/2017","03:01","PM","02/13/2017","00:00",,"212","REPAIR BROKEN MAIN"
"2605549","02/11/2017","04:20","PM","02/11/2017","00:00",,"212","REPAIR BROKEN MAIN"
"2605351","02/10/2017","08:49","AM","02/10/2017","00:00",,"212","REPAIR BROKEN MAIN"
"2605448","02/10/2017","02:41","PM","02/10/2017","00:00",,"212","REPAIR BROKEN MAIN"
"2605508","02/10/2017","10:32","PM","02/11/2017","00:00",,"212","REPAIR BROKEN MAIN"
"2605510","02/10/2017","10:37","PM","02/11/2017","00:00",,"212","REPAIR BROKEN MAIN"
"2605199","02/09/2017","01:45","PM","02/10/2017","00:00",,"212","REPAIR BROKEN MAIN"
"2605276","02/09/2017","08:49","PM","02/15/2017","00:00",,"212","REPAIR BROKEN MAIN"
"2604946","02/08/2017","08:48","AM","02/08/2017","00:00",,"212","REPAIR BROKEN MAIN"
"2605080","02/08/2017","04:36","PM","02/09/2017","00:00",,"212","REPAIR BROKEN MAIN"
"2604687","02/07/2017","06:25","AM","02/23/2017","00:00",,"212","REPAIR BROKEN MAIN"
"2604714","02/07/2017","08:28","AM","02/07/2017","00:00",,"212","REPAIR BROKEN MAIN"
"2604726","02/07/2017","09:07","AM","02/08/2017","00:00",,"212","REPAIR BROKEN MAIN"
"2604755","02/07/2017","10:38","AM","02/07/2017","00:00",,"212","REPAIR BROKEN MAIN"
"2604764","02/07/2017","11:00","AM","02/07/2017","00:00",,"212","REPAIR BROKEN MAIN"
"2604845","02/07/2017","04:00","PM","02/09/2017","00:00",,"212","REPAIR BROKEN MAIN"
"2604878","02/07/2017","06:59","PM","02/08/2017","00:00",,"212","REPAIR BROKEN MAIN"
"2604895","02/07/2017","11:34","PM","02/08/2017","00:00",,"212","REPAIR BROKEN MAIN"
"2604447","02/06/2017","06:38","AM","02/07/2017","00:00",,"212","REPAIR BROKEN MAIN"
"2604487","02/06/2017","08:40","AM","02/06/2017","00:00",,"212","REPAIR BROKEN MAIN"
"2604503","02/06/2017","09:22","AM","02/07/2017","00:00",,"212","REPAIR BROKEN MAIN"
"2604562","02/06/2017","12:28","PM","02/07/2017","00:00",,"212","REPAIR BROKEN MAIN"
"2604575","02/06/2017","01:04","PM","02/06/2017","00:00",,"212","REPAIR BROKEN MAIN"
"2604650","02/06/2017","04:53","PM","02/07/2017","00:00",,"212","REPAIR BROKEN MAIN"
"2604661","02/06/2017","05:34","PM","02/07/2017","00:00",,"212","REPAIR BROKEN MAIN"
"2604673","02/06/2017","07:49","PM","02/07/2017","00:00",,"212","REPAIR BROKEN MAIN"
"2604682","02/06/2017","10:37","PM","02/22/2017","00:00",,"212","REPAIR BROKEN MAIN"
"2604411","02/05/2017","06:22","AM","02/05/2017","00:00",,"212","REPAIR BROKEN MAIN"
"2604439","02/05/2017","04:25","PM","02/06/2017","00:00",,"212","REPAIR BROKEN MAIN"
"2604346","02/04/2017","01:12","AM","02/04/2017","00:00",,"212","REPAIR BROKEN MAIN"
"2604350","02/04/2017","06:45","AM","02/04/2017","00:00",,"212","REPAIR BROKEN MAIN"
"2604365","02/04/2017","10:03","AM","02/15/2017","00:00",,"212","REPAIR BROKEN MAIN"
"2604367","02/04/2017","10:29","AM","02/06/2017","00:00",,"212","REPAIR BROKEN MAIN"
"2604375","02/04/2017","12:00","AM","02/09/2017","00:00",,"212","REPAIR BROKEN MAIN"
"2604402","02/04/2017","06:00","PM","02/05/2017","00:00",,"212","REPAIR BROKEN MAIN"
"2604219","02/03/2017","11:42","AM","02/03/2017","00:00",,"212","REPAIR BROKEN MAIN"
"2604240","02/03/2017","01:31","PM","02/07/2017","00:00",,"212","REPAIR BROKEN MAIN"
"2604279","02/03/2017","03:13","PM","02/03/2017","00:00",,"212","REPAIR BROKEN MAIN"
"2604322","02/03/2017","06:41","PM","02/05/2017","00:00",,"212","REPAIR BROKEN MAIN"
"2604336","02/03/2017","08:39","PM","02/03/2017","00:00",,"212","REPAIR BROKEN MAIN"
"2604338","02/03/2017","08:53","PM","02/04/2017","00:00",,"212","REPAIR BROKEN MAIN"
"2604018","02/02/2017","01:33","PM","02/03/2017","00:00",,"212","REPAIR BROKEN MAIN"
"2604072","02/02/2017","04:11","PM","02/02/2017","00:00",,"212","REPAIR BROKEN MAIN"
"2602996","02/01/2017","08:44","AM","02/01/2017","00:00",,"212","REPAIR BROKEN MAIN"
"2603069","02/01/2017","12:35","PM","02/02/2017","00:00",,"212","REPAIR BROKEN MAIN"
"2603160","02/01/2017","04:11","PM","02/02/2017","00:00",,"212","REPAIR BROKEN MAIN"
"2602568","01/30/2017","10:49","AM","01/30/2017","00:00",,"212","REPAIR BROKEN MAIN"
"2602624","01/30/2017","01:44","PM","01/31/2017","00:00",,"212","REPAIR BROKEN MAIN"
"2602684","01/30/2017","03:22","PM","01/30/2017","00:00",,"212","REPAIR BROKEN MAIN"
"2602421","01/28/2017","01:40","AM","01/28/2017","00:00",,"212","REPAIR BROKEN MAIN"
"2602455","01/28/2017","04:51","PM","02/02/2017","00:00",,"212","REPAIR BROKEN MAIN"
"2602464","01/28/2017","06:10","PM","01/28/2017","00:00",,"212","REPAIR BROKEN MAIN"
"2602467","01/28/2017","06:37","PM","01/30/2017","00:00",,"212","REPAIR BROKEN MAIN"
"2602361","01/27/2017","02:51","PM","01/31/2017","00:00",,"212","REPAIR BROKEN MAIN"
"2602394","01/27/2017","05:18","PM","02/09/2017","00:00",,"212","REPAIR BROKEN MAIN"
"2602026","01/26/2017","08:40","AM","02/16/2017","00:00",,"212","REPAIR BROKEN MAIN"
"2602159","01/26/2017","04:25","PM","01/27/2017","00:00",,"212","REPAIR BROKEN MAIN"
"2601753","01/25/2017","04:41","AM","01/25/2017","00:00",,"212","REPAIR BROKEN MAIN"
"2601822","01/25/2017","10:57","AM","01/25/2017","00:00",,"212","REPAIR BROKEN MAIN"
"2601903","01/25/2017","03:18","PM","01/26/2017","00:00",,"212","REPAIR BROKEN MAIN"
"2601939","01/25/2017","05:57","PM","01/25/2017","00:00",,"212","REPAIR BROKEN MAIN"
"2601974","01/25/2017","09:51","PM","01/26/2017","00:00",,"212","REPAIR BROKEN MAIN"
"2601977","01/25/2017","10:16","PM","01/26/2017","00:00",,"212","REPAIR BROKEN MAIN"
"2601532","01/24/2017","06:05","AM","01/24/2017","00:00",,"212","REPAIR BROKEN MAIN"
"2601690","01/24/2017","02:43","PM","01/30/2017","00:00",,"212","REPAIR BROKEN MAIN"
"2601738","01/24/2017","06:42","PM","01/25/2017","00:00",,"212","REPAIR BROKEN MAIN"
"2601356","01/23/2017","02:48","AM","01/31/2017","00:00",,"212","REPAIR BROKEN MAIN"
"2601317","01/22/2017","09:55","AM","02/02/2017","00:00",,"212","REPAIR BROKEN MAIN"
"2601221","01/20/2017","09:40","AM","01/20/2017","00:00",,"212","REPAIR BROKEN MAIN"
"2601243","01/20/2017","12:45","PM","01/20/2017","00:00",,"212","REPAIR BROKEN MAIN"
"2600928","01/19/2017","03:58","AM","01/25/2017","00:00",,"212","REPAIR BROKEN MAIN"
"2600974","01/19/2017","09:27","AM","01/19/2017","00:00",,"212","REPAIR BROKEN MAIN"
"2601121","01/19/2017","04:04","PM","01/20/2017","00:00",,"212","REPAIR BROKEN MAIN"
"2600601","01/18/2017","06:43","AM","01/18/2017","00:00",,"212","REPAIR BROKEN MAIN"
"2600630","01/18/2017","08:36","AM","01/18/2017","00:00",,"212","REPAIR BROKEN MAIN"
"2600376","01/17/2017","08:47","AM","01/17/2017","00:00",,"212","REPAIR BROKEN MAIN"
"2600432","01/17/2017","11:21","AM","01/18/2017","00:00",,"212","REPAIR BROKEN MAIN"
"2600592","01/17/2017","08:38","PM","01/19/2017","00:00",,"212","REPAIR BROKEN MAIN"
"2600246","01/16/2017","12:21","AM","01/18/2017","00:00",,"212","REPAIR BROKEN MAIN"
"2600252","01/16/2017","09:01","AM","01/17/2017","00:00",,"212","REPAIR BROKEN MAIN"
"2600203","01/15/2017","10:22","AM","01/18/2017","00:00",,"212","REPAIR BROKEN MAIN"
"2600207","01/15/2017","12:09","PM","01/15/2017","00:00",,"212","REPAIR BROKEN MAIN"
"2600232","01/15/2017","04:45","PM","01/15/2017","00:00",,"212","REPAIR BROKEN MAIN"
"2600235","01/15/2017","06:48","PM","02/06/2017","00:00",,"212","REPAIR BROKEN MAIN"
"2600239","01/15/2017","09:35","PM","01/17/2017","00:00",,"212","REPAIR BROKEN MAIN"
"2600145","01/14/2017","12:18","AM","01/17/2017","00:00",,"212","REPAIR BROKEN MAIN"
"2600146","01/14/2017","12:28","AM","01/17/2017","00:00",,"212","REPAIR BROKEN MAIN"
"2600147","01/14/2017","12:54","AM","01/15/2017","00:00",,"212","REPAIR BROKEN MAIN"
"2600175","01/14/2017","11:56","AM","01/14/2017","00:00",,"212","REPAIR BROKEN MAIN"
"2600184","01/14/2017","01:54","PM","01/15/2017","00:00",,"212","REPAIR BROKEN MAIN"
"2599877","01/13/2017","12:03","AM","01/13/2017","00:00",,"212","REPAIR BROKEN MAIN"
"2599880","01/13/2017","12:21","AM","01/13/2017","00:00",,"212","REPAIR BROKEN MAIN"
"2599889","01/13/2017","05:49","AM","01/18/2017","00:00",,"212","REPAIR BROKEN MAIN"
"2599890","01/13/2017","06:18","AM","01/13/2017","00:00",,"212","REPAIR BROKEN MAIN"
"2599960","01/13/2017","09:11","AM","02/01/2017","00:00",,"212","REPAIR BROKEN MAIN"
"2599967","01/13/2017","09:45","AM","01/15/2017","00:00",,"212","REPAIR BROKEN MAIN"
"2599978","01/13/2017","10:06","AM","02/08/2017","00:00",,"212","REPAIR BROKEN MAIN"
"2600003","01/13/2017","11:11","AM","01/13/2017","00:00",,"212","REPAIR BROKEN MAIN"
"2600014","01/13/2017","11:23","AM","01/13/2017","00:00",,"212","REPAIR BROKEN MAIN"
"2600047","01/13/2017","01:15","PM","01/24/2017","00:00",,"212","REPAIR BROKEN MAIN"
"2600049","01/13/2017","01:21","PM","01/14/2017","00:00",,"212","REPAIR BROKEN MAIN"
"2600078","01/13/2017","02:41","PM","01/14/2017","00:00",,"212","REPAIR BROKEN MAIN"
"2599445","01/12/2017","01:24","AM","01/12/2017","00:00",,"212","REPAIR BROKEN MAIN"
"2599498","01/12/2017","08:40","AM","01/12/2017","00:00",,"212","REPAIR BROKEN MAIN"
"2599540","01/12/2017","10:24","AM","01/13/2017","00:00",,"212","REPAIR BROKEN MAIN"
"2599541","01/12/2017","10:25","AM","01/13/2017","00:00",,"212","REPAIR BROKEN MAIN"
"2599568","01/12/2017","11:18","AM","01/17/2017","00:00",,"212","REPAIR BROKEN MAIN"
"2599579","01/12/2017","11:36","AM","01/12/2017","00:00",,"212","REPAIR BROKEN MAIN"
"2599619","01/12/2017","01:04","PM","01/13/2017","00:00",,"212","REPAIR BROKEN MAIN"
"2599631","01/12/2017","01:39","PM","01/13/2017","00:00",,"212","REPAIR BROKEN MAIN"
"2599641","01/12/2017","02:15","PM","01/15/2017","00:00",,"212","REPAIR BROKEN MAIN"
"2599646","01/12/2017","02:22","PM","01/13/2017","00:00",,"212","REPAIR BROKEN MAIN"
"2599683","01/12/2017","03:24","PM","01/18/2017","00:00",,"212","REPAIR BROKEN MAIN"
"2599706","01/12/2017","04:48","PM","01/12/2017","00:00",,"212","REPAIR BROKEN MAIN"
"2599708","01/12/2017","04:56","PM","01/13/2017","00:00",,"212","REPAIR BROKEN MAIN"
"2599728","01/12/2017","05:49","PM","01/13/2017","00:00",,"212","REPAIR BROKEN MAIN"
"2599738","01/12/2017","06:59","PM","01/13/2017","00:00",,"212","REPAIR BROKEN MAIN"
"2599745","01/12/2017","07:20","PM","01/13/2017","00:00",,"212","REPAIR BROKEN MAIN"
"2599823","01/12/2017","08:59","PM","01/17/2017","00:00",,"212","REPAIR BROKEN MAIN"
"2599875","01/12/2017","11:52","PM","01/13/2017","00:00",,"212","REPAIR BROKEN MAIN"
"2597821","01/11/2017","06:01","AM","01/11/2017","00:00",,"212","REPAIR BROKEN MAIN"
"2597875","01/11/2017","09:03","AM","01/11/2017","00:00",,"212","REPAIR BROKEN MAIN"
"2597880","01/11/2017","09:15","AM","01/11/2017","00:00",,"212","REPAIR BROKEN MAIN"
"2597890","01/11/2017","09:37","AM","01/12/2017","00:00",,"212","REPAIR BROKEN MAIN"
"2597964","01/11/2017","12:22","PM","01/12/2017","00:00",,"212","REPAIR BROKEN MAIN"
"2597972","01/11/2017","12:56","PM","01/11/2017","00:00",,"212","REPAIR BROKEN MAIN"
"2597979","01/11/2017","01:12","PM","01/11/2017","00:00",,"212","REPAIR BROKEN MAIN"
"2597995","01/11/2017","01:52","PM","01/11/2017","00:00",,"212","REPAIR BROKEN MAIN"
"2598030","01/11/2017","03:08","PM","01/11/2017","00:00",,"212","REPAIR BROKEN MAIN"
"2598031","01/11/2017","03:09","PM","01/13/2017","00:00",,"212","REPAIR BROKEN MAIN"
"2598032","01/11/2017","03:10","PM","02/02/2017","00:00",,"212","REPAIR BROKEN MAIN"
"2598034","01/11/2017","03:16","PM","01/13/2017","00:00",,"212","REPAIR BROKEN MAIN"
"2598035","01/11/2017","03:22","PM","01/12/2017","00:00",,"212","REPAIR BROKEN MAIN"
"2598045","01/11/2017","04:09","PM","01/12/2017","00:00",,"212","REPAIR BROKEN MAIN"
"2598054","01/11/2017","04:35","PM","01/11/2017","00:00",,"212","REPAIR BROKEN MAIN"
"2598055","01/11/2017","04:48","PM","02/01/2017","00:00",,"212","REPAIR BROKEN MAIN"
"2598069","01/11/2017","04:59","PM","01/12/2017","00:00",,"212","REPAIR BROKEN MAIN"
"2598073","01/11/2017","04:00","PM","01/12/2017","00:00",,"212","REPAIR BROKEN MAIN"
"2598075","01/11/2017","05:13","PM","01/11/2017","00:00",,"212","REPAIR BROKEN MAIN"
"2598084","01/11/2017","05:40","PM","01/12/2017","00:00",,"212","REPAIR BROKEN MAIN"
"2598085","01/11/2017","05:42","PM","01/12/2017","00:00",,"212","REPAIR BROKEN MAIN"
"2598105","01/11/2017","06:47","PM","01/12/2017","00:00",,"212","REPAIR BROKEN MAIN"
"2599430","01/11/2017","10:40","PM","01/11/2017","00:00",,"212","REPAIR BROKEN MAIN"
"2599439","01/11/2017","11:08","PM","01/12/2017","00:00",,"212","REPAIR BROKEN MAIN"
"2597494","01/10/2017","12:17","AM","01/10/2017","00:00",,"212","REPAIR BROKEN MAIN"
"2597562","01/10/2017","09:33","AM","01/10/2017","00:00",,"212","REPAIR BROKEN MAIN"
"2597577","01/10/2017","10:07","AM","01/10/2017","00:00",,"212","REPAIR BROKEN MAIN"
"2597586","01/10/2017","08:00","AM","01/10/2017","00:00",,"212","REPAIR BROKEN MAIN"
"2597589","01/10/2017","10:30","AM","01/11/2017","00:00",,"212","REPAIR BROKEN MAIN"
"2597626","01/10/2017","11:36","AM","01/10/2017","00:00",,"212","REPAIR BROKEN MAIN"
"2597638","01/10/2017","11:55","AM","01/12/2017","00:00",,"212","REPAIR BROKEN MAIN"
"2597645","01/10/2017","12:09","PM","01/11/2017","00:00",,"212","REPAIR BROKEN MAIN"
"2597652","01/10/2017","12:31","PM","01/11/2017","00:00",,"212","REPAIR BROKEN MAIN"
"2597704","01/10/2017","02:23","PM","01/10/2017","00:00",,"212","REPAIR BROKEN MAIN"
"2597707","01/10/2017","02:28","PM","01/10/2017","00:00",,"212","REPAIR BROKEN MAIN"
"2597709","01/10/2017","02:38","PM","01/14/2017","00:00",,"212","REPAIR BROKEN MAIN"
"2597713","01/10/2017","02:42","PM","01/10/2017","00:00",,"212","REPAIR BROKEN MAIN"
"2597726","01/10/2017","03:12","PM","02/21/2017","00:00",,"212","REPAIR BROKEN MAIN"
"2597739","01/10/2017","04:04","PM","01/11/2017","00:00",,"212","REPAIR BROKEN MAIN"
"2597763","01/10/2017","05:57","PM","01/11/2017","00:00",,"212","REPAIR BROKEN MAIN"
"2597779","01/10/2017","07:26","PM","01/11/2017","00:00",,"212","REPAIR BROKEN MAIN"
"2597796","01/10/2017","09:10","PM","01/13/2017","00:00",,"212","REPAIR BROKEN MAIN"
"2597801","01/10/2017","09:57","PM","01/18/2017","00:00",,"212","REPAIR BROKEN MAIN"
"2597805","01/10/2017","10:15","PM","01/13/2017","00:00",,"212","REPAIR BROKEN MAIN"
"2597806","01/10/2017","10:26","PM","01/11/2017","00:00",,"212","REPAIR BROKEN MAIN"
"2597810","01/10/2017","10:59","PM","01/11/2017","00:00",,"212","REPAIR BROKEN MAIN"
"2597223","01/09/2017","12:29","AM","01/09/2017","00:00",,"212","REPAIR BROKEN MAIN"
"2597234","01/09/2017","05:46","AM","01/09/2017","00:00",,"212","REPAIR BROKEN MAIN"
"2597262","01/09/2017","08:18","AM","01/09/2017","00:00",,"212","REPAIR BROKEN MAIN"
"2597274","01/09/2017","08:50","AM","01/09/2017","00:00",,"212","REPAIR BROKEN MAIN"
"2597277","01/09/2017","08:57","AM","01/11/2017","00:00",,"212","REPAIR BROKEN MAIN"
"2597283","01/09/2017","09:04","AM","01/09/2017","00:00",,"212","REPAIR BROKEN MAIN"
"2597311","01/09/2017","10:01","AM","01/09/2017","00:00",,"212","REPAIR BROKEN MAIN"
"2597320","01/09/2017","10:20","AM","01/09/2017","00:00",,"212","REPAIR BROKEN MAIN"
"2597331","01/09/2017","10:57","AM","01/10/2017","00:00",,"212","REPAIR BROKEN MAIN"
"2597335","01/09/2017","11:01","AM","01/09/2017","00:00",,"212","REPAIR BROKEN MAIN"
"2597338","01/09/2017","11:14","AM","02/03/2017","00:00",,"212","REPAIR BROKEN MAIN"
"2597384","01/09/2017","01:19","PM","01/09/2017","00:00",,"212","REPAIR BROKEN MAIN"
"2597420","01/09/2017","04:16","PM","01/11/2017","00:00",,"212","REPAIR BROKEN MAIN"
"2597447","01/09/2017","05:13","PM","01/10/2017","00:00",,"212","REPAIR BROKEN MAIN"
"2597453","01/09/2017","05:08","PM","01/10/2017","00:00",,"212","REPAIR BROKEN MAIN"
"2597472","01/09/2017","05:45","PM","01/09/2017","00:00",,"212","REPAIR BROKEN MAIN"
"2597481","01/09/2017","08:33","PM","01/11/2017","00:00",,"212","REPAIR BROKEN MAIN"
"2597485","01/09/2017","08:47","PM","01/10/2017","00:00",,"212","REPAIR BROKEN MAIN"
"2597491","01/09/2017","11:02","PM","01/10/2017","00:00",,"212","REPAIR BROKEN MAIN"
"2597148","01/08/2017","07:42","AM","01/08/2017","00:00",,"212","REPAIR BROKEN MAIN"
"2597156","01/08/2017","09:30","AM","02/02/2017","00:00",,"212","REPAIR BROKEN MAIN"
"2597159","01/08/2017","10:02","AM","03/01/2017","00:00",,"212","REPAIR BROKEN MAIN"
"2597165","01/08/2017","10:45","AM","01/08/2017","00:00",,"212","REPAIR BROKEN MAIN"
"2597170","01/08/2017","11:48","AM","01/11/2017","00:00",,"212","REPAIR BROKEN MAIN"
"2597172","01/08/2017","11:57","AM","01/12/2017","00:00",,"212","REPAIR BROKEN MAIN"
"2597183","01/08/2017","02:18","PM","01/09/2017","00:00",,"212","REPAIR BROKEN MAIN"
"2597196","01/08/2017","03:37","PM","01/23/2017","00:00",,"212","REPAIR BROKEN MAIN"
"2597210","01/08/2017","06:21","PM","01/11/2017","00:00",,"212","REPAIR BROKEN MAIN"
"2597214","01/08/2017","07:58","PM","01/09/2017","00:00",,"212","REPAIR BROKEN MAIN"
"2597112","01/07/2017","12:47","AM","01/07/2017","00:00",,"212","REPAIR BROKEN MAIN"
"2597116","01/07/2017","02:13","AM","01/07/2017","00:00",,"212","REPAIR BROKEN MAIN"
"2597071","01/06/2017","02:45","PM","01/10/2017","00:00",,"212","REPAIR BROKEN MAIN"
"2596146","01/05/2017","08:42","AM","01/05/2017","00:00",,"212","REPAIR BROKEN MAIN"
"2596176","01/05/2017","10:34","AM","01/05/2017","00:00",,"212","REPAIR BROKEN MAIN"
"2596189","01/05/2017","11:49","AM","01/05/2017","00:00",,"212","REPAIR BROKEN MAIN"
"2596194","01/05/2017","12:07","PM","01/06/2017","00:00",,"212","REPAIR BROKEN MAIN"
"2596211","01/05/2017","01:12","PM","01/05/2017","00:00",,"212","REPAIR BROKEN MAIN"
"2596241","01/05/2017","02:44","PM","01/05/2017","00:00",,"212","REPAIR BROKEN MAIN"
"2596278","01/05/2017","05:03","PM","01/05/2017","00:00",,"212","REPAIR BROKEN MAIN"
"2596292","01/05/2017","07:38","PM","01/06/2017","00:00",,"212","REPAIR BROKEN MAIN"
"2595864","01/04/2017","04:35","AM","01/04/2017","00:00",,"212","REPAIR BROKEN MAIN"
"2595892","01/04/2017","08:26","AM","01/04/2017","00:00",,"212","REPAIR BROKEN MAIN"
"2595893","01/04/2017","08:28","AM","01/05/2017","00:00",,"212","REPAIR BROKEN MAIN"
"2595904","01/04/2017","08:57","AM","01/04/2017","00:00",,"212","REPAIR BROKEN MAIN"
"2595954","01/04/2017","11:22","AM","01/06/2017","00:00",,"212","REPAIR BROKEN MAIN"
"2595990","01/04/2017","01:33","PM","01/27/2017","00:00",,"212","REPAIR BROKEN MAIN"
"2596001","01/04/2017","02:04","PM","01/05/2017","00:00",,"212","REPAIR BROKEN MAIN"
"2596085","01/04/2017","06:23","PM","01/05/2017","00:00",,"212","REPAIR BROKEN MAIN"
"2596100","01/04/2017","07:33","PM","01/05/2017","00:00",,"212","REPAIR BROKEN MAIN"
"2596111","01/04/2017","09:26","PM","01/06/2017","00:00",,"212","REPAIR BROKEN MAIN"
"2595385","01/02/2017","12:42","AM","01/02/2017","00:00",,"212","REPAIR BROKEN MAIN"
"2595386","01/02/2017","07:07","AM","01/02/2017","00:00",,"212","REPAIR BROKEN MAIN"
"2595357","01/01/2017","10:45","AM","01/01/2017","00:00",,"212","REPAIR BROKEN MAIN"
"2595365","01/01/2017","01:30","PM","01/04/2017","00:00",,"212","REPAIR BROKEN MAIN"
"2595383","01/01/2017","09:59","PM","01/02/2017","00:00",,"212","REPAIR BROKEN MAIN"
"2595285","12/31/2016","12:24","AM","12/31/2016","00:00",,"212","REPAIR BROKEN MAIN"
"2595293","12/31/2016","09:11","AM","12/31/2016","00:00",,"212","REPAIR BROKEN MAIN"
"2595300","12/31/2016","10:09","AM","01/01/2017","00:00",,"212","REPAIR BROKEN MAIN"
"2595305","12/31/2016","10:56","AM","01/04/2017","00:00",,"212","REPAIR BROKEN MAIN"
"2595091","12/30/2016","07:00","AM","12/30/2016","00:00",,"212","REPAIR BROKEN MAIN"
"2595141","12/30/2016","10:12","AM","12/30/2016","00:00",,"212","REPAIR BROKEN MAIN"
"2595156","12/30/2016","11:06","AM","12/30/2016","00:00",,"212","REPAIR BROKEN MAIN"
"2595233","12/30/2016","02:43","PM","01/03/2017","00:00",,"212","REPAIR BROKEN MAIN"
"2595275","12/30/2016","10:02","PM","01/01/2017","00:00",,"212","REPAIR BROKEN MAIN"
"2595006","12/29/2016","02:52","PM","12/30/2016","00:00",,"212","REPAIR BROKEN MAIN"
"2594666","12/28/2016","12:45","AM","01/10/2017","00:00",,"212","REPAIR BROKEN MAIN"
"2594715","12/28/2016","09:28","AM","12/30/2016","00:00",,"212","REPAIR BROKEN MAIN"
"2594734","12/28/2016","10:20","AM","12/31/2016","00:00",,"212","REPAIR BROKEN MAIN"
"2594764","12/28/2016","12:00","AM","12/29/2016","00:00",,"212","REPAIR BROKEN MAIN"
"2594846","12/28/2016","04:24","PM","12/29/2016","00:00",,"212","REPAIR BROKEN MAIN"
"2594854","12/28/2016","05:10","PM","01/17/2017","00:00",,"212","REPAIR BROKEN MAIN"
"2594868","12/28/2016","10:01","PM","12/29/2016","00:00",,"212","REPAIR BROKEN MAIN"
"2594308","12/27/2016","05:02","AM","12/27/2016","00:00",,"212","REPAIR BROKEN MAIN"
"2594459","12/27/2016","02:17","PM","12/28/2016","00:00",,"212","REPAIR BROKEN MAIN"
"2594505","12/27/2016","04:00","PM","12/28/2016","00:00",,"212","REPAIR BROKEN MAIN"
"2594285","12/26/2016","04:17","PM","01/31/2017","00:00",,"212","REPAIR BROKEN MAIN"
"2594288","12/26/2016","04:44","PM","01/05/2017","00:00",,"212","REPAIR BROKEN MAIN"
"2594304","12/26/2016","09:35","PM","12/27/2016","00:00",,"212","REPAIR BROKEN MAIN"
"2594222","12/25/2016","08:11","AM","12/25/2016","00:00",,"212","REPAIR BROKEN MAIN"
"2594226","12/25/2016","09:30","AM","12/27/2016","00:00",,"212","REPAIR BROKEN MAIN"
"2594227","12/25/2016","09:52","AM","12/26/2016","00:00",,"212","REPAIR BROKEN MAIN"
"2594243","12/25/2016","04:31","PM","12/26/2016","00:00",,"212","REPAIR BROKEN MAIN"
"2594248","12/25/2016","05:58","PM","12/26/2016","00:00",,"212","REPAIR BROKEN MAIN"
"2594252","12/25/2016","10:21","PM","01/26/2017","00:00",,"212","REPAIR BROKEN MAIN"
"2594253","12/25/2016","11:49","PM","12/26/2016","00:00",,"212","REPAIR BROKEN MAIN"
"2594171","12/24/2016","03:43","AM","12/27/2016","00:00",,"212","REPAIR BROKEN MAIN"
"2594175","12/24/2016","08:41","AM","12/26/2016","00:00",,"212","REPAIR BROKEN MAIN"
"2594194","12/24/2016","02:15","PM","12/28/2016","00:00",,"212","REPAIR BROKEN MAIN"
"2594202","12/24/2016","03:10","PM","12/24/2016","00:00",,"212","REPAIR BROKEN MAIN"
"2594206","12/24/2016","04:49","PM","01/03/2017","00:00",,"212","REPAIR BROKEN MAIN"
"2594210","12/24/2016","06:09","PM","12/27/2016","00:00",,"212","REPAIR BROKEN MAIN"
"2593959","12/23/2016","01:24","AM","12/24/2016","00:00",,"212","REPAIR BROKEN MAIN"
"2593961","12/23/2016","06:22","AM","12/23/2016","00:00",,"212","REPAIR BROKEN MAIN"
"2593993","12/23/2016","09:00","AM","01/31/2017","00:00",,"212","REPAIR BROKEN MAIN"
"2594013","12/23/2016","09:57","AM","12/26/2016","00:00",,"212","REPAIR BROKEN MAIN"
"2594024","12/23/2016","10:23","AM","12/27/2016","00:00",,"212","REPAIR BROKEN MAIN"
"2594059","12/23/2016","11:50","AM","12/25/2016","00:00",,"212","REPAIR BROKEN MAIN"
"2594064","12/23/2016","12:06","PM","12/27/2016","00:00",,"212","REPAIR BROKEN MAIN"
"2594074","12/23/2016","12:34","PM","12/23/2016","00:00",,"212","REPAIR BROKEN MAIN"
"2594075","12/23/2016","12:43","PM","12/23/2016","00:00",,"212","REPAIR BROKEN MAIN"
"2594085","12/23/2016","01:15","PM","12/24/2016","00:00",,"212","REPAIR BROKEN MAIN"
"2594095","12/23/2016","01:57","PM","12/28/2016","00:00",,"212","REPAIR BROKEN MAIN"
"2594123","12/23/2016","02:56","PM","12/23/2016","00:00",,"212","REPAIR BROKEN MAIN"
"2594145","12/23/2016","04:57","PM","12/23/2016","00:00",,"212","REPAIR BROKEN MAIN"
"2594161","12/23/2016","08:25","PM","01/19/2017","00:00",,"212","REPAIR BROKEN MAIN"
"2593717","12/22/2016","09:51","AM","12/23/2016","00:00",,"212","REPAIR BROKEN MAIN"
"2593756","12/22/2016","11:09","AM","12/23/2016","00:00",,"212","REPAIR BROKEN MAIN"
"2593766","12/22/2016","11:31","AM","12/22/2016","00:00",,"212","REPAIR BROKEN MAIN"
"2593797","12/22/2016","12:45","PM","12/23/2016","00:00",,"212","REPAIR BROKEN MAIN"
"2593809","12/22/2016","01:09","PM","12/28/2016","00:00",,"212","REPAIR BROKEN MAIN"
"2593827","12/22/2016","02:04","PM","12/22/2016","00:00",,"212","REPAIR BROKEN MAIN"
"2593832","12/22/2016","02:12","PM","01/30/2017","00:00",,"212","REPAIR BROKEN MAIN"
"2593837","12/22/2016","02:22","PM","12/27/2016","00:00",,"212","REPAIR BROKEN MAIN"
"2593844","12/22/2016","02:50","PM","12/23/2016","00:00",,"212","REPAIR BROKEN MAIN"
"2593856","12/22/2016","03:25","PM","12/26/2016","00:00",,"212","REPAIR BROKEN MAIN"
"2593882","12/22/2016","04:52","PM","01/10/2017","00:00",,"212","REPAIR BROKEN MAIN"
"2593909","12/22/2016","07:51","PM","12/25/2016","00:00",,"212","REPAIR BROKEN MAIN"
"2593910","12/22/2016","08:05","PM","12/25/2016","00:00",,"212","REPAIR BROKEN MAIN"
"2593913","12/22/2016","09:22","PM","02/16/2017","00:00",,"212","REPAIR BROKEN MAIN"
"2593916","12/22/2016","10:42","PM","12/23/2016","00:00",,"212","REPAIR BROKEN MAIN"
"2593384","12/21/2016","02:27","AM","12/21/2016","00:00",,"212","REPAIR BROKEN MAIN"
"2593386","12/21/2016","03:50","AM","01/03/2017","00:00",,"212","REPAIR BROKEN MAIN"
"2593449","12/21/2016","09:34","AM","12/22/2016","00:00",,"212","REPAIR BROKEN MAIN"
"2593485","12/21/2016","10:41","AM","12/23/2016","00:00",,"212","REPAIR BROKEN MAIN"
"2593576","12/21/2016","02:44","PM","01/11/2017","00:00",,"212","REPAIR BROKEN MAIN"
"2593612","12/21/2016","05:13","PM","12/22/2016","00:00",,"212","REPAIR BROKEN MAIN"
"2593614","12/21/2016","05:18","PM","12/22/2016","00:00",,"212","REPAIR BROKEN MAIN"
"2593632","12/21/2016","07:06","PM","12/22/2016","00:00",,"212","REPAIR BROKEN MAIN"
"2593638","12/21/2016","08:15","PM","12/22/2016","00:00",,"212","REPAIR BROKEN MAIN"
"2593643","12/21/2016","08:44","PM","12/22/2016","00:00",,"212","REPAIR BROKEN MAIN"
"2593074","12/20/2016","12:00","AM","12/21/2016","00:00",,"212","REPAIR BROKEN MAIN"
"2593083","12/20/2016","04:45","AM","12/20/2016","00:00",,"212","REPAIR BROKEN MAIN"
"2593146","12/20/2016","08:58","AM","12/26/2016","00:00",,"212","REPAIR BROKEN MAIN"
"2593187","12/20/2016","09:46","AM","12/20/2016","00:00",,"212","REPAIR BROKEN MAIN"
"2593211","12/20/2016","10:50","AM","12/20/2016","00:00",,"212","REPAIR BROKEN MAIN"
"2593220","12/20/2016","10:59","AM","12/20/2016","00:00",,"212","REPAIR BROKEN MAIN"
"2593241","12/20/2016","11:33","AM","12/21/2016","00:00",,"212","REPAIR BROKEN MAIN"
"2593294","12/20/2016","02:23","PM","12/27/2016","00:00",,"212","REPAIR BROKEN MAIN"
"2593305","12/20/2016","02:45","PM","12/21/2016","00:00",,"212","REPAIR BROKEN MAIN"
"2593319","12/20/2016","03:32","PM","12/20/2016","00:00",,"212","REPAIR BROKEN MAIN"
"2593344","12/20/2016","05:19","PM","12/21/2016","00:00",,"212","REPAIR BROKEN MAIN"
"2593345","12/20/2016","05:20","PM","12/20/2016","00:00",,"212","REPAIR BROKEN MAIN"
"2593347","12/20/2016","05:31","PM","12/21/2016","00:00",,"212","REPAIR BROKEN MAIN"
"2593362","12/20/2016","07:47","PM","12/21/2016","00:00",,"212","REPAIR BROKEN MAIN"
"2593366","12/20/2016","08:13","PM","12/22/2016","00:00",,"212","REPAIR BROKEN MAIN"
"2593370","12/20/2016","09:15","PM","12/21/2016","00:00",,"212","REPAIR BROKEN MAIN"
"2593373","12/20/2016","09:51","PM","12/22/2016","00:00",,"212","REPAIR BROKEN MAIN"
"2592758","12/19/2016","12:58","AM","12/20/2016","00:00",,"212","REPAIR BROKEN MAIN"
"2592759","12/19/2016","06:31","AM","12/20/2016","00:00",,"212","REPAIR BROKEN MAIN"
"2592787","12/19/2016","08:37","AM","01/03/2017","00:00",,"212","REPAIR BROKEN MAIN"
"2592792","12/19/2016","08:43","AM","12/19/2016","00:00",,"212","REPAIR BROKEN MAIN"
"2592824","12/19/2016","09:14","AM","12/19/2016","00:00",,"212","REPAIR BROKEN MAIN"
"2592827","12/19/2016","09:19","AM","12/19/2016","00:00",,"212","REPAIR BROKEN MAIN"
"2592853","12/19/2016","10:04","AM","12/20/2016","00:00",,"212","REPAIR BROKEN MAIN"
"2592854","12/19/2016","10:07","AM","01/13/2017","00:00",,"212","REPAIR BROKEN MAIN"
"2592871","12/19/2016","10:29","AM","12/20/2016","00:00",,"212","REPAIR BROKEN MAIN"
"2592878","12/19/2016","10:57","AM","12/20/2016","00:00",,"212","REPAIR BROKEN MAIN"
"2592883","12/19/2016","11:07","AM","12/19/2016","00:00",,"212","REPAIR BROKEN MAIN"
"2592887","12/19/2016","11:12","AM","12/23/2016","00:00",,"212","REPAIR BROKEN MAIN"
"2592922","12/19/2016","01:03","PM","02/16/2017","00:00",,"212","REPAIR BROKEN MAIN"
"2592943","12/19/2016","01:45","PM","12/21/2016","00:00",,"212","REPAIR BROKEN MAIN"
"2592947","12/19/2016","02:00","PM","12/20/2016","00:00",,"212","REPAIR BROKEN MAIN"
"2592976","12/19/2016","02:44","PM","12/23/2016","00:00",,"212","REPAIR BROKEN MAIN"
"2592979","12/19/2016","02:48","PM","12/20/2016","00:00",,"212","REPAIR BROKEN MAIN"
"2592983","12/19/2016","02:59","PM","12/22/2016","00:00",,"212","REPAIR BROKEN MAIN"
"2593001","12/19/2016","03:24","PM","12/20/2016","00:00",,"212","REPAIR BROKEN MAIN"
"2593012","12/19/2016","03:51","PM","12/21/2016","00:00",,"212","REPAIR BROKEN MAIN"
"2593014","12/19/2016","03:58","PM","12/20/2016","00:00",,"212","REPAIR BROKEN MAIN"
"2593019","12/19/2016","03:10","PM","12/19/2016","00:00",,"212","REPAIR BROKEN MAIN"
"2593038","12/19/2016","06:53","PM","12/20/2016","00:00",,"212","REPAIR BROKEN MAIN"
"2593041","12/19/2016","07:17","PM","12/20/2016","00:00",,"212","REPAIR BROKEN MAIN"
"2593047","12/19/2016","08:48","PM","12/22/2016","00:00",,"212","REPAIR BROKEN MAIN"
"2593050","12/19/2016","09:01","PM","12/20/2016","00:00",,"212","REPAIR BROKEN MAIN"
"2593056","12/19/2016","09:40","PM","12/20/2016","00:00",,"212","REPAIR BROKEN MAIN"
"2593059","12/19/2016","10:03","PM","12/21/2016","00:00",,"212","REPAIR BROKEN MAIN"
"2593061","12/19/2016","10:12","PM","12/20/2016","00:00",,"212","REPAIR BROKEN MAIN"
"2592613","12/18/2016","01:11","AM","12/19/2016","00:00",,"212","REPAIR BROKEN MAIN"
"2592614","12/18/2016","01:20","AM","12/19/2016","00:00",,"212","REPAIR BROKEN MAIN"
"2592615","12/18/2016","01:33","AM","12/18/2016","00:00",,"212","REPAIR BROKEN MAIN"
"2592627","12/18/2016","08:45","AM","12/18/2016","00:00",,"212","REPAIR BROKEN MAIN"
"2592630","12/18/2016","09:15","AM","12/19/2016","00:00",,"212","REPAIR BROKEN MAIN"
"2592631","12/18/2016","09:14","AM","01/31/2017","00:00",,"212","REPAIR BROKEN MAIN"
"2592632","12/18/2016","09:21","AM","12/19/2016","00:00",,"212","REPAIR BROKEN MAIN"
"2592634","12/18/2016","09:45","AM","12/21/2016","00:00",,"212","REPAIR BROKEN MAIN"
"2592637","12/18/2016","09:54","AM","12/19/2016","00:00",,"212","REPAIR BROKEN MAIN"
"2592651","12/18/2016","11:16","AM","12/20/2016","00:00",,"212","REPAIR BROKEN MAIN"
"2592669","12/18/2016","12:44","PM","12/19/2016","00:00",,"212","REPAIR BROKEN MAIN"
"2592670","12/18/2016","12:48","PM","01/26/2017","00:00",,"212","REPAIR BROKEN MAIN"
"2592672","12/18/2016","01:21","PM","12/22/2016","00:00",,"212","REPAIR BROKEN MAIN"
"2592699","12/18/2016","02:28","PM","12/19/2016","00:00",,"212","REPAIR BROKEN MAIN"
"2592702","12/18/2016","02:50","PM","12/19/2016","00:00",,"212","REPAIR BROKEN MAIN"
"2592707","12/18/2016","03:19","PM","12/19/2016","00:00",,"212","REPAIR BROKEN MAIN"
"2592708","12/18/2016","03:19","PM","12/20/2016","00:00",,"212","REPAIR BROKEN MAIN"
"2592723","12/18/2016","05:05","PM","12/19/2016","00:00",,"212","REPAIR BROKEN MAIN"
"2592724","12/18/2016","05:08","PM","12/19/2016","00:00",,"212","REPAIR BROKEN MAIN"
"2592728","12/18/2016","05:43","PM","12/19/2016","00:00",,"212","REPAIR BROKEN MAIN"
"2592729","12/18/2016","05:56","PM","12/19/2016","00:00",,"212","REPAIR BROKEN MAIN"
"2592733","12/18/2016","06:35","PM","12/19/2016","00:00",,"212","REPAIR BROKEN MAIN"
"2592736","12/18/2016","07:27","PM","12/19/2016","00:00",,"212","REPAIR BROKEN MAIN"
"2592737","12/18/2016","07:29","PM","12/21/2016","00:00",,"212","REPAIR BROKEN MAIN"
"2592738","12/18/2016","07:29","PM","12/19/2016","00:00",,"212","REPAIR BROKEN MAIN"
"2592739","12/18/2016","07:31","PM","12/19/2016","00:00",,"212","REPAIR BROKEN MAIN"
"2592741","12/18/2016","07:51","PM","01/27/2017","00:00",,"212","REPAIR BROKEN MAIN"
"2592744","12/18/2016","08:46","PM","12/20/2016","00:00",,"212","REPAIR BROKEN MAIN"
"2592745","12/18/2016","08:49","PM","01/03/2017","00:00",,"212","REPAIR BROKEN MAIN"
"2592746","12/18/2016","08:52","PM","12/19/2016","00:00",,"212","REPAIR BROKEN MAIN"
"2592747","12/18/2016","08:56","PM","12/19/2016","00:00",,"212","REPAIR BROKEN MAIN"
"2592749","12/18/2016","09:10","PM","12/20/2016","00:00",,"212","REPAIR BROKEN MAIN"
"2592750","12/18/2016","09:12","PM","01/31/2017","00:00",,"212","REPAIR BROKEN MAIN"
"2592752","12/18/2016","09:22","PM","12/20/2016","00:00",,"212","REPAIR BROKEN MAIN"
"2592753","12/18/2016","09:58","PM","12/19/2016","00:00",,"212","REPAIR BROKEN MAIN"
"2592755","12/18/2016","10:54","PM","12/19/2016","00:00",,"212","REPAIR BROKEN MAIN"
"2592520","12/17/2016","12:14","AM","12/17/2016","00:00",,"212","REPAIR BROKEN MAIN"
"2592526","12/17/2016","07:58","AM","12/19/2016","00:00",,"212","REPAIR BROKEN MAIN"
"2592540","12/17/2016","10:37","AM","12/18/2016","00:00",,"212","REPAIR BROKEN MAIN"
"2592544","12/17/2016","11:03","AM","12/21/2016","00:00",,"212","REPAIR BROKEN MAIN"
"2592564","12/17/2016","01:38","PM","12/18/2016","00:00",,"212","REPAIR BROKEN MAIN"
"2592566","12/17/2016","01:40","PM","12/17/2016","00:00",,"212","REPAIR BROKEN MAIN"
"2592573","12/17/2016","03:19","PM","02/16/2017","00:00",,"212","REPAIR BROKEN MAIN"
"2592578","12/17/2016","04:32","PM","12/18/2016","00:00",,"212","REPAIR BROKEN MAIN"
"2592580","12/17/2016","04:39","PM","12/19/2016","00:00",,"212","REPAIR BROKEN MAIN"
"2592581","12/17/2016","04:40","PM","12/18/2016","00:00",,"212","REPAIR BROKEN MAIN"
"2592586","12/17/2016","05:35","PM","02/13/2017","00:00",,"212","REPAIR BROKEN MAIN"
"2592587","12/17/2016","05:36","PM","12/18/2016","00:00",,"212","REPAIR BROKEN MAIN"
"2592590","12/17/2016","06:21","PM","12/21/2016","00:00",,"212","REPAIR BROKEN MAIN"
"2592596","12/17/2016","06:55","PM","12/19/2016","00:00",,"212","REPAIR BROKEN MAIN"
"2592597","12/17/2016","07:11","PM","12/18/2016","00:00",,"212","REPAIR BROKEN MAIN"
"2592603","12/17/2016","10:22","PM","12/19/2016","00:00",,"212","REPAIR BROKEN MAIN"
"2592604","12/17/2016","10:26","PM","12/19/2016","00:00",,"212","REPAIR BROKEN MAIN"
"2592607","12/17/2016","10:32","PM","12/20/2016","00:00",,"212","REPAIR BROKEN MAIN"
"2592610","12/17/2016","10:57","PM","12/20/2016","00:00",,"212","REPAIR BROKEN MAIN"
"2592611","12/17/2016","11:04","PM","12/19/2016","00:00",,"212","REPAIR BROKEN MAIN"
"2592193","12/16/2016","12:39","AM","02/22/2017","00:00",,"212","REPAIR BROKEN MAIN"
"2592195","12/16/2016","01:42","AM","02/02/2017","00:00",,"212","REPAIR BROKEN MAIN"
"2592200","12/16/2016","04:46","AM","12/16/2016","00:00",,"212","REPAIR BROKEN MAIN"
"2592203","12/16/2016","05:16","AM","01/31/2017","00:00",,"212","REPAIR BROKEN MAIN"
"2592204","12/16/2016","05:44","AM","12/16/2016","00:00",,"212","REPAIR BROKEN MAIN"
"2592211","12/16/2016","06:51","AM","12/16/2016","00:00",,"212","REPAIR BROKEN MAIN"
"2592242","12/16/2016","08:12","AM","12/16/2016","00:00",,"212","REPAIR BROKEN MAIN"
"2592268","12/16/2016","09:14","AM","12/16/2016","00:00",,"212","REPAIR BROKEN MAIN"
"2592269","12/16/2016","09:15","AM","12/16/2016","00:00",,"212","REPAIR BROKEN MAIN"
"2592353","12/16/2016","12:26","PM","12/17/2016","00:00",,"212","REPAIR BROKEN MAIN"
"2592420","12/16/2016","02:45","PM","12/16/2016","00:00",,"212","REPAIR BROKEN MAIN"
"2592424","12/16/2016","03:00","PM","12/17/2016","00:00",,"212","REPAIR BROKEN MAIN"
"2592471","12/16/2016","05:47","PM","12/17/2016","00:00",,"212","REPAIR BROKEN MAIN"
"2592472","12/16/2016","05:53","PM","12/16/2016","00:00",,"212","REPAIR BROKEN MAIN"
"2592481","12/16/2016","06:31","PM","01/05/2017","00:00",,"212","REPAIR BROKEN MAIN"
"2592492","12/16/2016","07:25","PM","12/19/2016","00:00",,"212","REPAIR BROKEN MAIN"
"2592495","12/16/2016","07:41","PM","12/19/2016","00:00",,"212","REPAIR BROKEN MAIN"
"2592497","12/16/2016","07:47","PM","12/18/2016","00:00",,"212","REPAIR BROKEN MAIN"
"2592513","12/16/2016","10:50","PM","12/17/2016","00:00",,"212","REPAIR BROKEN MAIN"
"2591747","12/15/2016","04:06","AM","12/19/2016","00:00",,"212","REPAIR BROKEN MAIN"
"2591748","12/15/2016","04:10","AM","12/15/2016","00:00",,"212","REPAIR BROKEN MAIN"
"2591766","12/15/2016","07:24","AM","12/15/2016","00:00",,"212","REPAIR BROKEN MAIN"
"2591769","12/15/2016","07:29","AM","12/16/2016","00:00",,"212","REPAIR BROKEN MAIN"
"2591772","12/15/2016","07:43","AM","12/15/2016","00:00",,"212","REPAIR BROKEN MAIN"
"2591789","12/15/2016","08:52","AM","12/16/2016","00:00",,"212","REPAIR BROKEN MAIN"
"2591794","12/15/2016","09:09","AM","12/15/2016","00:00",,"212","REPAIR BROKEN MAIN"
"2591804","12/15/2016","09:26","AM","12/20/2016","00:00",,"212","REPAIR BROKEN MAIN"
"2591811","12/15/2016","09:44","AM","12/16/2016","00:00",,"212","REPAIR BROKEN MAIN"
"2591821","12/15/2016","10:06","AM","12/19/2016","00:00",,"212","REPAIR BROKEN MAIN"
"2591944","12/15/2016","03:39","PM","01/31/2017","00:00",,"212","REPAIR BROKEN MAIN"
"2591978","12/15/2016","04:53","PM","12/16/2016","00:00",,"212","REPAIR BROKEN MAIN"
"2591982","12/15/2016","05:14","PM","12/16/2016","00:00",,"212","REPAIR BROKEN MAIN"
"2591985","12/15/2016","05:28","PM","12/16/2016","00:00",,"212","REPAIR BROKEN MAIN"
"2592138","12/15/2016","08:15","PM","02/06/2017","00:00",,"212","REPAIR BROKEN MAIN"
"2592140","12/15/2016","09:25","PM","12/16/2016","00:00",,"212","REPAIR BROKEN MAIN"
"2592142","12/15/2016","09:38","PM","12/16/2016","00:00",,"212","REPAIR BROKEN MAIN"
"2592150","12/15/2016","11:10","PM","12/16/2016","00:00",,"212","REPAIR BROKEN MAIN"
"2592190","12/15/2016","11:56","PM","12/16/2016","00:00",,"212","REPAIR BROKEN MAIN"
"2592191","12/15/2016","11:58","PM","12/16/2016","00:00",,"212","REPAIR BROKEN MAIN"
"2591451","12/14/2016","08:17","AM","12/14/2016","00:00",,"212","REPAIR BROKEN MAIN"
"2591466","12/14/2016","09:18","AM","12/14/2016","00:00",,"212","REPAIR BROKEN MAIN"
"2591488","12/14/2016","09:58","AM","12/14/2016","00:00",,"212","REPAIR BROKEN MAIN"
"2591511","12/14/2016","10:36","AM","12/14/2016","00:00",,"212","REPAIR BROKEN MAIN"
"2591539","12/14/2016","12:57","PM","12/14/2016","00:00",,"212","REPAIR BROKEN MAIN"
"2591578","12/14/2016","02:41","PM","12/23/2016","00:00",,"212","REPAIR BROKEN MAIN"
"2591595","12/14/2016","03:13","PM","12/16/2016","00:00",,"212","REPAIR BROKEN MAIN"
"2591598","12/14/2016","03:20","PM","12/19/2016","00:00",,"212","REPAIR BROKEN MAIN"
"2591606","12/14/2016","03:36","PM","01/10/2017","00:00",,"212","REPAIR BROKEN MAIN"
"2591648","12/14/2016","05:30","PM","12/14/2016","00:00",,"212","REPAIR BROKEN MAIN"
"2591655","12/14/2016","06:40","PM","12/15/2016","00:00",,"212","REPAIR BROKEN MAIN"
"2591730","12/14/2016","08:09","PM","12/16/2016","00:00",,"212","REPAIR BROKEN MAIN"
"2591731","12/14/2016","08:27","PM","12/15/2016","00:00",,"212","REPAIR BROKEN MAIN"
"2591732","12/14/2016","08:32","PM","12/15/2016","00:00",,"212","REPAIR BROKEN MAIN"
"2591739","12/14/2016","10:07","PM","12/15/2016","00:00",,"212","REPAIR BROKEN MAIN"
"2589685","12/13/2016","12:50","AM","12/14/2016","00:00",,"212","REPAIR BROKEN MAIN"
"2589710","12/13/2016","07:39","AM","12/14/2016","00:00",,"212","REPAIR BROKEN MAIN"
"2589770","12/13/2016","09:28","AM","12/13/2016","00:00",,"212","REPAIR BROKEN MAIN"
"2589774","12/13/2016","09:47","AM","12/14/2016","00:00",,"212","REPAIR BROKEN MAIN"
"2589800","12/13/2016","10:31","AM","12/13/2016","00:00",,"212","REPAIR BROKEN MAIN"
"2589818","12/13/2016","11:50","AM","12/15/2016","00:00",,"212","REPAIR BROKEN MAIN"
"2589821","12/13/2016","11:58","AM","12/14/2016","00:00",,"212","REPAIR BROKEN MAIN"
"2589823","12/13/2016","12:00","AM","12/14/2016","00:00",,"212","REPAIR BROKEN MAIN"
"2589830","12/13/2016","12:16","PM","12/14/2016","00:00",,"212","REPAIR BROKEN MAIN"
"2589852","12/13/2016","01:10","PM","12/14/2016","00:00",,"212","REPAIR BROKEN MAIN"
"2589875","12/13/2016","02:36","PM","12/14/2016","00:00",,"212","REPAIR BROKEN MAIN"
"2589887","12/13/2016","02:59","PM","12/13/2016","00:00",,"212","REPAIR BROKEN MAIN"
"2589889","12/13/2016","03:03","PM","02/20/2017","00:00",,"212","REPAIR BROKEN MAIN"
"2589902","12/13/2016","04:24","PM","12/14/2016","00:00",,"212","REPAIR BROKEN MAIN"
"2591404","12/13/2016","09:14","PM","12/14/2016","00:00",,"212","REPAIR BROKEN MAIN"
"2591406","12/13/2016","09:26","PM","12/14/2016","00:00",,"212","REPAIR BROKEN MAIN"
"2589367","12/12/2016","04:15","AM","12/12/2016","00:00",,"212","REPAIR BROKEN MAIN"
"2589370","12/12/2016","06:52","AM","12/12/2016","00:00",,"212","REPAIR BROKEN MAIN"
"2589443","12/12/2016","09:44","AM","12/13/2016","00:00",,"212","REPAIR BROKEN MAIN"
"2589452","12/12/2016","09:58","AM","12/12/2016","00:00",,"212","REPAIR BROKEN MAIN"
"2589454","12/12/2016","10:02","AM","12/12/2016","00:00",,"212","REPAIR BROKEN MAIN"
"2589469","12/12/2016","10:31","AM","12/13/2016","00:00",,"212","REPAIR BROKEN MAIN"
"2589470","12/12/2016","10:32","AM","12/14/2016","00:00",,"212","REPAIR BROKEN MAIN"
"2589476","12/12/2016","10:39","AM","12/13/2016","00:00",,"212","REPAIR BROKEN MAIN"
"2589480","12/12/2016","10:53","AM","12/12/2016","00:00",,"212","REPAIR BROKEN MAIN"
"2589489","12/12/2016","11:06","AM","12/13/2016","00:00",,"212","REPAIR BROKEN MAIN"
"2589493","12/12/2016","11:13","AM","12/12/2016","00:00",,"212","REPAIR BROKEN MAIN"
"2589536","12/12/2016","12:41","PM","12/14/2016","00:00",,"212","REPAIR BROKEN MAIN"
"2589614","12/12/2016","02:42","PM","12/12/2016","00:00",,"212","REPAIR BROKEN MAIN"
"2589630","12/12/2016","03:26","PM","12/13/2016","00:00",,"212","REPAIR BROKEN MAIN"
"2589656","12/12/2016","05:56","PM","12/14/2016","00:00",,"212","REPAIR BROKEN MAIN"
"2589676","12/12/2016","09:43","PM","12/13/2016","00:00",,"212","REPAIR BROKEN MAIN"
"2589678","12/12/2016","09:47","PM","12/12/2016","00:00",,"212","REPAIR BROKEN MAIN"
"2589682","12/12/2016","11:10","PM","12/13/2016","00:00",,"212","REPAIR BROKEN MAIN"
"2589683","12/12/2016","11:39","PM","12/13/2016","00:00",,"212","REPAIR BROKEN MAIN"
"2589304","12/11/2016","07:38","AM","12/12/2016","00:00",,"212","REPAIR BROKEN MAIN"
"2589313","12/11/2016","09:05","AM","12/11/2016","00:00",,"212","REPAIR BROKEN MAIN"
"2589319","12/11/2016","10:02","AM","12/20/2016","00:00",,"212","REPAIR BROKEN MAIN"
"2589321","12/11/2016","10:28","AM","12/11/2016","00:00",,"212","REPAIR BROKEN MAIN"
"2589322","12/11/2016","10:38","AM","12/11/2016","00:00",,"212","REPAIR BROKEN MAIN"
"2589337","12/11/2016","01:11","PM","12/12/2016","00:00",,"212","REPAIR BROKEN MAIN"
"2589348","12/11/2016","03:44","PM","12/12/2016","00:00",,"212","REPAIR BROKEN MAIN"
"2589355","12/11/2016","05:26","PM","12/12/2016","00:00",,"212","REPAIR BROKEN MAIN"
"2589363","12/11/2016","10:10","PM","12/12/2016","00:00",,"212","REPAIR BROKEN MAIN"
"2589364","12/11/2016","10:55","PM","12/12/2016","00:00",,"212","REPAIR BROKEN MAIN"
"2589201","12/10/2016","03:05","AM","12/12/2016","00:00",,"212","REPAIR BROKEN MAIN"
"2589209","12/10/2016","10:11","AM","12/10/2016","00:00",,"212","REPAIR BROKEN MAIN"
"2589216","12/10/2016","10:47","AM","12/10/2016","00:00",,"212","REPAIR BROKEN MAIN"
"2589222","12/10/2016","11:51","AM","12/10/2016","00:00",,"212","REPAIR BROKEN MAIN"
"2589246","12/10/2016","02:48","PM","12/12/2016","00:00",,"212","REPAIR BROKEN MAIN"
"2589254","12/10/2016","03:20","PM","12/11/2016","00:00",,"212","REPAIR BROKEN MAIN"
"2589259","12/10/2016","03:33","PM","02/22/2017","00:00",,"212","REPAIR BROKEN MAIN"
"2589264","12/10/2016","03:59","PM","12/12/2016","00:00",,"212","REPAIR BROKEN MAIN"
"2589277","12/10/2016","06:08","PM","12/10/2016","00:00",,"212","REPAIR BROKEN MAIN"
"2589287","12/10/2016","08:17","PM","12/12/2016","00:00",,"212","REPAIR BROKEN MAIN"
"2589294","12/10/2016","09:35","PM","12/12/2016","00:00",,"212","REPAIR BROKEN MAIN"
"2588933","12/09/2016","01:21","AM","12/09/2016","00:00",,"212","REPAIR BROKEN MAIN"
"2588937","12/09/2016","05:45","AM","12/09/2016","00:00",,"212","REPAIR BROKEN MAIN"
"2588939","12/09/2016","06:03","AM","12/09/2016","00:00",,"212","REPAIR BROKEN MAIN"
"2588958","12/09/2016","07:39","AM","12/12/2016","00:00",,"212","REPAIR BROKEN MAIN"
"2588973","12/09/2016","08:22","AM","01/26/2017","00:00",,"212","REPAIR BROKEN MAIN"
"2588986","12/09/2016","09:10","AM","12/20/2016","00:00",,"212","REPAIR BROKEN MAIN"
"2588989","12/09/2016","09:15","AM","12/09/2016","00:00",,"212","REPAIR BROKEN MAIN"
"2589020","12/09/2016","10:37","AM","12/12/2016","00:00",,"212","REPAIR BROKEN MAIN"
"2589049","12/09/2016","11:50","AM","12/12/2016","00:00",,"212","REPAIR BROKEN MAIN"
"2589146","12/09/2016","04:41","PM","12/09/2016","00:00",,"212","REPAIR BROKEN MAIN"
"2589152","12/09/2016","05:12","PM","12/21/2016","00:00",,"212","REPAIR BROKEN MAIN"
"2589154","12/09/2016","06:11","PM","12/12/2016","00:00",,"212","REPAIR BROKEN MAIN"
"2589172","12/09/2016","08:07","PM","12/12/2016","00:00",,"212","REPAIR BROKEN MAIN"
"2588612","12/08/2016","05:24","AM","12/08/2016","00:00",,"212","REPAIR BROKEN MAIN"
"2588685","12/08/2016","10:10","AM","12/09/2016","00:00",,"212","REPAIR BROKEN MAIN"
"2588687","12/08/2016","10:18","AM","12/09/2016","00:00",,"212","REPAIR BROKEN MAIN"
"2588721","12/08/2016","11:29","AM","12/10/2016","00:00",,"212","REPAIR BROKEN MAIN"
"2588726","12/08/2016","11:46","AM","12/09/2016","00:00",,"212","REPAIR BROKEN MAIN"
"2588734","12/08/2016","12:19","PM","12/08/2016","00:00",,"212","REPAIR BROKEN MAIN"
"2588761","12/08/2016","01:40","PM","12/09/2016","00:00",,"212","REPAIR BROKEN MAIN"
"2588880","12/08/2016","07:07","PM","12/09/2016","00:00",,"212","REPAIR BROKEN MAIN"
"2588440","12/07/2016","09:36","AM","12/19/2016","00:00",,"212","REPAIR BROKEN MAIN"
"2588443","12/07/2016","09:44","AM","12/07/2016","00:00",,"212","REPAIR BROKEN MAIN"
"2588446","12/07/2016","09:50","AM","12/07/2016","00:00",,"212","REPAIR BROKEN MAIN"
"2588474","12/07/2016","11:00","AM","12/08/2016","00:00",,"212","REPAIR BROKEN MAIN"
"2588490","12/07/2016","11:54","AM","12/07/2016","00:00",,"212","REPAIR BROKEN MAIN"
"2588550","12/07/2016","02:56","PM","12/07/2016","00:00",,"212","REPAIR BROKEN MAIN"
"2588578","12/07/2016","04:37","PM","12/08/2016","00:00",,"212","REPAIR BROKEN MAIN"
"2588597","12/07/2016","07:42","PM","12/20/2016","00:00",,"212","REPAIR BROKEN MAIN"
"2588228","12/06/2016","08:49","AM","12/07/2016","00:00",,"212","REPAIR BROKEN MAIN"
"2588256","12/06/2016","09:47","AM","12/06/2016","00:00",,"212","REPAIR BROKEN MAIN"
"2588275","12/06/2016","11:22","AM","12/13/2016","00:00",,"212","REPAIR BROKEN MAIN"
"2588040","12/05/2016","10:06","AM","12/06/2016","00:00",,"212","REPAIR BROKEN MAIN"
"2588078","12/05/2016","11:47","AM","12/06/2016","00:00",,"212","REPAIR BROKEN MAIN"
"2588086","12/05/2016","12:17","PM","12/12/2016","00:00",,"212","REPAIR BROKEN MAIN"
"2588124","12/05/2016","01:10","PM","12/05/2016","00:00",,"212","REPAIR BROKEN MAIN"
"2588130","12/05/2016","01:19","PM","12/07/2016","00:00",,"212","REPAIR BROKEN MAIN"
"2588194","12/05/2016","09:19","PM","12/06/2016","00:00",,"212","REPAIR BROKEN MAIN"
"2588196","12/05/2016","11:08","PM","12/07/2016","00:00",,"212","REPAIR BROKEN MAIN"
"2587936","12/04/2016","07:32","AM","12/04/2016","00:00",,"212","REPAIR BROKEN MAIN"
"2587937","12/04/2016","08:41","AM","12/05/2016","00:00",,"212","REPAIR BROKEN MAIN"
"2587948","12/04/2016","11:42","AM","12/06/2016","00:00",,"212","REPAIR BROKEN MAIN"
"2587973","12/04/2016","04:20","PM","12/05/2016","00:00",,"212","REPAIR BROKEN MAIN"
"2587974","12/04/2016","04:55","PM","12/05/2016","00:00",,"212","REPAIR BROKEN MAIN"
"2587704","12/02/2016","10:26","AM","12/02/2016","00:00",,"212","REPAIR BROKEN MAIN"
"2586573","12/01/2016","07:37","AM","12/02/2016","00:00",,"212","REPAIR BROKEN MAIN"
"2586593","12/01/2016","08:36","AM","02/22/2017","00:00",,"212","REPAIR BROKEN MAIN"
"2586601","12/01/2016","08:55","AM","12/01/2016","00:00",,"212","REPAIR BROKEN MAIN"
"2586636","12/01/2016","10:10","AM","12/02/2016","00:00",,"212","REPAIR BROKEN MAIN"
"2586670","12/01/2016","11:31","AM","12/02/2016","00:00",,"212","REPAIR BROKEN MAIN"
"2586676","12/01/2016","11:44","AM","12/01/2016","00:00",,"212","REPAIR BROKEN MAIN"
"2586360","11/30/2016","02:22","AM","11/30/2016","00:00",,"212","REPAIR BROKEN MAIN"
"2586361","11/30/2016","03:00","AM","12/05/2016","00:00",,"212","REPAIR BROKEN MAIN"
"2586410","11/30/2016","09:30","AM","11/30/2016","00:00",,"212","REPAIR BROKEN MAIN"
"2586420","11/30/2016","10:03","AM","12/02/2016","00:00",,"212","REPAIR BROKEN MAIN"
"2586423","11/30/2016","10:15","AM","11/30/2016","00:00",,"212","REPAIR BROKEN MAIN"
"2586453","11/30/2016","12:13","PM","11/30/2016","00:00",,"212","REPAIR BROKEN MAIN"
"2586487","11/30/2016","02:33","PM","11/30/2016","00:00",,"212","REPAIR BROKEN MAIN"
"2586094","11/29/2016","03:10","AM","11/29/2016","00:00",,"212","REPAIR BROKEN MAIN"
"2586096","11/29/2016","03:28","AM","11/29/2016","00:00",,"212","REPAIR BROKEN MAIN"
"2586097","11/29/2016","03:55","AM","11/29/2016","00:00",,"212","REPAIR BROKEN MAIN"
"2586159","11/29/2016","10:06","AM","11/29/2016","00:00",,"212","REPAIR BROKEN MAIN"
"2586219","11/29/2016","12:36","PM","12/06/2016","00:00",,"212","REPAIR BROKEN MAIN"
"2586243","11/29/2016","02:25","PM","11/30/2016","00:00",,"212","REPAIR BROKEN MAIN"
"2586353","11/29/2016","11:10","PM","12/06/2016","00:00",,"212","REPAIR BROKEN MAIN"
"2586357","11/29/2016","11:48","PM","11/30/2016","00:00",,"212","REPAIR BROKEN MAIN"
"2585750","11/28/2016","12:18","AM","11/30/2016","00:00",,"212","REPAIR BROKEN MAIN"
"2585751","11/28/2016","12:25","AM","11/28/2016","00:00",,"212","REPAIR BROKEN MAIN"
"2585752","11/28/2016","12:32","AM","11/28/2016","00:00",,"212","REPAIR BROKEN MAIN"
"2585831","11/28/2016","09:15","AM","11/28/2016","00:00",,"212","REPAIR BROKEN MAIN"
"2585854","11/28/2016","10:24","AM","11/29/2016","00:00",,"212","REPAIR BROKEN MAIN"
"2585856","11/28/2016","10:30","AM","12/13/2016","00:00",,"212","REPAIR BROKEN MAIN"
"2585858","11/28/2016","10:32","AM","11/28/2016","00:00",,"212","REPAIR BROKEN MAIN"
"2585863","11/28/2016","10:35","AM","11/30/2016","00:00",,"212","REPAIR BROKEN MAIN"
"2585883","11/28/2016","11:47","AM","11/28/2016","00:00",,"212","REPAIR BROKEN MAIN"
"2585890","11/28/2016","12:04","PM","11/29/2016","00:00",,"212","REPAIR BROKEN MAIN"
"2585892","11/28/2016","12:05","PM","11/28/2016","00:00",,"212","REPAIR BROKEN MAIN"
"2585901","11/28/2016","12:31","PM","11/29/2016","00:00",,"212","REPAIR BROKEN MAIN"
"2585926","11/28/2016","01:32","PM","11/29/2016","00:00",,"212","REPAIR BROKEN MAIN"
"2585928","11/28/2016","01:44","PM","11/28/2016","00:00",,"212","REPAIR BROKEN MAIN"
"2585931","11/28/2016","01:53","PM","01/26/2017","00:00",,"212","REPAIR BROKEN MAIN"
"2585998","11/28/2016","04:08","PM","11/28/2016","00:00",,"212","REPAIR BROKEN MAIN"
"2586013","11/28/2016","05:21","PM","11/29/2016","00:00",,"212","REPAIR BROKEN MAIN"
"2586073","11/28/2016","09:20","PM","11/29/2016","00:00",,"212","REPAIR BROKEN MAIN"
"2586077","11/28/2016","10:16","PM","12/07/2016","00:00",,"212","REPAIR BROKEN MAIN"
"2585670","11/27/2016","01:29","AM","11/27/2016","00:00",,"212","REPAIR BROKEN MAIN"
"2585686","11/27/2016","10:00","AM","11/28/2016","00:00",,"212","REPAIR BROKEN MAIN"
"2585696","11/27/2016","12:00","AM","11/28/2016","00:00",,"212","REPAIR BROKEN MAIN"
"2585697","11/27/2016","12:21","PM","12/09/2016","00:00",,"212","REPAIR BROKEN MAIN"
"2585698","11/27/2016","12:22","PM","11/28/2016","00:00",,"212","REPAIR BROKEN MAIN"
"2585716","11/27/2016","02:47","PM","12/06/2016","00:00",,"212","REPAIR BROKEN MAIN"
"2585717","11/27/2016","02:57","PM","11/28/2016","00:00",,"212","REPAIR BROKEN MAIN"
"2585730","11/27/2016","04:41","PM","11/28/2016","00:00",,"212","REPAIR BROKEN MAIN"
"2585731","11/27/2016","05:16","PM","11/28/2016","00:00",,"212","REPAIR BROKEN MAIN"
"2585740","11/27/2016","07:43","PM","11/28/2016","00:00",,"212","REPAIR BROKEN MAIN"
"2585741","11/27/2016","07:50","PM","11/28/2016","00:00",,"212","REPAIR BROKEN MAIN"
"2585744","11/27/2016","09:43","PM","11/28/2016","00:00",,"212","REPAIR BROKEN MAIN"
"2585749","11/27/2016","11:40","PM","11/28/2016","00:00",,"212","REPAIR BROKEN MAIN"
"2585581","11/26/2016","02:16","AM","11/26/2016","00:00",,"212","REPAIR BROKEN MAIN"
"2585595","11/26/2016","09:54","AM","11/26/2016","00:00",,"212","REPAIR BROKEN MAIN"
"2585603","11/26/2016","11:11","AM","11/27/2016","00:00",,"212","REPAIR BROKEN MAIN"
"2585605","11/26/2016","11:18","AM","11/28/2016","00:00",,"212","REPAIR BROKEN MAIN"
"2585610","11/26/2016","01:16","PM","11/28/2016","00:00",,"212","REPAIR BROKEN MAIN"
"2585613","11/26/2016","01:33","PM","11/29/2016","00:00",,"212","REPAIR BROKEN MAIN"
"2585614","11/26/2016","01:42","PM","01/31/2017","00:00",,"212","REPAIR BROKEN MAIN"
"2585629","11/26/2016","03:14","PM","11/27/2016","00:00",,"212","REPAIR BROKEN MAIN"
"2585653","11/26/2016","07:57","PM","11/27/2016","00:00",,"212","REPAIR BROKEN MAIN"
"2585659","11/26/2016","09:33","PM","11/27/2016","00:00",,"212","REPAIR BROKEN MAIN"
"2585660","11/26/2016","05:34","PM","11/27/2016","00:00",,"212","REPAIR BROKEN MAIN"
"2585665","11/26/2016","10:37","PM","01/31/2017","00:00",,"212","REPAIR BROKEN MAIN"
"2585666","11/26/2016","10:59","PM","12/08/2016","00:00",,"212","REPAIR BROKEN MAIN"
"2585668","11/26/2016","11:25","PM","11/28/2016","00:00",,"212","REPAIR BROKEN MAIN"
"2585484","11/25/2016","12:20","AM","11/26/2016","00:00",,"212","REPAIR BROKEN MAIN"
"2585485","11/25/2016","12:27","AM","11/26/2016","00:00",,"212","REPAIR BROKEN MAIN"
"2585486","11/25/2016","01:09","AM","11/28/2016","00:00",,"212","REPAIR BROKEN MAIN"
"2585500","11/25/2016","09:34","AM","11/28/2016","00:00",,"212","REPAIR BROKEN MAIN"
"2585503","11/25/2016","09:45","AM","11/25/2016","00:00",,"212","REPAIR BROKEN MAIN"
"2585504","11/25/2016","09:54","AM","12/05/2016","00:00",,"212","REPAIR BROKEN MAIN"
"2585505","11/25/2016","09:59","AM","11/25/2016","00:00",,"212","REPAIR BROKEN MAIN"
"2585513","11/25/2016","11:02","AM","11/28/2016","00:00",,"212","REPAIR BROKEN MAIN"
"2585521","11/25/2016","12:07","PM","11/26/2016","00:00",,"212","REPAIR BROKEN MAIN"
"2585526","11/25/2016","12:35","PM","11/26/2016","00:00",,"212","REPAIR BROKEN MAIN"
"2585531","11/25/2016","01:33","PM","11/26/2016","00:00",,"212","REPAIR BROKEN MAIN"
"2585532","11/25/2016","01:32","PM","11/25/2016","00:00",,"212","REPAIR BROKEN MAIN"
"2585538","11/25/2016","02:14","PM","12/21/2016","00:00",,"212","REPAIR BROKEN MAIN"
"2585540","11/25/2016","02:22","PM","11/27/2016","00:00",,"212","REPAIR BROKEN MAIN"
"2585550","11/25/2016","03:40","PM","11/26/2016","00:00",,"212","REPAIR BROKEN MAIN"
"2585554","11/25/2016","03:00","PM","11/28/2016","00:00",,"212","REPAIR BROKEN MAIN"
"2585555","11/25/2016","02:50","PM","11/28/2016","00:00",,"212","REPAIR BROKEN MAIN"
"2585577","11/25/2016","10:40","PM","11/27/2016","00:00",,"212","REPAIR BROKEN MAIN"
"2585355","11/24/2016","12:05","AM","11/26/2016","00:00",,"212","REPAIR BROKEN MAIN"
"2585356","11/24/2016","12:28","AM","11/27/2016","00:00",,"212","REPAIR BROKEN MAIN"
"2585361","11/24/2016","01:40","AM","11/24/2016","00:00",,"212","REPAIR BROKEN MAIN"
"2585366","11/24/2016","06:39","AM","12/05/2016","00:00",,"212","REPAIR BROKEN MAIN"
"2585378","11/24/2016","09:35","AM","11/25/2016","00:00",,"212","REPAIR BROKEN MAIN"
"2585379","11/24/2016","09:47","AM","11/25/2016","00:00",,"212","REPAIR BROKEN MAIN"
"2585381","11/24/2016","10:01","AM","11/26/2016","00:00",,"212","REPAIR BROKEN MAIN"
"2585382","11/24/2016","10:01","AM","11/25/2016","00:00",,"212","REPAIR BROKEN MAIN"
"2585385","11/24/2016","10:18","AM","11/24/2016","00:00",,"212","REPAIR BROKEN MAIN"
"2585386","11/24/2016","10:39","AM","11/25/2016","00:00",,"212","REPAIR BROKEN MAIN"
"2585388","11/24/2016","10:45","AM","11/25/2016","00:00",,"212","REPAIR BROKEN MAIN"
"2585393","11/24/2016","11:15","AM","11/25/2016","00:00",,"212","REPAIR BROKEN MAIN"
"2585400","11/24/2016","12:34","PM","11/26/2016","00:00",,"212","REPAIR BROKEN MAIN"
"2585403","11/24/2016","12:55","PM","11/25/2016","00:00",,"212","REPAIR BROKEN MAIN"
"2585405","11/24/2016","01:07","PM","01/05/2017","00:00",,"212","REPAIR BROKEN MAIN"
"2585406","11/24/2016","01:10","PM","11/27/2016","00:00",,"212","REPAIR BROKEN MAIN"
"2585416","11/24/2016","02:00","PM","11/25/2016","00:00",,"212","REPAIR BROKEN MAIN"
"2585422","11/24/2016","03:58","PM","11/25/2016","00:00",,"212","REPAIR BROKEN MAIN"
"2585424","11/24/2016","04:13","PM","11/24/2016","00:00",,"212","REPAIR BROKEN MAIN"
"2585426","11/24/2016","05:06","PM","11/25/2016","00:00",,"212","REPAIR BROKEN MAIN"
"2585431","11/24/2016","06:56","PM","11/25/2016","00:00",,"212","REPAIR BROKEN MAIN"
"2585432","11/24/2016","07:01","PM","01/31/2017","00:00",,"212","REPAIR BROKEN MAIN"
"2585433","11/24/2016","07:22","PM","11/26/2016","00:00",,"212","REPAIR BROKEN MAIN"
"2585436","11/24/2016","08:11","PM","01/26/2017","00:00",,"212","REPAIR BROKEN MAIN"
"2585441","11/24/2016","09:13","PM","12/08/2016","00:00",,"212","REPAIR BROKEN MAIN"
"2585445","11/24/2016","10:59","PM","11/26/2016","00:00",,"212","REPAIR BROKEN MAIN"
"2585108","11/23/2016","01:18","AM","01/02/2017","00:00",,"212","REPAIR BROKEN MAIN"
"2585135","11/23/2016","08:40","AM","11/23/2016","00:00",,"212","REPAIR BROKEN MAIN"
"2585166","11/23/2016","09:29","AM","11/23/2016","00:00",,"212","REPAIR BROKEN MAIN"
"2585176","11/23/2016","09:53","AM","11/30/2016","00:00",,"212","REPAIR BROKEN MAIN"
"2585179","11/23/2016","10:10","AM","11/23/2016","00:00",,"212","REPAIR BROKEN MAIN"
"2585211","11/23/2016","10:46","AM","02/22/2017","00:00",,"212","REPAIR BROKEN MAIN"
"2585220","11/23/2016","11:04","AM","11/23/2016","00:00",,"212","REPAIR BROKEN MAIN"
"2585226","11/23/2016","11:19","AM","11/23/2016","00:00",,"212","REPAIR BROKEN MAIN"
"2585240","11/23/2016","11:42","AM","11/23/2016","00:00",,"212","REPAIR BROKEN MAIN"
"2585261","11/23/2016","12:31","PM","11/23/2016","00:00",,"212","REPAIR BROKEN MAIN"
"2585317","11/23/2016","04:18","PM","11/23/2016","00:00",,"212","REPAIR BROKEN MAIN"
"2585325","11/23/2016","05:38","PM","11/26/2016","00:00",,"212","REPAIR BROKEN MAIN"
"2585332","11/23/2016","07:15","PM","01/10/2017","00:00",,"212","REPAIR BROKEN MAIN"
"2585333","11/23/2016","07:29","PM","11/23/2016","00:00",,"212","REPAIR BROKEN MAIN"
"2585345","11/23/2016","09:20","PM","11/26/2016","00:00",,"212","REPAIR BROKEN MAIN"
"2585354","11/23/2016","11:56","PM","11/24/2016","00:00",,"212","REPAIR BROKEN MAIN"
"2584843","11/22/2016","02:27","AM","11/22/2016","00:00",,"212","REPAIR BROKEN MAIN"
"2584864","11/22/2016","08:01","AM","11/22/2016","00:00",,"212","REPAIR BROKEN MAIN"
"2584876","11/22/2016","08:37","AM","11/22/2016","00:00",,"212","REPAIR BROKEN MAIN"
"2584877","11/22/2016","08:43","AM","11/22/2016","00:00",,"212","REPAIR BROKEN MAIN"
"2584920","11/22/2016","10:22","AM","11/22/2016","00:00",,"212","REPAIR BROKEN MAIN"
"2584944","11/22/2016","10:50","AM","11/22/2016","00:00",,"212","REPAIR BROKEN MAIN"
"2584945","11/22/2016","10:48","AM","11/22/2016","00:00",,"212","REPAIR BROKEN MAIN"
"2584997","11/22/2016","01:30","PM","11/22/2016","00:00",,"212","REPAIR BROKEN MAIN"
"2585051","11/22/2016","03:14","PM","12/23/2016","00:00",,"212","REPAIR BROKEN MAIN"
"2585062","11/22/2016","03:45","PM","11/23/2016","00:00",,"212","REPAIR BROKEN MAIN"
"2585065","11/22/2016","03:54","PM","11/23/2016","00:00",,"212","REPAIR BROKEN MAIN"
"2585068","11/22/2016","04:06","PM","11/23/2016","00:00",,"212","REPAIR BROKEN MAIN"
"2585080","11/22/2016","05:36","PM","11/23/2016","00:00",,"212","REPAIR BROKEN MAIN"
"2585090","11/22/2016","08:03","PM","11/23/2016","00:00",,"212","REPAIR BROKEN MAIN"
"2585095","11/22/2016","08:50","PM","12/06/2016","00:00",,"212","REPAIR BROKEN MAIN"
"2585096","11/22/2016","08:52","PM","11/23/2016","00:00",,"212","REPAIR BROKEN MAIN"
"2585101","11/22/2016","09:32","PM","11/23/2016","00:00",,"212","REPAIR BROKEN MAIN"
"2584569","11/21/2016","06:17","AM","11/21/2016","00:00",,"212","REPAIR BROKEN MAIN"
"2584575","11/21/2016","07:25","AM","11/28/2016","00:00",,"212","REPAIR BROKEN MAIN"
"2584622","11/21/2016","08:51","AM","11/21/2016","00:00",,"212","REPAIR BROKEN MAIN"
"2584638","11/21/2016","09:23","AM","11/21/2016","00:00",,"212","REPAIR BROKEN MAIN"
"2584643","11/21/2016","09:33","AM","02/01/2017","00:00",,"212","REPAIR BROKEN MAIN"
"2584782","11/21/2016","03:30","PM","11/22/2016","00:00",,"212","REPAIR BROKEN MAIN"
"2584813","11/21/2016","06:40","PM","11/22/2016","00:00",,"212","REPAIR BROKEN MAIN"
"2584823","11/21/2016","08:19","PM","11/22/2016","00:00",,"212","REPAIR BROKEN MAIN"
"2584836","11/21/2016","10:23","PM","11/22/2016","00:00",,"212","REPAIR BROKEN MAIN"
"2584837","11/21/2016","11:09","PM","11/22/2016","00:00",,"212","REPAIR BROKEN MAIN"
"2584839","11/21/2016","11:39","PM","11/22/2016","00:00",,"212","REPAIR BROKEN MAIN"
"2584840","11/21/2016","11:48","PM","11/22/2016","00:00",,"212","REPAIR BROKEN MAIN"
"2584519","11/20/2016","11:15","AM","11/22/2016","00:00",,"212","REPAIR BROKEN MAIN"
"2584525","11/20/2016","12:00","AM","11/22/2016","00:00",,"212","REPAIR BROKEN MAIN"
"2584527","11/20/2016","12:16","PM","11/22/2016","00:00",,"212","REPAIR BROKEN MAIN"
"2584529","11/20/2016","12:41","PM","11/20/2016","00:00",,"212","REPAIR BROKEN MAIN"
"2584555","11/20/2016","07:35","PM","11/21/2016","00:00",,"212","REPAIR BROKEN MAIN"
"2584560","11/20/2016","08:34","PM","11/22/2016","00:00",,"212","REPAIR BROKEN MAIN"
"2584563","11/20/2016","09:04","PM","11/21/2016","00:00",,"212","REPAIR BROKEN MAIN"
"2584566","11/20/2016","11:10","PM","11/21/2016","00:00",,"212","REPAIR BROKEN MAIN"
"2584408","11/19/2016","01:13","AM","11/20/2016","00:00",,"212","REPAIR BROKEN MAIN"
"2584442","11/19/2016","08:25","AM","11/19/2016","00:00",,"212","REPAIR BROKEN MAIN"
"2584465","11/19/2016","12:10","PM","11/20/2016","00:00",,"212","REPAIR BROKEN MAIN"
"2584494","11/19/2016","05:00","PM","11/20/2016","00:00",,"212","REPAIR BROKEN MAIN"
"2584498","11/19/2016","07:11","PM","11/20/2016","00:00",,"212","REPAIR BROKEN MAIN"
"2584502","11/19/2016","11:08","PM","11/20/2016","00:00",,"212","REPAIR BROKEN MAIN"
"2584266","11/18/2016","09:03","AM","11/18/2016","00:00",,"212","REPAIR BROKEN MAIN"
"2584273","11/18/2016","09:28","AM","11/19/2016","00:00",,"212","REPAIR BROKEN MAIN"
"2584274","11/18/2016","09:28","AM","11/18/2016","00:00",,"212","REPAIR BROKEN MAIN"
"2584288","11/18/2016","10:43","AM","11/19/2016","00:00",,"212","REPAIR BROKEN MAIN"
"2584341","11/18/2016","01:35","PM","11/19/2016","00:00",,"212","REPAIR BROKEN MAIN"
"2584356","11/18/2016","02:43","PM","11/19/2016","00:00",,"212","REPAIR BROKEN MAIN"
"2584364","11/18/2016","03:21","PM","12/29/2016","00:00",,"212","REPAIR BROKEN MAIN"
"2584379","11/18/2016","05:14","PM","11/19/2016","00:00",,"212","REPAIR BROKEN MAIN"
"2584402","11/18/2016","08:58","PM","11/19/2016","00:00",,"212","REPAIR BROKEN MAIN"
"2584404","11/18/2016","09:31","PM","11/20/2016","00:00",,"212","REPAIR BROKEN MAIN"
"2583975","11/17/2016","06:10","AM","12/05/2016","00:00",,"212","REPAIR BROKEN MAIN"
"2583981","11/17/2016","07:07","AM","11/18/2016","00:00",,"212","REPAIR BROKEN MAIN"
"2584014","11/17/2016","08:37","AM","11/17/2016","00:00",,"212","REPAIR BROKEN MAIN"
"2584045","11/17/2016","10:25","AM","11/17/2016","00:00",,"212","REPAIR BROKEN MAIN"
"2584049","11/17/2016","10:33","AM","11/22/2016","00:00",,"212","REPAIR BROKEN MAIN"
"2584081","11/17/2016","11:49","AM","11/17/2016","00:00",,"212","REPAIR BROKEN MAIN"
"2584138","11/17/2016","03:02","PM","11/17/2016","00:00",,"212","REPAIR BROKEN MAIN"
"2584163","11/17/2016","04:46","PM","12/08/2016","00:00",,"212","REPAIR BROKEN MAIN"
"2584166","11/17/2016","05:19","PM","11/18/2016","00:00",,"212","REPAIR BROKEN MAIN"
"2584173","11/17/2016","06:51","PM","11/19/2016","00:00",,"212","REPAIR BROKEN MAIN"
"2584185","11/17/2016","08:54","PM","11/18/2016","00:00",,"212","REPAIR BROKEN MAIN"
"2584190","11/17/2016","10:24","PM","11/18/2016","00:00",,"212","REPAIR BROKEN MAIN"
"2584192","11/17/2016","10:46","PM","11/18/2016","00:00",,"212","REPAIR BROKEN MAIN"
"2583714","11/16/2016","06:58","AM","11/16/2016","00:00",,"212","REPAIR BROKEN MAIN"
"2583717","11/16/2016","07:13","AM","11/16/2016","00:00",,"212","REPAIR BROKEN MAIN"
"2583762","11/16/2016","09:06","AM","11/16/2016","00:00",,"212","REPAIR BROKEN MAIN"
"2583787","11/16/2016","09:42","AM","11/16/2016","00:00",,"212","REPAIR BROKEN MAIN"
"2583788","11/16/2016","09:45","AM","11/16/2016","00:00",,"212","REPAIR BROKEN MAIN"
"2583795","11/16/2016","10:10","AM","11/16/2016","00:00",,"212","REPAIR BROKEN MAIN"
"2583802","11/16/2016","10:26","AM","11/16/2016","00:00",,"212","REPAIR BROKEN MAIN"
"2583821","11/16/2016","11:36","AM","11/17/2016","00:00",,"212","REPAIR BROKEN MAIN"
"2583835","11/16/2016","12:14","PM","11/18/2016","00:00",,"212","REPAIR BROKEN MAIN"
"2583865","11/16/2016","01:20","PM","11/16/2016","00:00",,"212","REPAIR BROKEN MAIN"
"2583909","11/16/2016","03:50","PM","11/16/2016","00:00",,"212","REPAIR BROKEN MAIN"
"2583953","11/16/2016","07:52","PM","11/17/2016","00:00",,"212","REPAIR BROKEN MAIN"
"2583346","11/15/2016","06:10","AM","11/15/2016","00:00",,"212","REPAIR BROKEN MAIN"
"2583439","11/15/2016","09:53","AM","11/15/2016","00:00",,"212","REPAIR BROKEN MAIN"
"2583444","11/15/2016","10:13","AM","11/15/2016","00:00",,"212","REPAIR BROKEN MAIN"
"2583492","11/15/2016","12:59","PM","11/16/2016","00:00",,"212","REPAIR BROKEN MAIN"
"2583498","11/15/2016","01:11","PM","11/16/2016","00:00",,"212","REPAIR BROKEN MAIN"
"2583529","11/15/2016","02:21","PM","11/15/2016","00:00",,"212","REPAIR BROKEN MAIN"
"2583578","11/15/2016","04:08","PM","11/15/2016","00:00",,"212","REPAIR BROKEN MAIN"
"2583599","11/15/2016","06:08","PM","11/16/2016","00:00",,"212","REPAIR BROKEN MAIN"
"2583694","11/15/2016","08:31","PM","11/16/2016","00:00",,"212","REPAIR BROKEN MAIN"
"2583701","11/15/2016","09:22","PM","11/16/2016","00:00",,"212","REPAIR BROKEN MAIN"
"2583704","11/15/2016","09:46","PM","11/16/2016","00:00",,"212","REPAIR BROKEN MAIN"
"2583706","11/15/2016","10:22","PM","11/16/2016","00:00",,"212","REPAIR BROKEN MAIN"
"2581034","11/14/2016","12:00","AM","11/14/2016","00:00",,"212","REPAIR BROKEN MAIN"
"2581039","11/14/2016","06:11","AM","11/14/2016","00:00",,"212","REPAIR BROKEN MAIN"
"2581040","11/14/2016","06:16","AM","11/14/2016","00:00",,"212","REPAIR BROKEN MAIN"
"2581080","11/14/2016","09:09","AM","11/15/2016","00:00",,"212","REPAIR BROKEN MAIN"
"2581128","11/14/2016","09:56","AM","11/14/2016","00:00",,"212","REPAIR BROKEN MAIN"
"2581188","11/14/2016","11:48","AM","11/16/2016","00:00",,"212","REPAIR BROKEN MAIN"
"2581279","11/14/2016","02:33","PM","11/15/2016","00:00",,"212","REPAIR BROKEN MAIN"
"2581324","11/14/2016","04:28","PM","11/17/2016","00:00",,"212","REPAIR BROKEN MAIN"
"2581347","11/14/2016","07:05","PM","11/14/2016","00:00",,"212","REPAIR BROKEN MAIN"
"2581350","11/14/2016","07:13","PM","11/16/2016","00:00",,"212","REPAIR BROKEN MAIN"
"2581351","11/14/2016","07:29","PM","11/15/2016","00:00",,"212","REPAIR BROKEN MAIN"
"2581352","11/14/2016","07:35","PM","11/15/2016","00:00",,"212","REPAIR BROKEN MAIN"
"2581354","11/14/2016","08:02","PM","11/15/2016","00:00",,"212","REPAIR BROKEN MAIN"
"2583341","11/14/2016","09:04","PM","11/15/2016","00:00",,"212","REPAIR BROKEN MAIN"
"2580989","11/13/2016","06:46","AM","11/13/2016","00:00",,"212","REPAIR BROKEN MAIN"
"2580995","11/13/2016","09:10","AM","11/16/2016","00:00",,"212","REPAIR BROKEN MAIN"
"2580998","11/13/2016","09:49","AM","11/14/2016","00:00",,"212","REPAIR BROKEN MAIN"
"2581000","11/13/2016","10:47","AM","11/14/2016","00:00",,"212","REPAIR BROKEN MAIN"
"2581012","11/13/2016","03:27","PM","11/15/2016","00:00",,"212","REPAIR BROKEN MAIN"
"2581013","11/13/2016","03:49","PM","11/14/2016","00:00",,"212","REPAIR BROKEN MAIN"
"2581014","11/13/2016","04:09","PM","11/14/2016","00:00",,"212","REPAIR BROKEN MAIN"
"2581020","11/13/2016","05:26","PM","01/31/2017","00:00",,"212","REPAIR BROKEN MAIN"
"2580914","11/12/2016","01:21","AM","11/12/2016","00:00",,"212","REPAIR BROKEN MAIN"
"2580918","11/12/2016","07:50","AM","11/12/2016","00:00",,"212","REPAIR BROKEN MAIN"
"2580924","11/12/2016","09:55","AM","11/12/2016","00:00",,"212","REPAIR BROKEN MAIN"
"2580932","11/12/2016","11:16","AM","11/13/2016","00:00",,"212","REPAIR BROKEN MAIN"
"2580944","11/12/2016","01:33","PM","11/13/2016","00:00",,"212","REPAIR BROKEN MAIN"
"2580964","11/12/2016","06:24","PM","11/14/2016","00:00",,"212","REPAIR BROKEN MAIN"
"2580975","11/12/2016","08:17","PM","11/13/2016","00:00",,"212","REPAIR BROKEN MAIN"
"2580982","11/12/2016","10:42","PM","11/13/2016","00:00",,"212","REPAIR BROKEN MAIN"
"2580983","11/12/2016","11:47","PM","01/31/2017","00:00",,"212","REPAIR BROKEN MAIN"
"2580845","11/11/2016","09:39","AM","11/14/2016","00:00",,"212","REPAIR BROKEN MAIN"
"2580851","11/11/2016","10:29","AM","11/11/2016","00:00",,"212","REPAIR BROKEN MAIN"
"2580856","11/11/2016","11:10","AM","11/11/2016","00:00",,"212","REPAIR BROKEN MAIN"
"2580885","11/11/2016","02:44","PM","11/11/2016","00:00",,"212","REPAIR BROKEN MAIN"
"2580889","11/11/2016","03:15","PM","11/12/2016","00:00",,"212","REPAIR BROKEN MAIN"
"2580890","11/11/2016","03:19","PM","11/11/2016","00:00",,"212","REPAIR BROKEN MAIN"
"2580896","11/11/2016","05:14","PM","11/12/2016","00:00",,"212","REPAIR BROKEN MAIN"
"2580707","11/10/2016","12:58","PM","11/10/2016","00:00",,"212","REPAIR BROKEN MAIN"
"2580719","11/10/2016","01:38","PM","11/14/2016","00:00",,"212","REPAIR BROKEN MAIN"
"2580742","11/10/2016","03:07","PM","11/11/2016","00:00",,"212","REPAIR BROKEN MAIN"
"2580765","11/10/2016","05:03","PM","11/11/2016","00:00",,"212","REPAIR BROKEN MAIN"
"2580826","11/10/2016","11:57","PM","12/05/2016","00:00",,"212","REPAIR BROKEN MAIN"
"2580531","11/09/2016","12:41","PM","11/10/2016","00:00",,"212","REPAIR BROKEN MAIN"
"2580558","11/09/2016","02:17","PM","11/09/2016","00:00",,"212","REPAIR BROKEN MAIN"
"2580576","11/09/2016","02:58","PM","11/09/2016","00:00",,"212","REPAIR BROKEN MAIN"
"2580615","11/09/2016","08:27","PM","11/10/2016","00:00",,"212","REPAIR BROKEN MAIN"
"2580400","11/08/2016","10:30","AM","11/08/2016","00:00",,"212","REPAIR BROKEN MAIN"
"2580409","11/08/2016","12:10","PM","11/09/2016","00:00",,"212","REPAIR BROKEN MAIN"
"2580447","11/08/2016","06:23","PM","11/09/2016","00:00",,"212","REPAIR BROKEN MAIN"
"2580448","11/08/2016","06:26","PM","11/09/2016","00:00",,"212","REPAIR BROKEN MAIN"
"2580101","11/07/2016","04:35","AM","11/15/2016","00:00",,"212","REPAIR BROKEN MAIN"
"2580178","11/07/2016","09:44","AM","11/07/2016","00:00",,"212","REPAIR BROKEN MAIN"
"2580183","11/07/2016","09:54","AM","11/07/2016","00:00",,"212","REPAIR BROKEN MAIN"
"2580187","11/07/2016","10:03","AM","11/07/2016","00:00",,"212","REPAIR BROKEN MAIN"
"2580303","11/07/2016","02:57","PM","11/07/2016","00:00",,"212","REPAIR BROKEN MAIN"
"2580333","11/07/2016","04:34","PM","11/08/2016","00:00",,"212","REPAIR BROKEN MAIN"
"2580376","11/07/2016","10:05","PM","11/22/2016","00:00",,"212","REPAIR BROKEN MAIN"
"2580060","11/06/2016","08:47","AM","11/07/2016","00:00",,"212","REPAIR BROKEN MAIN"
"2580083","11/06/2016","03:54","PM","11/14/2016","00:00",,"212","REPAIR BROKEN MAIN"
"2580009","11/05/2016","10:21","AM","11/05/2016","00:00",,"212","REPAIR BROKEN MAIN"
"2580011","11/05/2016","10:28","AM","11/05/2016","00:00",,"212","REPAIR BROKEN MAIN"
"2580046","11/05/2016","08:38","PM","11/06/2016","00:00",,"212","REPAIR BROKEN MAIN"
"2579789","11/04/2016","08:12","AM","11/04/2016","00:00",,"212","REPAIR BROKEN MAIN"
"2579911","11/04/2016","02:48","PM","11/04/2016","00:00",,"212","REPAIR BROKEN MAIN"
"2579976","11/04/2016","07:34","PM","11/05/2016","00:00",,"212","REPAIR BROKEN MAIN"
"2579506","11/03/2016","02:25","AM","11/03/2016","00:00",,"212","REPAIR BROKEN MAIN"
"2579528","11/03/2016","08:30","AM","11/03/2016","00:00",,"212","REPAIR BROKEN MAIN"
"2579551","11/03/2016","09:41","AM","11/03/2016","00:00",,"212","REPAIR BROKEN MAIN"
"2579555","11/03/2016","09:57","AM","11/04/2016","00:00",,"212","REPAIR BROKEN MAIN"
"2579565","11/03/2016","10:17","AM","11/03/2016","00:00",,"212","REPAIR BROKEN MAIN"
"2579567","11/03/2016","10:19","AM","11/04/2016","00:00",,"212","REPAIR BROKEN MAIN"
"2579624","11/03/2016","01:04","PM","11/07/2016","00:00",,"212","REPAIR BROKEN MAIN"
"2579658","11/03/2016","02:24","PM","11/03/2016","00:00",,"212","REPAIR BROKEN MAIN"
"2579667","11/03/2016","02:46","PM","11/04/2016","00:00",,"212","REPAIR BROKEN MAIN"
"2579693","11/03/2016","04:09","PM","11/03/2016","00:00",,"212","REPAIR BROKEN MAIN"
"2579737","11/03/2016","10:39","PM","11/04/2016","00:00",,"212","REPAIR BROKEN MAIN"
"2579242","11/02/2016","05:36","AM","11/02/2016","00:00",,"212","REPAIR BROKEN MAIN"
"2579243","11/02/2016","05:47","AM","11/02/2016","00:00",,"212","REPAIR BROKEN MAIN"
"2579421","11/02/2016","03:00","PM","11/03/2016","00:00",,"212","REPAIR BROKEN MAIN"
"2579473","11/02/2016","07:17","PM","11/03/2016","00:00",,"212","REPAIR BROKEN MAIN"
"2577589","11/01/2016","08:07","AM","11/01/2016","00:00",,"212","REPAIR BROKEN MAIN"
"2577609","11/01/2016","09:37","AM","11/02/2016","00:00",,"212","REPAIR BROKEN MAIN"
"2577364","10/31/2016","10:21","AM","12/13/2016","00:00",,"212","REPAIR BROKEN MAIN"
"2577378","10/31/2016","10:59","AM","10/31/2016","00:00",,"212","REPAIR BROKEN MAIN"
"2577451","10/31/2016","02:11","PM","10/31/2016","00:00",,"212","REPAIR BROKEN MAIN"
"2577467","10/31/2016","03:08","PM","10/31/2016","00:00",,"212","REPAIR BROKEN MAIN"
"2577553","10/31/2016","05:42","PM","11/02/2016","00:00",,"212","REPAIR BROKEN MAIN"
"2577223","10/30/2016","01:05","AM","10/30/2016","00:00",,"212","REPAIR BROKEN MAIN"
"2577234","10/30/2016","09:05","AM","10/30/2016","00:00",,"212","REPAIR BROKEN MAIN"
"2577237","10/30/2016","09:50","AM","10/31/2016","00:00",,"212","REPAIR BROKEN MAIN"
"2577238","10/30/2016","10:10","AM","10/30/2016","00:00",,"212","REPAIR BROKEN MAIN"
"2577242","10/30/2016","10:48","AM","10/30/2016","00:00",,"212","REPAIR BROKEN MAIN"
"2577245","10/30/2016","11:17","AM","10/30/2016","00:00",,"212","REPAIR BROKEN MAIN"
"2577252","10/30/2016","01:01","PM","10/30/2016","00:00",,"212","REPAIR BROKEN MAIN"
"2577255","10/30/2016","01:49","PM","10/31/2016","00:00",,"212","REPAIR BROKEN MAIN"
"2577284","10/30/2016","07:30","PM","10/31/2016","00:00",,"212","REPAIR BROKEN MAIN"
"2577182","10/29/2016","10:45","AM","10/29/2016","00:00",,"212","REPAIR BROKEN MAIN"
"2577216","10/29/2016","07:24","PM","11/02/2016","00:00",,"212","REPAIR BROKEN MAIN"
"2577222","10/29/2016","11:55","PM","10/30/2016","00:00",,"212","REPAIR BROKEN MAIN"
"2576995","10/28/2016","08:48","AM","10/28/2016","00:00",,"212","REPAIR BROKEN MAIN"
"2577067","10/28/2016","11:24","AM","10/28/2016","00:00",,"212","REPAIR BROKEN MAIN"
"2577080","10/28/2016","11:52","AM","10/28/2016","00:00",,"212","REPAIR BROKEN MAIN"
"2577137","10/28/2016","05:30","PM","10/28/2016","00:00",,"212","REPAIR BROKEN MAIN"
"2577152","10/28/2016","07:36","PM","10/29/2016","00:00",,"212","REPAIR BROKEN MAIN"
"2577160","10/28/2016","08:26","PM","10/31/2016","00:00",,"212","REPAIR BROKEN MAIN"
"2577165","10/28/2016","09:16","PM","10/29/2016","00:00",,"212","REPAIR BROKEN MAIN"
"2576696","10/27/2016","07:16","AM","11/05/2016","00:00",,"212","REPAIR BROKEN MAIN"
"2576705","10/27/2016","08:24","AM","10/27/2016","00:00",,"212","REPAIR BROKEN MAIN"
"2576729","10/27/2016","09:55","AM","10/27/2016","00:00",,"212","REPAIR BROKEN MAIN"
"2576755","10/27/2016","11:15","AM","10/28/2016","00:00",,"212","REPAIR BROKEN MAIN"
"2576807","10/27/2016","01:31","PM","10/27/2016","00:00",,"212","REPAIR BROKEN MAIN"
"2576830","10/27/2016","02:52","PM","10/27/2016","00:00",,"212","REPAIR BROKEN MAIN"
"2576855","10/27/2016","04:43","PM","11/02/2016","00:00",,"212","REPAIR BROKEN MAIN"
"2576073","10/26/2016","10:58","AM","10/26/2016","00:00",,"212","REPAIR BROKEN MAIN"
"2576075","10/26/2016","11:02","AM","10/26/2016","00:00",,"212","REPAIR BROKEN MAIN"
"2576083","10/26/2016","11:41","AM","10/27/2016","00:00",,"212","REPAIR BROKEN MAIN"
"2576118","10/26/2016","01:55","PM","10/27/2016","00:00",,"212","REPAIR BROKEN MAIN"
"2575774","10/25/2016","06:45","AM","10/25/2016","00:00",,"212","REPAIR BROKEN MAIN"
"2575818","10/25/2016","08:41","AM","10/25/2016","00:00",,"212","REPAIR BROKEN MAIN"
"2575833","10/25/2016","09:30","AM","10/26/2016","00:00",,"212","REPAIR BROKEN MAIN"
"2575851","10/25/2016","10:47","AM","10/26/2016","00:00",,"212","REPAIR BROKEN MAIN"
"2575852","10/25/2016","10:51","AM","10/25/2016","00:00",,"212","REPAIR BROKEN MAIN"
"2575855","10/25/2016","10:59","AM","10/25/2016","00:00",,"212","REPAIR BROKEN MAIN"
"2575944","10/25/2016","04:42","PM","10/26/2016","00:00",,"212","REPAIR BROKEN MAIN"
"2575962","10/25/2016","06:00","PM","10/25/2016","00:00",,"212","REPAIR BROKEN MAIN"
"2575964","10/25/2016","06:10","PM","10/31/2016","00:00",,"212","REPAIR BROKEN MAIN"
"2575998","10/25/2016","10:43","PM","10/26/2016","00:00",,"212","REPAIR BROKEN MAIN"
"2575553","10/24/2016","09:56","AM","11/02/2016","00:00",,"212","REPAIR BROKEN MAIN"
"2575609","10/24/2016","12:15","PM","10/24/2016","00:00",,"212","REPAIR BROKEN MAIN"
"2575622","10/24/2016","01:03","PM","10/24/2016","00:00",,"212","REPAIR BROKEN MAIN"
"2575267","10/21/2016","10:10","AM","10/26/2016","00:00",,"212","REPAIR BROKEN MAIN"
"2575109","10/20/2016","03:24","PM","10/21/2016","00:00",,"212","REPAIR BROKEN MAIN"
"2575141","10/20/2016","05:16","PM","10/21/2016","00:00",,"212","REPAIR BROKEN MAIN"
"2574819","10/19/2016","11:53","AM","10/19/2016","00:00",,"212","REPAIR BROKEN MAIN"
"2574848","10/19/2016","01:45","PM","10/20/2016","00:00",,"212","REPAIR BROKEN MAIN"
"2574909","10/19/2016","04:44","PM","10/20/2016","00:00",,"212","REPAIR BROKEN MAIN"
"2574107","10/17/2016","12:08","AM","10/18/2016","00:00",,"212","REPAIR BROKEN MAIN"
"2574167","10/17/2016","09:17","AM","10/17/2016","00:00",,"212","REPAIR BROKEN MAIN"
"2574067","10/16/2016","12:13","AM","10/16/2016","00:00",,"212","REPAIR BROKEN MAIN"
"2574068","10/16/2016","12:23","AM","10/17/2016","00:00",,"212","REPAIR BROKEN MAIN"
"2574000","10/15/2016","12:32","AM","10/17/2016","00:00",,"212","REPAIR BROKEN MAIN"
"2574001","10/15/2016","01:11","AM","10/15/2016","00:00",,"212","REPAIR BROKEN MAIN"
"2574010","10/15/2016","09:10","AM","10/15/2016","00:00",,"212","REPAIR BROKEN MAIN"
"2574020","10/15/2016","11:07","AM","10/17/2016","00:00",,"212","REPAIR BROKEN MAIN"
"2574032","10/15/2016","01:27","PM","10/16/2016","00:00",,"212","REPAIR BROKEN MAIN"
"2572205","10/14/2016","01:04","PM","10/14/2016","00:00",,"212","REPAIR BROKEN MAIN"
"2572207","10/14/2016","01:07","PM","10/17/2016","00:00",,"212","REPAIR BROKEN MAIN"
"2572226","10/14/2016","01:55","PM","10/14/2016","00:00",,"212","REPAIR BROKEN MAIN"
"2572234","10/14/2016","02:13","PM","10/15/2016","00:00",,"212","REPAIR BROKEN MAIN"
"2573991","10/14/2016","08:34","PM","10/15/2016","00:00",,"212","REPAIR BROKEN MAIN"
"2571895","10/13/2016","10:09","AM","10/13/2016","00:00",,"212","REPAIR BROKEN MAIN"
"2571913","10/13/2016","11:05","AM","10/13/2016","00:00",,"212","REPAIR BROKEN MAIN"
"2571955","10/13/2016","12:36","PM","10/13/2016","00:00",,"212","REPAIR BROKEN MAIN"
"2571593","10/12/2016","01:35","AM","10/12/2016","00:00",,"212","REPAIR BROKEN MAIN"
"2571594","10/12/2016","02:14","AM","10/12/2016","00:00",,"212","REPAIR BROKEN MAIN"
"2571597","10/12/2016","04:30","AM","10/12/2016","00:00",,"212","REPAIR BROKEN MAIN"
"2571632","10/12/2016","09:36","AM","02/07/2017","00:00",,"212","REPAIR BROKEN MAIN"
"2571704","10/12/2016","01:20","PM","10/12/2016","00:00",,"212","REPAIR BROKEN MAIN"
"2571724","10/12/2016","02:35","PM","10/13/2016","00:00",,"212","REPAIR BROKEN MAIN"
"2571764","10/12/2016","04:03","PM","10/13/2016","00:00",,"212","REPAIR BROKEN MAIN"
"2571827","10/12/2016","08:19","PM","10/21/2016","00:00",,"212","REPAIR BROKEN MAIN"
"2571335","10/11/2016","05:02","AM","10/11/2016","00:00",,"212","REPAIR BROKEN MAIN"
"2571412","10/11/2016","11:03","AM","10/11/2016","00:00",,"212","REPAIR BROKEN MAIN"
"2571454","10/11/2016","12:09","PM","10/13/2016","00:00",,"212","REPAIR BROKEN MAIN"
"2571455","10/11/2016","12:16","PM","10/12/2016","00:00",,"212","REPAIR BROKEN MAIN"
"2571513","10/11/2016","02:38","PM","10/13/2016","00:00",,"212","REPAIR BROKEN MAIN"
"2571517","10/11/2016","02:48","PM","10/12/2016","00:00",,"212","REPAIR BROKEN MAIN"
"2571570","10/11/2016","06:31","PM","10/12/2016","00:00",,"212","REPAIR BROKEN MAIN"
"2571590","10/11/2016","11:10","PM","10/12/2016","00:00",,"212","REPAIR BROKEN MAIN"
"2571288","10/10/2016","01:29","PM","10/10/2016","00:00",,"212","REPAIR BROKEN MAIN"
"2571315","10/10/2016","05:30","PM","10/11/2016","00:00",,"212","REPAIR BROKEN MAIN"
"2571326","10/10/2016","08:21","PM","10/11/2016","00:00",,"212","REPAIR BROKEN MAIN"
"2571195","10/09/2016","12:57","AM","10/09/2016","00:00",,"212","REPAIR BROKEN MAIN"
"2571201","10/09/2016","08:43","AM","10/11/2016","00:00",,"212","REPAIR BROKEN MAIN"
"2571225","10/09/2016","06:08","PM","10/10/2016","00:00",,"212","REPAIR BROKEN MAIN"
"2571227","10/09/2016","07:07","PM","10/10/2016","00:00",,"212","REPAIR BROKEN MAIN"
"2571127","10/08/2016","06:57","AM","10/09/2016","00:00",,"212","REPAIR BROKEN MAIN"
"2571158","10/08/2016","02:13","PM","10/08/2016","00:00",,"212","REPAIR BROKEN MAIN"
"2571177","10/08/2016","05:04","PM","10/11/2016","00:00",,"212","REPAIR BROKEN MAIN"
"2570936","10/07/2016","06:16","AM","10/07/2016","00:00",,"212","REPAIR BROKEN MAIN"
"2571055","10/07/2016","02:39","PM","10/08/2016","00:00",,"212","REPAIR BROKEN MAIN"
"2571095","10/07/2016","05:55","PM","10/12/2016","00:00",,"212","REPAIR BROKEN MAIN"
"2571116","10/07/2016","08:12","PM","10/08/2016","00:00",,"212","REPAIR BROKEN MAIN"
"2570894","10/06/2016","01:10","PM","10/07/2016","00:00",,"212","REPAIR BROKEN MAIN"
"2570232","10/04/2016","09:54","AM","10/04/2016","00:00",,"212","REPAIR BROKEN MAIN"
"2570291","10/04/2016","12:26","PM","10/04/2016","00:00",,"212","REPAIR BROKEN MAIN"
"2570302","10/04/2016","01:10","PM","10/04/2016","00:00",,"212","REPAIR BROKEN MAIN"
"2570010","10/03/2016","08:21","AM","10/03/2016","00:00",,"212","REPAIR BROKEN MAIN"
"2570025","10/03/2016","09:17","AM","10/05/2016","00:00",,"212","REPAIR BROKEN MAIN"
"2570037","10/03/2016","10:06","AM","10/03/2016","00:00",,"212","REPAIR BROKEN MAIN"
"2570137","10/03/2016","04:45","PM","11/16/2016","00:00",,"212","REPAIR BROKEN MAIN"
"2570183","10/03/2016","10:32","PM","10/04/2016","00:00",,"212","REPAIR BROKEN MAIN"
"2570184","10/03/2016","10:34","PM","10/04/2016","00:00",,"212","REPAIR BROKEN MAIN"
"2569957","10/02/2016","01:05","PM","10/02/2016","00:00",,"212","REPAIR BROKEN MAIN"
"2569982","10/02/2016","06:51","PM","10/03/2016","00:00",,"212","REPAIR BROKEN MAIN"
"2568203","10/01/2016","09:42","PM","10/03/2016","00:00",,"212","REPAIR BROKEN MAIN"
"2567838","09/29/2016","09:38","AM","09/29/2016","00:00",,"212","REPAIR BROKEN MAIN"
"2567927","09/29/2016","04:18","PM","09/29/2016","00:00",,"212","REPAIR BROKEN MAIN"
"2567957","09/29/2016","11:04","PM","09/30/2016","00:00",,"212","REPAIR BROKEN MAIN"
"2567566","09/28/2016","09:24","AM","09/28/2016","00:00",,"212","REPAIR BROKEN MAIN"
"2567536","09/27/2016","11:27","PM","09/28/2016","00:00",,"212","REPAIR BROKEN MAIN"
"2567214","09/26/2016","01:17","PM","09/28/2016","00:00",,"212","REPAIR BROKEN MAIN"
"2566776","09/23/2016","08:23","AM","09/23/2016","00:00",,"212","REPAIR BROKEN MAIN"
"2566123","09/22/2016","12:42","AM","09/23/2016","00:00",,"212","REPAIR BROKEN MAIN"
"2566149","09/22/2016","07:48","AM","09/22/2016","00:00",,"212","REPAIR BROKEN MAIN"
"2565940","09/21/2016","08:03","AM","09/21/2016","00:00",,"212","REPAIR BROKEN MAIN"
"2565585","09/20/2016","04:40","AM","09/20/2016","00:00",,"212","REPAIR BROKEN MAIN"
"2565563","09/19/2016","04:50","PM","09/20/2016","00:00",,"212","REPAIR BROKEN MAIN"
"2565368","09/18/2016","11:16","PM","10/06/2016","00:00",,"212","REPAIR BROKEN MAIN"
"2565282","09/17/2016","12:35","AM","09/19/2016","00:00",,"212","REPAIR BROKEN MAIN"
"2565317","09/17/2016","05:00","PM","09/18/2016","00:00",,"212","REPAIR BROKEN MAIN"
"2565061","09/16/2016","06:46","AM","09/16/2016","00:00",,"212","REPAIR BROKEN MAIN"
"2565269","09/16/2016","06:53","PM","09/17/2016","00:00",,"212","REPAIR BROKEN MAIN"
"2565270","09/16/2016","06:58","PM","09/17/2016","00:00",,"212","REPAIR BROKEN MAIN"
"2564829","09/15/2016","11:29","AM","09/15/2016","00:00",,"212","REPAIR BROKEN MAIN"
"2564884","09/15/2016","02:04","PM","09/15/2016","00:00",,"212","REPAIR BROKEN MAIN"
"2564902","09/15/2016","02:47","PM","09/16/2016","00:00",,"212","REPAIR BROKEN MAIN"
"2564545","09/14/2016","12:31","AM","09/14/2016","00:00",,"212","REPAIR BROKEN MAIN"
"2564548","09/14/2016","05:00","AM","09/14/2016","00:00",,"212","REPAIR BROKEN MAIN"
"2564550","09/14/2016","06:07","AM","09/14/2016","00:00",,"212","REPAIR BROKEN MAIN"
"2564282","09/13/2016","08:33","AM","09/14/2016","00:00",,"212","REPAIR BROKEN MAIN"
"2562405","09/11/2016","08:16","PM","09/13/2016","00:00",,"212","REPAIR BROKEN MAIN"
"2562406","09/11/2016","08:52","PM","10/12/2016","00:00",,"212","REPAIR BROKEN MAIN"
"2562179","09/09/2016","11:37","AM","09/13/2016","00:00",,"212","REPAIR BROKEN MAIN"
"2562204","09/09/2016","12:21","PM","09/09/2016","00:00",,"212","REPAIR BROKEN MAIN"
"2562220","09/09/2016","01:09","PM","09/09/2016","00:00",,"212","REPAIR BROKEN MAIN"
"2561827","09/08/2016","07:23","AM","09/08/2016","00:00",,"212","REPAIR BROKEN MAIN"
"2561885","09/08/2016","10:44","AM","09/08/2016","00:00",,"212","REPAIR BROKEN MAIN"
"2562005","09/08/2016","03:20","PM","09/08/2016","00:00",,"212","REPAIR BROKEN MAIN"
"2561608","09/07/2016","06:47","AM","09/07/2016","00:00",,"212","REPAIR BROKEN MAIN"
"2561666","09/07/2016","09:34","AM","09/07/2016","00:00",,"212","REPAIR BROKEN MAIN"
"2561800","09/07/2016","07:17","PM","09/08/2016","00:00",,"212","REPAIR BROKEN MAIN"
"2561311","09/04/2016","05:59","PM","09/05/2016","00:00",,"212","REPAIR BROKEN MAIN"
"2561319","09/04/2016","10:29","PM","09/07/2016","00:00",,"212","REPAIR BROKEN MAIN"
"2561214","09/03/2016","01:30","AM","09/03/2016","00:00",,"212","REPAIR BROKEN MAIN"
"2561001","09/02/2016","05:54","AM","09/02/2016","00:00",,"212","REPAIR BROKEN MAIN"
"2561002","09/02/2016","06:05","AM","09/30/2016","00:00",,"212","REPAIR BROKEN MAIN"
"2561089","09/02/2016","10:56","AM","09/02/2016","00:00",,"212","REPAIR BROKEN MAIN"
"2559272","09/01/2016","04:46","PM","09/01/2016","00:00",,"212","REPAIR BROKEN MAIN"
"2559288","09/01/2016","06:33","PM","09/06/2016","00:00",,"212","REPAIR BROKEN MAIN"
"2558872","08/31/2016","08:09","AM","08/31/2016","00:00",,"212","REPAIR BROKEN MAIN"
"2559060","08/31/2016","05:56","PM","09/01/2016","00:00",,"212","REPAIR BROKEN MAIN"
"2559079","08/31/2016","07:53","PM","09/01/2016","00:00",,"212","REPAIR BROKEN MAIN"
"2558657","08/30/2016","08:44","AM","08/30/2016","00:00",,"212","REPAIR BROKEN MAIN"
"2558841","08/30/2016","10:00","PM","09/06/2016","00:00",,"212","REPAIR BROKEN MAIN"
"2558842","08/30/2016","10:02","PM","08/31/2016","00:00",,"212","REPAIR BROKEN MAIN"
"2558586","08/29/2016","07:16","PM","08/30/2016","00:00",,"212","REPAIR BROKEN MAIN"
"2558275","08/28/2016","03:12","PM","08/29/2016","00:00",,"212","REPAIR BROKEN MAIN"
"2557908","08/26/2016","02:03","AM","08/26/2016","00:00",,"212","REPAIR BROKEN MAIN"
"2557909","08/26/2016","03:42","AM","08/27/2016","00:00",,"212","REPAIR BROKEN MAIN"
"2558026","08/26/2016","11:17","AM","09/01/2016","00:00",,"212","REPAIR BROKEN MAIN"
"2557491","08/24/2016","08:41","AM","08/24/2016","00:00",,"212","REPAIR BROKEN MAIN"
"2557232","08/23/2016","05:51","AM","08/23/2016","00:00",,"212","REPAIR BROKEN MAIN"
"2557376","08/23/2016","01:57","PM","08/23/2016","00:00",,"212","REPAIR BROKEN MAIN"
"2557432","08/23/2016","07:09","PM","08/24/2016","00:00",,"212","REPAIR BROKEN MAIN"
"2556998","08/22/2016","01:00","AM","08/22/2016","00:00",,"212","REPAIR BROKEN MAIN"
"2557009","08/22/2016","07:28","AM","08/22/2016","00:00",,"212","REPAIR BROKEN MAIN"
"2557219","08/22/2016","08:57","PM","08/25/2016","00:00",,"212","REPAIR BROKEN MAIN"
"2556938","08/21/2016","04:13","AM","08/21/2016","00:00",,"212","REPAIR BROKEN MAIN"
"2556986","08/21/2016","06:15","PM","08/21/2016","00:00",,"212","REPAIR BROKEN MAIN"
"2556987","08/21/2016","06:26","PM","08/22/2016","00:00",,"212","REPAIR BROKEN MAIN"
"2556891","08/20/2016","06:45","AM","08/20/2016","00:00",,"212","REPAIR BROKEN MAIN"
"2556932","08/20/2016","11:27","PM","08/21/2016","00:00",,"212","REPAIR BROKEN MAIN"
"2556412","08/18/2016","11:31","AM","08/19/2016","00:00",,"212","REPAIR BROKEN MAIN"
"2556495","08/18/2016","03:24","PM","08/18/2016","00:00",,"212","REPAIR BROKEN MAIN"
"2556256","08/17/2016","05:49","PM","08/18/2016","00:00",,"212","REPAIR BROKEN MAIN"
"2555999","08/16/2016","03:57","PM","08/16/2016","00:00",,"212","REPAIR BROKEN MAIN"
"2555615","08/15/2016","09:41","AM","08/15/2016","00:00",,"212","REPAIR BROKEN MAIN"
"2555792","08/15/2016","07:01","PM","08/16/2016","00:00",,"212","REPAIR BROKEN MAIN"
"2555500","08/14/2016","08:30","AM","08/14/2016","00:00",,"212","REPAIR BROKEN MAIN"
"2555495","08/13/2016","11:48","PM","08/14/2016","00:00",,"212","REPAIR BROKEN MAIN"
"2555430","08/12/2016","11:07","PM","08/13/2016","00:00",,"212","REPAIR BROKEN MAIN"
"2554418","08/11/2016","01:20","PM","08/12/2016","00:00",,"212","REPAIR BROKEN MAIN"
"2554150","08/10/2016","02:27","PM","08/10/2016","00:00",,"212","REPAIR BROKEN MAIN"
"2554160","08/10/2016","02:47","PM","08/10/2016","00:00",,"212","REPAIR BROKEN MAIN"
"2552764","08/09/2016","01:55","PM","08/10/2016","00:00",,"212","REPAIR BROKEN MAIN"
"2552835","08/09/2016","06:13","PM","08/10/2016","00:00",,"212","REPAIR BROKEN MAIN"
"2553972","08/09/2016","09:27","PM","08/10/2016","00:00",,"212","REPAIR BROKEN MAIN"
"2549039","08/04/2016","02:54","AM","08/04/2016","00:00",,"212","REPAIR BROKEN MAIN"
"2549052","08/04/2016","08:07","AM","08/04/2016","00:00",,"212","REPAIR BROKEN MAIN"
"2548810","08/03/2016","04:22","AM","08/03/2016","00:00",,"212","REPAIR BROKEN MAIN"
"2548815","08/03/2016","06:01","AM","08/03/2016","00:00",,"212","REPAIR BROKEN MAIN"
"2548636","08/02/2016","10:23","AM","08/03/2016","00:00",,"212","REPAIR BROKEN MAIN"
"2547033","08/01/2016","06:13","AM","08/01/2016","00:00",,"212","REPAIR BROKEN MAIN"
"2547072","08/01/2016","08:45","AM","08/01/2016","00:00",,"212","REPAIR BROKEN MAIN"
"2547077","08/01/2016","09:00","AM","08/01/2016","00:00",,"212","REPAIR BROKEN MAIN"
"2547205","08/01/2016","12:43","PM","08/07/2016","00:00",,"212","REPAIR BROKEN MAIN"
"2547226","08/01/2016","01:28","PM","08/01/2016","00:00",,"212","REPAIR BROKEN MAIN"
"2547314","08/01/2016","07:30","PM","08/03/2016","00:00",,"212","REPAIR BROKEN MAIN"
"2547322","08/01/2016","09:13","PM","08/02/2016","00:00",,"212","REPAIR BROKEN MAIN"
"2546945","07/31/2016","08:59","AM","07/31/2016","00:00",,"212","REPAIR BROKEN MAIN"
"2546978","07/31/2016","10:42","AM","08/01/2016","00:00",,"212","REPAIR BROKEN MAIN"
"2547004","07/31/2016","03:28","PM","08/01/2016","00:00",,"212","REPAIR BROKEN MAIN"
"2546929","07/30/2016","04:25","PM","07/31/2016","00:00",,"212","REPAIR BROKEN MAIN"
"2546818","07/29/2016","05:14","PM","08/01/2016","00:00",,"212","REPAIR BROKEN MAIN"
"2546856","07/29/2016","08:35","PM","07/30/2016","00:00",,"212","REPAIR BROKEN MAIN"
"2546872","07/29/2016","11:50","PM","07/30/2016","00:00",,"212","REPAIR BROKEN MAIN"
"2546518","07/28/2016","02:32","PM","07/29/2016","00:00",,"212","REPAIR BROKEN MAIN"
"2546531","07/28/2016","03:16","PM","08/04/2016","00:00",,"212","REPAIR BROKEN MAIN"
"2546571","07/28/2016","04:48","PM","07/29/2016","00:00",,"212","REPAIR BROKEN MAIN"
"2545678","07/26/2016","02:29","AM","08/02/2016","00:00",,"212","REPAIR BROKEN MAIN"
"2545710","07/26/2016","08:38","AM","07/26/2016","00:00",,"212","REPAIR BROKEN MAIN"
"2545777","07/26/2016","10:08","AM","08/03/2016","00:00",,"212","REPAIR BROKEN MAIN"
"2545410","07/24/2016","07:32","PM","07/24/2016","00:00",,"212","REPAIR BROKEN MAIN"
"2545301","07/23/2016","04:06","AM","07/23/2016","00:00",,"212","REPAIR BROKEN MAIN"
"2544758","07/21/2016","12:46","AM","07/26/2016","00:00",,"212","REPAIR BROKEN MAIN"
"2544382","07/19/2016","07:43","AM","07/19/2016","00:00",,"212","REPAIR BROKEN MAIN"
"2544135","07/18/2016","08:56","AM","07/18/2016","00:00",,"212","REPAIR BROKEN MAIN"
"2544317","07/18/2016","05:30","PM","07/19/2016","00:00",,"212","REPAIR BROKEN MAIN"
"2544044","07/17/2016","03:05","AM","07/18/2016","00:00",,"212","REPAIR BROKEN MAIN"
"2544051","07/17/2016","12:54","PM","07/20/2016","00:00",,"212","REPAIR BROKEN MAIN"
"2544042","07/16/2016","11:09","PM","07/19/2016","00:00",,"212","REPAIR BROKEN MAIN"
"2543973","07/15/2016","09:52","PM","07/16/2016","00:00",,"212","REPAIR BROKEN MAIN"
"2543242","07/13/2016","12:22","AM","07/13/2016","00:00",,"212","REPAIR BROKEN MAIN"
"2543392","07/13/2016","03:05","PM","07/13/2016","00:00",,"212","REPAIR BROKEN MAIN"
"2542555","07/12/2016","09:23","AM","07/12/2016","00:00",,"212","REPAIR BROKEN MAIN"
"2542571","07/12/2016","10:36","AM","07/12/2016","00:00",,"212","REPAIR BROKEN MAIN"
"2543233","07/12/2016","08:44","PM","07/13/2016","00:00",,"212","REPAIR BROKEN MAIN"
"2542483","07/11/2016","06:26","PM","07/12/2016","00:00",,"212","REPAIR BROKEN MAIN"
"2542105","07/09/2016","08:48","AM","07/09/2016","00:00",,"212","REPAIR BROKEN MAIN"
"2542075","07/08/2016","04:16","PM","07/08/2016","00:00",,"212","REPAIR BROKEN MAIN"
"2541242","07/05/2016","10:06","AM","07/06/2016","00:00",,"212","REPAIR BROKEN MAIN"
"2541136","07/04/2016","12:15","AM","07/05/2016","00:00",,"212","REPAIR BROKEN MAIN"
"2541106","07/03/2016","05:44","AM","07/03/2016","00:00",,"212","REPAIR BROKEN MAIN"
"2539930","07/01/2016","02:54","PM","07/07/2016","00:00",,"212","REPAIR BROKEN MAIN"
"2539943","07/01/2016","04:02","PM","07/01/2016","00:00",,"212","REPAIR BROKEN MAIN"
"2539975","07/01/2016","09:17","PM","07/02/2016","00:00",,"212","REPAIR BROKEN MAIN"
"2539514","06/30/2016","07:17","AM","07/01/2016","00:00",,"212","REPAIR BROKEN MAIN"
"2539613","06/30/2016","11:10","AM","07/21/2016","00:00",,"212","REPAIR BROKEN MAIN"
"2539663","06/30/2016","02:00","PM","07/03/2016","00:00",,"212","REPAIR BROKEN MAIN"
"2539201","06/29/2016","12:00","AM","06/29/2016","00:00",,"212","REPAIR BROKEN MAIN"
"2539483","06/29/2016","05:45","PM","06/30/2016","00:00",,"212","REPAIR BROKEN MAIN"
"2539488","06/29/2016","06:20","PM","06/30/2016","00:00",,"212","REPAIR BROKEN MAIN"
"2538733","06/27/2016","08:25","AM","06/28/2016","00:00",,"212","REPAIR BROKEN MAIN"
"2538743","06/27/2016","08:34","AM","06/27/2016","00:00",,"212","REPAIR BROKEN MAIN"
"2538627","06/26/2016","07:56","AM","06/26/2016","00:00",,"212","REPAIR BROKEN MAIN"
"2538667","06/26/2016","11:57","AM","07/05/2016","00:00",,"212","REPAIR BROKEN MAIN"
"2538571","06/25/2016","06:57","AM","06/25/2016","00:00",,"212","REPAIR BROKEN MAIN"
"2538575","06/25/2016","08:13","AM","06/27/2016","00:00",,"212","REPAIR BROKEN MAIN"
"2538550","06/24/2016","07:02","PM","06/25/2016","00:00",,"212","REPAIR BROKEN MAIN"
"2538563","06/24/2016","10:13","PM","06/25/2016","00:00",,"212","REPAIR BROKEN MAIN"
"2538216","06/23/2016","11:34","AM","06/23/2016","00:00",,"212","REPAIR BROKEN MAIN"
"2538111","06/22/2016","05:08","PM","06/23/2016","00:00",,"212","REPAIR BROKEN MAIN"
"2537587","06/20/2016","10:24","AM","06/22/2016","00:00",,"212","REPAIR BROKEN MAIN"
"2537254","06/17/2016","07:31","AM","06/17/2016","00:00",,"212","REPAIR BROKEN MAIN"
"2537300","06/17/2016","09:50","AM","06/17/2016","00:00",,"212","REPAIR BROKEN MAIN"
"2536966","06/16/2016","06:49","AM","06/16/2016","00:00",,"212","REPAIR BROKEN MAIN"
"2537082","06/16/2016","01:00","PM","06/17/2016","00:00",,"212","REPAIR BROKEN MAIN"
"2537163","06/16/2016","07:53","PM","06/17/2016","00:00",,"212","REPAIR BROKEN MAIN"
"2536487","06/15/2016","03:40","PM","06/15/2016","00:00",,"212","REPAIR BROKEN MAIN"
"2535985","06/14/2016","02:36","AM","06/14/2016","00:00",,"212","REPAIR BROKEN MAIN"
"2535987","06/14/2016","05:24","AM","06/14/2016","00:00",,"212","REPAIR BROKEN MAIN"
"2536208","06/14/2016","05:45","PM","06/15/2016","00:00",,"212","REPAIR BROKEN MAIN"
"2534841","06/13/2016","05:36","AM","06/13/2016","00:00",,"212","REPAIR BROKEN MAIN"
"2534871","06/13/2016","08:56","AM","06/13/2016","00:00",,"212","REPAIR BROKEN MAIN"
"2534972","06/13/2016","12:43","PM","06/13/2016","00:00",,"212","REPAIR BROKEN MAIN"
"2534806","06/12/2016","12:06","PM","06/17/2016","00:00",,"212","REPAIR BROKEN MAIN"
"2534507","06/10/2016","12:30","AM","06/10/2016","00:00",,"212","REPAIR BROKEN MAIN"
"2534273","06/08/2016","10:59","PM","06/09/2016","00:00",,"212","REPAIR BROKEN MAIN"
"2533885","06/07/2016","09:24","AM","06/07/2016","00:00",,"212","REPAIR BROKEN MAIN"
"2533992","06/07/2016","01:50","PM","06/07/2016","00:00",,"212","REPAIR BROKEN MAIN"
"2533615","06/06/2016","03:32","PM","06/06/2016","00:00",,"212","REPAIR BROKEN MAIN"
"2533646","06/06/2016","06:43","PM","06/07/2016","00:00",,"212","REPAIR BROKEN MAIN"
"2533384","06/04/2016","09:19","AM","06/06/2016","00:00",,"212","REPAIR BROKEN MAIN"
"2533413","06/04/2016","05:00","PM","06/04/2016","00:00",,"212","REPAIR BROKEN MAIN"
"2533414","06/04/2016","04:50","PM","06/06/2016","00:00",,"212","REPAIR BROKEN MAIN"
"2533138","06/03/2016","08:03","AM","06/03/2016","00:00",,"212","REPAIR BROKEN MAIN"
"2532878","06/02/2016","09:01","AM","06/02/2016","00:00",,"212","REPAIR BROKEN MAIN"
"2530977","05/31/2016","06:51","AM","05/31/2016","00:00",,"212","REPAIR BROKEN MAIN"
"2531270","05/31/2016","06:16","PM","06/03/2016","00:00",,"212","REPAIR BROKEN MAIN"
"2530936","05/30/2016","08:26","AM","05/30/2016","00:00",,"212","REPAIR BROKEN MAIN"
"2530903","05/29/2016","04:09","AM","05/30/2016","00:00",,"212","REPAIR BROKEN MAIN"
"2530865","05/28/2016","12:27","PM","06/08/2016","00:00",,"212","REPAIR BROKEN MAIN"
"2530679","05/27/2016","12:37","AM","05/27/2016","00:00",,"212","REPAIR BROKEN MAIN"
"2530696","05/27/2016","07:52","AM","05/30/2016","00:00",,"212","REPAIR BROKEN MAIN"
"2530537","05/26/2016","02:50","PM","06/11/2016","00:00",,"212","REPAIR BROKEN MAIN"
"2530592","05/26/2016","05:14","PM","05/27/2016","00:00",,"212","REPAIR BROKEN MAIN"
"2530617","05/26/2016","10:46","PM","05/27/2016","00:00",,"212","REPAIR BROKEN MAIN"
"2530189","05/25/2016","02:55","AM","05/25/2016","00:00",,"212","REPAIR BROKEN MAIN"
"2530257","05/25/2016","10:09","AM","05/25/2016","00:00",,"212","REPAIR BROKEN MAIN"
"2530353","05/25/2016","03:55","PM","06/07/2016","00:00",,"212","REPAIR BROKEN MAIN"
"2530378","05/25/2016","05:48","PM","05/26/2016","00:00",,"212","REPAIR BROKEN MAIN"
"2529986","05/24/2016","05:59","AM","05/24/2016","00:00",,"212","REPAIR BROKEN MAIN"
"2529654","05/23/2016","06:54","AM","05/23/2016","00:00",,"212","REPAIR BROKEN MAIN"
"2529599","05/21/2016","11:56","AM","05/21/2016","00:00",,"212","REPAIR BROKEN MAIN"
"2529030","05/18/2016","12:15","PM","05/18/2016","00:00",,"212","REPAIR BROKEN MAIN"
"2528251","05/16/2016","02:16","PM","05/16/2016","00:00",,"212","REPAIR BROKEN MAIN"
"2528041","05/15/2016","08:58","AM","05/15/2016","00:00",,"212","REPAIR BROKEN MAIN"
"2528065","05/15/2016","03:16","PM","05/16/2016","00:00",,"212","REPAIR BROKEN MAIN"
"2528079","05/15/2016","08:46","PM","06/15/2016","00:00",,"212","REPAIR BROKEN MAIN"
"2528021","05/14/2016","12:22","PM","05/16/2016","00:00",,"212","REPAIR BROKEN MAIN"
"2528025","05/14/2016","03:04","PM","05/14/2016","00:00",,"212","REPAIR BROKEN MAIN"
"2527223","05/13/2016","01:25","AM","05/13/2016","00:00",,"212","REPAIR BROKEN MAIN"
"2526371","05/11/2016","08:24","AM","05/11/2016","00:00",,"212","REPAIR BROKEN MAIN"
"2526421","05/11/2016","10:40","AM","05/11/2016","00:00",,"212","REPAIR BROKEN MAIN"
"2525984","05/10/2016","04:47","PM","05/11/2016","00:00",,"212","REPAIR BROKEN MAIN"
"2525570","05/07/2016","06:39","PM","05/09/2016","00:00",,"212","REPAIR BROKEN MAIN"
"2525361","05/06/2016","06:50","AM","06/16/2016","00:00",,"212","REPAIR BROKEN MAIN"
"2525395","05/06/2016","09:26","AM","05/08/2016","00:00",,"212","REPAIR BROKEN MAIN"
"2522297","05/04/2016","08:17","AM","05/04/2016","00:00",,"212","REPAIR BROKEN MAIN"
"2522447","05/04/2016","03:28","PM","05/05/2016","00:00",,"212","REPAIR BROKEN MAIN"
"2522171","05/03/2016","08:00","AM","05/03/2016","00:00",,"212","REPAIR BROKEN MAIN"
"2519175","04/30/2016","05:25","AM","04/30/2016","00:00",,"212","REPAIR BROKEN MAIN"
"2518549","04/27/2016","12:55","AM","04/27/2016","00:00",,"212","REPAIR BROKEN MAIN"
"2518551","04/27/2016","02:23","AM","04/28/2016","00:00",,"212","REPAIR BROKEN MAIN"
"2518535","04/26/2016","07:49","PM","04/27/2016","00:00",,"212","REPAIR BROKEN MAIN"
"2516739","04/18/2016","06:30","AM","04/18/2016","00:00",,"212","REPAIR BROKEN MAIN"
"2516822","04/18/2016","10:49","AM","04/25/2016","00:00",,"212","REPAIR BROKEN MAIN"
"2516944","04/18/2016","06:38","PM","04/19/2016","00:00",,"212","REPAIR BROKEN MAIN"
"2516712","04/17/2016","11:47","AM","04/19/2016","00:00",,"212","REPAIR BROKEN MAIN"
"2516639","04/16/2016","06:10","AM","04/17/2016","00:00",,"212","REPAIR BROKEN MAIN"
"2516642","04/16/2016","08:21","AM","04/16/2016","00:00",,"212","REPAIR BROKEN MAIN"
"2516632","04/15/2016","10:25","PM","04/26/2016","00:00",,"212","REPAIR BROKEN MAIN"
"2513983","04/11/2016","08:33","AM","04/11/2016","00:00",,"212","REPAIR BROKEN MAIN"
"2513990","04/11/2016","08:45","AM","04/11/2016","00:00",,"212","REPAIR BROKEN MAIN"
"2513843","04/09/2016","12:21","AM","04/09/2016","00:00",,"212","REPAIR BROKEN MAIN"
"2513844","04/09/2016","01:35","AM","04/09/2016","00:00",,"212","REPAIR BROKEN MAIN"
"2513668","04/08/2016","07:31","AM","04/08/2016","00:00",,"212","REPAIR BROKEN MAIN"
"2513430","04/07/2016","11:20","AM","04/07/2016","00:00",,"212","REPAIR BROKEN MAIN"
"2513529","04/07/2016","05:00","PM","04/08/2016","00:00",,"212","REPAIR BROKEN MAIN"
"2513082","04/06/2016","06:53","AM","04/06/2016","00:00",,"212","REPAIR BROKEN MAIN"
"2513246","04/06/2016","05:58","PM","06/01/2016","00:00",,"212","REPAIR BROKEN MAIN"
"2512558","04/03/2016","09:07","AM","04/04/2016","00:00",,"212","REPAIR BROKEN MAIN"
"2512586","04/03/2016","06:44","PM","04/04/2016","00:00",,"212","REPAIR BROKEN MAIN"
"2512545","04/02/2016","06:47","PM","04/04/2016","00:00",,"212","REPAIR BROKEN MAIN"
"2510912","04/01/2016","03:07","PM","04/01/2016","00:00",,"212","REPAIR BROKEN MAIN"
"2509632","03/25/2016","03:25","PM","03/28/2016","00:00",,"212","REPAIR BROKEN MAIN"
"2508841","03/22/2016","10:52","AM","03/23/2016","00:00",,"212","REPAIR BROKEN MAIN"
"2508900","03/22/2016","02:05","PM","03/23/2016","00:00",,"212","REPAIR BROKEN MAIN"
"2508753","03/21/2016","06:29","PM","03/22/2016","00:00",,"212","REPAIR BROKEN MAIN"
"2508552","03/20/2016","09:28","AM","03/23/2016","00:00",,"212","REPAIR BROKEN MAIN"
"2508534","03/19/2016","01:58","PM","03/19/2016","00:00",,"212","REPAIR BROKEN MAIN"
"2508484","03/18/2016","05:09","PM","03/19/2016","00:00",,"212","REPAIR BROKEN MAIN"
"2507661","03/16/2016","01:10","PM","03/17/2016","00:00",,"212","REPAIR BROKEN MAIN"
"2505753","03/14/2016","12:44","PM","03/15/2016","00:00",,"212","REPAIR BROKEN MAIN"
"2505830","03/14/2016","04:15","PM","03/14/2016","00:00",,"212","REPAIR BROKEN MAIN"
"2505586","03/13/2016","03:44","PM","03/14/2016","00:00",,"212","REPAIR BROKEN MAIN"
"2504926","03/10/2016","01:42","AM","03/11/2016","00:00",,"212","REPAIR BROKEN MAIN"
"2505136","03/10/2016","04:29","PM","03/11/2016","00:00",,"212","REPAIR BROKEN MAIN"
"2504762","03/09/2016","11:45","AM","03/09/2016","00:00",,"212","REPAIR BROKEN MAIN"
"2504815","03/09/2016","01:59","PM","03/09/2016","00:00",,"212","REPAIR BROKEN MAIN"
"2504867","03/09/2016","03:00","PM","03/09/2016","00:00",,"212","REPAIR BROKEN MAIN"
"2504894","03/09/2016","04:50","PM","03/10/2016","00:00",,"212","REPAIR BROKEN MAIN"
"2504484","03/08/2016","03:25","PM","03/09/2016","00:00",,"212","REPAIR BROKEN MAIN"
"2504248","03/07/2016","02:02","PM","03/08/2016","00:00",,"212","REPAIR BROKEN MAIN"
"2503764","03/03/2016","01:41","PM","03/03/2016","00:00",,"212","REPAIR BROKEN MAIN"
"2503821","03/03/2016","06:52","PM","03/07/2016","00:00",,"212","REPAIR BROKEN MAIN"
"2503342","03/02/2016","06:41","AM","03/02/2016","00:00",,"212","REPAIR BROKEN MAIN"
"2503400","03/02/2016","09:17","AM","03/03/2016","00:00",,"212","REPAIR BROKEN MAIN"
"2503455","03/02/2016","11:15","AM","03/04/2016","00:00",,"212","REPAIR BROKEN MAIN"
"2501706","03/01/2016","11:42","AM","03/01/2016","00:00",,"212","REPAIR BROKEN MAIN"
"2501763","03/01/2016","01:44","PM","03/02/2016","00:00",,"212","REPAIR BROKEN MAIN"
"2501365","02/29/2016","08:08","AM","02/29/2016","00:00",,"212","REPAIR BROKEN MAIN"
"2501400","02/29/2016","10:01","AM","03/01/2016","00:00",,"212","REPAIR BROKEN MAIN"
"2501543","02/29/2016","03:55","PM","03/01/2016","00:00",,"212","REPAIR BROKEN MAIN"
"2501316","02/28/2016","03:57","PM","02/29/2016","00:00",,"212","REPAIR BROKEN MAIN"
"2501341","02/28/2016","11:51","PM","02/29/2016","00:00",,"212","REPAIR BROKEN MAIN"
"2501144","02/27/2016","01:01","AM","02/27/2016","00:00",,"212","REPAIR BROKEN MAIN"
"2501147","02/27/2016","01:38","AM","02/27/2016","00:00",,"212","REPAIR BROKEN MAIN"
"2501219","02/27/2016","10:04","PM","02/28/2016","00:00",,"212","REPAIR BROKEN MAIN"
"2500594","02/25/2016","12:52","PM","02/25/2016","00:00",,"212","REPAIR BROKEN MAIN"
"2500670","02/25/2016","04:27","PM","02/26/2016","00:00",,"212","REPAIR BROKEN MAIN"
"2497632","02/24/2016","11:03","AM","02/25/2016","00:00",,"212","REPAIR BROKEN MAIN"
"2497744","02/24/2016","05:25","PM","03/02/2016","00:00",,"212","REPAIR BROKEN MAIN"
"2496787","02/22/2016","04:48","AM","02/22/2016","00:00",,"212","REPAIR BROKEN MAIN"
"2496929","02/22/2016","12:33","PM","02/23/2016","00:00",,"212","REPAIR BROKEN MAIN"
"2496940","02/22/2016","01:05","PM","02/25/2016","00:00",,"212","REPAIR BROKEN MAIN"
"2497022","02/22/2016","05:12","PM","02/23/2016","00:00",,"212","REPAIR BROKEN MAIN"
"2497056","02/22/2016","09:06","PM","02/24/2016","00:00",,"212","REPAIR BROKEN MAIN"
"2496695","02/21/2016","05:58","AM","02/21/2016","00:00",,"212","REPAIR BROKEN MAIN"
"2496736","02/21/2016","09:31","AM","02/21/2016","00:00",,"212","REPAIR BROKEN MAIN"
"2496737","02/21/2016","09:38","AM","02/22/2016","00:00",,"212","REPAIR BROKEN MAIN"
"2496741","02/21/2016","10:16","AM","02/21/2016","00:00",,"212","REPAIR BROKEN MAIN"
"2496757","02/21/2016","02:22","PM","02/21/2016","00:00",,"212","REPAIR BROKEN MAIN"
"2496759","02/21/2016","03:07","PM","02/22/2016","00:00",,"212","REPAIR BROKEN MAIN"
"2496760","02/21/2016","03:17","PM","02/21/2016","00:00",,"212","REPAIR BROKEN MAIN"
"2496768","02/21/2016","04:38","PM","02/22/2016","00:00",,"212","REPAIR BROKEN MAIN"
"2496661","02/20/2016","12:46","PM","02/21/2016","00:00",,"212","REPAIR BROKEN MAIN"
"2496664","02/20/2016","01:17","PM","02/21/2016","00:00",,"212","REPAIR BROKEN MAIN"
"2496669","02/20/2016","02:04","PM","02/21/2016","00:00",,"212","REPAIR BROKEN MAIN"
"2496457","02/19/2016","08:47","AM","02/19/2016","00:00",,"212","REPAIR BROKEN MAIN"
"2496588","02/19/2016","02:21","PM","02/20/2016","00:00",,"212","REPAIR BROKEN MAIN"
"2496591","02/19/2016","02:39","PM","02/19/2016","00:00",,"212","REPAIR BROKEN MAIN"
"2496601","02/19/2016","03:20","PM","02/19/2016","00:00",,"212","REPAIR BROKEN MAIN"
"2496602","02/19/2016","03:21","PM","02/20/2016","00:00",,"212","REPAIR BROKEN MAIN"
"2496626","02/19/2016","06:03","PM","02/20/2016","00:00",,"212","REPAIR BROKEN MAIN"
"2496627","02/19/2016","06:14","PM","02/22/2016","00:00",,"212","REPAIR BROKEN MAIN"
"2496631","02/19/2016","07:44","PM","03/21/2016","00:00",,"212","REPAIR BROKEN MAIN"
"2496022","02/18/2016","12:40","AM","02/18/2016","00:00",,"212","REPAIR BROKEN MAIN"
"2496023","02/18/2016","01:14","AM","02/18/2016","00:00",,"212","REPAIR BROKEN MAIN"
"2496070","02/18/2016","08:44","AM","02/18/2016","00:00",,"212","REPAIR BROKEN MAIN"
"2496099","02/18/2016","09:58","AM","02/18/2016","00:00",,"212","REPAIR BROKEN MAIN"
"2496110","02/18/2016","10:18","AM","02/19/2016","00:00",,"212","REPAIR BROKEN MAIN"
"2496154","02/18/2016","11:51","AM","02/19/2016","00:00",,"212","REPAIR BROKEN MAIN"
"2496155","02/18/2016","11:52","AM","02/18/2016","00:00",,"212","REPAIR BROKEN MAIN"
"2496168","02/18/2016","12:41","PM","02/19/2016","00:00",,"212","REPAIR BROKEN MAIN"
"2496207","02/18/2016","02:16","PM","02/19/2016","00:00",,"212","REPAIR BROKEN MAIN"
"2496258","02/18/2016","03:50","PM","02/18/2016","00:00",,"212","REPAIR BROKEN MAIN"
"2496267","02/18/2016","04:16","PM","03/02/2016","00:00",,"212","REPAIR BROKEN MAIN"
"2496411","02/18/2016","11:50","PM","02/19/2016","00:00",,"212","REPAIR BROKEN MAIN"
"2495739","02/17/2016","09:55","AM","02/18/2016","00:00",,"212","REPAIR BROKEN MAIN"
"2495753","02/17/2016","10:37","AM","02/17/2016","00:00",,"212","REPAIR BROKEN MAIN"
"2495787","02/17/2016","12:14","PM","02/18/2016","00:00",,"212","REPAIR BROKEN MAIN"
"2495790","02/17/2016","12:33","PM","04/12/2016","00:00",,"212","REPAIR BROKEN MAIN"
"2495820","02/17/2016","02:02","PM","02/17/2016","00:00",,"212","REPAIR BROKEN MAIN"
"2495899","02/17/2016","05:40","PM","02/18/2016","00:00",,"212","REPAIR BROKEN MAIN"
"2494246","02/16/2016","02:53","AM","02/16/2016","00:00",,"212","REPAIR BROKEN MAIN"
"2494300","02/16/2016","09:07","AM","02/17/2016","00:00",,"212","REPAIR BROKEN MAIN"
"2494371","02/16/2016","12:02","PM","02/16/2016","00:00",,"212","REPAIR BROKEN MAIN"
"2494418","02/16/2016","02:29","PM","02/17/2016","00:00",,"212","REPAIR BROKEN MAIN"
"2494430","02/16/2016","02:52","PM","02/17/2016","00:00",,"212","REPAIR BROKEN MAIN"
"2494474","02/16/2016","04:17","PM","02/17/2016","00:00",,"212","REPAIR BROKEN MAIN"
"2494507","02/16/2016","07:32","PM","02/17/2016","00:00",,"212","REPAIR BROKEN MAIN"
"2495676","02/16/2016","10:00","PM","02/17/2016","00:00",,"212","REPAIR BROKEN MAIN"
"2494168","02/15/2016","12:43","AM","02/17/2016","00:00",,"212","REPAIR BROKEN MAIN"
"2494182","02/15/2016","09:17","AM","02/16/2016","00:00",,"212","REPAIR BROKEN MAIN"
"2494225","02/15/2016","04:35","PM","02/17/2016","00:00",,"212","REPAIR BROKEN MAIN"
"2494226","02/15/2016","05:12","PM","03/24/2016","00:00",,"212","REPAIR BROKEN MAIN"
"2494235","02/15/2016","07:13","PM","02/16/2016","00:00",,"212","REPAIR BROKEN MAIN"
"2494068","02/14/2016","07:49","AM","02/14/2016","00:00",,"212","REPAIR BROKEN MAIN"
"2494080","02/14/2016","09:22","AM","02/16/2016","00:00",,"212","REPAIR BROKEN MAIN"
"2494096","02/14/2016","11:16","AM","02/17/2016","00:00",,"212","REPAIR BROKEN MAIN"
"2494134","02/14/2016","04:03","PM","02/17/2016","00:00",,"212","REPAIR BROKEN MAIN"
"2494146","02/14/2016","06:24","PM","02/15/2016","00:00",,"212","REPAIR BROKEN MAIN"
"2494047","02/13/2016","03:30","PM","02/17/2016","00:00",,"212","REPAIR BROKEN MAIN"
"2493912","02/12/2016","11:13","AM","02/12/2016","00:00",,"212","REPAIR BROKEN MAIN"
"2493954","02/12/2016","02:01","PM","02/12/2016","00:00",,"212","REPAIR BROKEN MAIN"
"2493984","02/12/2016","04:38","PM","02/18/2016","00:00",,"212","REPAIR BROKEN MAIN"
"2493994","02/12/2016","05:27","PM","02/17/2016","00:00",,"212","REPAIR BROKEN MAIN"
"2494009","02/12/2016","08:44","PM","02/13/2016","00:00",,"212","REPAIR BROKEN MAIN"
"2494017","02/12/2016","11:59","PM","02/17/2016","00:00",,"212","REPAIR BROKEN MAIN"
"2493556","02/11/2016","08:15","AM","02/16/2016","00:00",,"212","REPAIR BROKEN MAIN"
"2493566","02/11/2016","08:48","AM","02/11/2016","00:00",,"212","REPAIR BROKEN MAIN"
"2493569","02/11/2016","08:56","AM","02/11/2016","00:00",,"212","REPAIR BROKEN MAIN"
"2493631","02/11/2016","11:33","AM","02/11/2016","00:00",,"212","REPAIR BROKEN MAIN"
"2493711","02/11/2016","04:23","PM","02/12/2016","00:00",,"212","REPAIR BROKEN MAIN"
"2493731","02/11/2016","06:38","PM","02/12/2016","00:00",,"212","REPAIR BROKEN MAIN"
"2493780","02/11/2016","08:10","PM","02/12/2016","00:00",,"212","REPAIR BROKEN MAIN"
"2493786","02/11/2016","10:54","PM","02/12/2016","00:00",,"212","REPAIR BROKEN MAIN"
"2493324","02/10/2016","09:31","AM","04/13/2016","00:00",,"212","REPAIR BROKEN MAIN"
"2493381","02/10/2016","01:11","PM","02/11/2016","00:00",,"212","REPAIR BROKEN MAIN"
"2493383","02/10/2016","01:13","PM","02/11/2016","00:00",,"212","REPAIR BROKEN MAIN"
"2493220","02/09/2016","02:36","PM","02/12/2016","00:00",,"212","REPAIR BROKEN MAIN"
"2493260","02/09/2016","06:29","PM","02/10/2016","00:00",,"212","REPAIR BROKEN MAIN"
"2492763","02/08/2016","12:22","AM","02/08/2016","00:00",,"212","REPAIR BROKEN MAIN"
"2492808","02/08/2016","09:22","AM","03/14/2016","00:00",,"212","REPAIR BROKEN MAIN"
"2492896","02/08/2016","12:27","PM","02/10/2016","00:00",,"212","REPAIR BROKEN MAIN"
"2492920","02/08/2016","01:11","PM","02/10/2016","00:00",,"212","REPAIR BROKEN MAIN"
"2492924","02/08/2016","01:19","PM","02/09/2016","00:00",,"212","REPAIR BROKEN MAIN"
"2492959","02/08/2016","02:44","PM","02/08/2016","00:00",,"212","REPAIR BROKEN MAIN"
"2492973","02/08/2016","03:16","PM","02/19/2016","00:00",,"212","REPAIR BROKEN MAIN"
"2493033","02/08/2016","09:43","PM","02/10/2016","00:00",,"212","REPAIR BROKEN MAIN"
"2492724","02/07/2016","10:50","AM","02/09/2016","00:00",,"212","REPAIR BROKEN MAIN"
"2492753","02/07/2016","09:00","PM","02/08/2016","00:00",,"212","REPAIR BROKEN MAIN"
"2492758","02/07/2016","11:13","PM","02/12/2016","00:00",,"212","REPAIR BROKEN MAIN"
"2492593","02/06/2016","01:22","AM","02/07/2016","00:00",,"212","REPAIR BROKEN MAIN"
"2492623","02/06/2016","07:57","AM","02/08/2016","00:00",,"212","REPAIR BROKEN MAIN"
"2492677","02/06/2016","04:41","PM","02/08/2016","00:00",,"212","REPAIR BROKEN MAIN"
"2492679","02/06/2016","04:55","PM","03/07/2016","00:00",,"212","REPAIR BROKEN MAIN"
"2492693","02/06/2016","09:21","PM","02/07/2016","00:00",,"212","REPAIR BROKEN MAIN"
"2492385","02/05/2016","09:28","AM","02/05/2016","00:00",,"212","REPAIR BROKEN MAIN"
"2492401","02/05/2016","09:36","AM","02/05/2016","00:00",,"212","REPAIR BROKEN MAIN"
"2492415","02/05/2016","10:08","AM","02/05/2016","00:00",,"212","REPAIR BROKEN MAIN"
"2492443","02/05/2016","11:08","AM","03/18/2016","00:00",,"212","REPAIR BROKEN MAIN"
"2492566","02/05/2016","07:09","PM","02/06/2016","00:00",,"212","REPAIR BROKEN MAIN"
"2492586","02/05/2016","09:00","PM","02/08/2016","00:00",,"212","REPAIR BROKEN MAIN"
"2492208","02/04/2016","02:07","PM","02/04/2016","00:00",,"212","REPAIR BROKEN MAIN"
"2492209","02/04/2016","02:12","PM","04/12/2016","00:00",,"212","REPAIR BROKEN MAIN"
"2492225","02/04/2016","03:12","PM","02/05/2016","00:00",,"212","REPAIR BROKEN MAIN"
"2492280","02/04/2016","06:24","PM","02/05/2016","00:00",,"212","REPAIR BROKEN MAIN"
"2491871","02/03/2016","05:55","AM","02/03/2016","00:00",,"212","REPAIR BROKEN MAIN"
"2491882","02/03/2016","07:55","AM","02/03/2016","00:00",,"212","REPAIR BROKEN MAIN"
"2491945","02/03/2016","12:33","PM","02/03/2016","00:00",,"212","REPAIR BROKEN MAIN"
"2491951","02/03/2016","12:41","PM","02/17/2016","00:00",,"212","REPAIR BROKEN MAIN"
"2491965","02/03/2016","01:33","PM","02/04/2016","00:00",,"212","REPAIR BROKEN MAIN"
"2491978","02/03/2016","02:36","PM","02/03/2016","00:00",,"212","REPAIR BROKEN MAIN"
"2491575","02/02/2016","03:05","AM","02/02/2016","00:00",,"212","REPAIR BROKEN MAIN"
"2491581","02/02/2016","07:13","AM","02/02/2016","00:00",,"212","REPAIR BROKEN MAIN"
"2491630","02/02/2016","09:47","AM","02/03/2016","00:00",,"212","REPAIR BROKEN MAIN"
"2491640","02/02/2016","10:14","AM","02/02/2016","00:00",,"212","REPAIR BROKEN MAIN"
"2491654","02/02/2016","11:12","AM","02/02/2016","00:00",,"212","REPAIR BROKEN MAIN"
"2491715","02/02/2016","02:21","PM","02/22/2016","00:00",,"212","REPAIR BROKEN MAIN"
"2490726","02/01/2016","10:46","AM","02/01/2016","00:00",,"212","REPAIR BROKEN MAIN"
"2490799","02/01/2016","12:40","PM","02/02/2016","00:00",,"212","REPAIR BROKEN MAIN"
"2490811","02/01/2016","01:14","PM","02/01/2016","00:00",,"212","REPAIR BROKEN MAIN"
"2490816","02/01/2016","01:20","PM","02/02/2016","00:00",,"212","REPAIR BROKEN MAIN"
"2490894","02/01/2016","07:13","PM","02/02/2016","00:00",,"212","REPAIR BROKEN MAIN"
"2490895","02/01/2016","07:31","PM","02/02/2016","00:00",,"212","REPAIR BROKEN MAIN"
"2490897","02/01/2016","08:16","PM","02/02/2016","00:00",,"212","REPAIR BROKEN MAIN"
"2490900","02/01/2016","09:07","PM","02/12/2016","00:00",,"212","REPAIR BROKEN MAIN"
"2490574","01/31/2016","12:21","AM","02/02/2016","00:00",,"212","REPAIR BROKEN MAIN"
"2490585","01/31/2016","11:15","AM","02/01/2016","00:00",,"212","REPAIR BROKEN MAIN"
"2490589","01/31/2016","12:44","PM","02/02/2016","00:00",,"212","REPAIR BROKEN MAIN"
"2490602","01/31/2016","02:53","PM","02/01/2016","00:00",,"212","REPAIR BROKEN MAIN"
"2490604","01/31/2016","03:05","PM","02/01/2016","00:00",,"212","REPAIR BROKEN MAIN"
"2490614","01/31/2016","06:12","PM","02/01/2016","00:00",,"212","REPAIR BROKEN MAIN"
"2490619","01/31/2016","08:15","PM","02/02/2016","00:00",,"212","REPAIR BROKEN MAIN"
"2490623","01/31/2016","11:42","PM","02/01/2016","00:00",,"212","REPAIR BROKEN MAIN"
"2490502","01/30/2016","01:02","AM","02/01/2016","00:00",,"212","REPAIR BROKEN MAIN"
"2490504","01/30/2016","05:47","AM","01/30/2016","00:00",,"212","REPAIR BROKEN MAIN"
"2490522","01/30/2016","10:25","AM","01/30/2016","00:00",,"212","REPAIR BROKEN MAIN"
"2490528","01/30/2016","11:47","AM","01/30/2016","00:00",,"212","REPAIR BROKEN MAIN"
"2490536","01/30/2016","01:52","PM","02/01/2016","00:00",,"212","REPAIR BROKEN MAIN"
"2490543","01/30/2016","02:53","PM","02/01/2016","00:00",,"212","REPAIR BROKEN MAIN"
"2490555","01/30/2016","04:17","PM","02/22/2016","00:00",,"212","REPAIR BROKEN MAIN"
"2490558","01/30/2016","07:26","PM","03/16/2016","00:00",,"212","REPAIR BROKEN MAIN"
"2490560","01/30/2016","08:06","PM","01/31/2016","00:00",,"212","REPAIR BROKEN MAIN"
"2490564","01/30/2016","08:45","PM","01/31/2016","00:00",,"212","REPAIR BROKEN MAIN"
"2490566","01/30/2016","09:11","PM","01/31/2016","00:00",,"212","REPAIR BROKEN MAIN"
"2490567","01/30/2016","09:31","PM","02/01/2016","00:00",,"212","REPAIR BROKEN MAIN"
"2490572","01/30/2016","10:50","PM","01/31/2016","00:00",,"212","REPAIR BROKEN MAIN"
"2490352","01/29/2016","08:49","AM","01/29/2016","00:00",,"212","REPAIR BROKEN MAIN"
"2490366","01/29/2016","09:15","AM","01/29/2016","00:00",,"212","REPAIR BROKEN MAIN"
"2490389","01/29/2016","10:15","AM","01/29/2016","00:00",,"212","REPAIR BROKEN MAIN"
"2490394","01/29/2016","10:29","AM","01/29/2016","00:00",,"212","REPAIR BROKEN MAIN"
"2490397","01/29/2016","10:31","AM","01/29/2016","00:00",,"212","REPAIR BROKEN MAIN"
"2490401","01/29/2016","10:48","AM","01/29/2016","00:00",,"212","REPAIR BROKEN MAIN"
"2490425","01/29/2016","12:21","PM","01/29/2016","00:00",,"212","REPAIR BROKEN MAIN"
"2490426","01/29/2016","12:28","PM","01/30/2016","00:00",,"212","REPAIR BROKEN MAIN"
"2490444","01/29/2016","02:21","PM","01/29/2016","00:00",,"212","REPAIR BROKEN MAIN"
"2490448","01/29/2016","02:42","PM","02/01/2016","00:00",,"212","REPAIR BROKEN MAIN"
"2490456","01/29/2016","03:02","PM","01/29/2016","00:00",,"212","REPAIR BROKEN MAIN"
"2490467","01/29/2016","03:42","PM","02/01/2016","00:00",,"212","REPAIR BROKEN MAIN"
"2490485","01/29/2016","07:15","PM","01/30/2016","00:00",,"212","REPAIR BROKEN MAIN"
"2490497","01/29/2016","09:57","PM","01/30/2016","00:00",,"212","REPAIR BROKEN MAIN"
"2490084","01/28/2016","10:03","AM","01/29/2016","00:00",,"212","REPAIR BROKEN MAIN"
"2490093","01/28/2016","10:49","AM","01/28/2016","00:00",,"212","REPAIR BROKEN MAIN"
"2490112","01/28/2016","11:07","AM","01/29/2016","00:00",,"212","REPAIR BROKEN MAIN"
"2490152","01/28/2016","12:03","PM","01/29/2016","00:00",,"212","REPAIR BROKEN MAIN"
"2490153","01/28/2016","12:04","PM","01/28/2016","00:00",,"212","REPAIR BROKEN MAIN"
"2490168","01/28/2016","01:29","PM","01/28/2016","00:00",,"212","REPAIR BROKEN MAIN"
"2490170","01/28/2016","01:32","PM","01/28/2016","00:00",,"212","REPAIR BROKEN MAIN"
"2490174","01/28/2016","01:19","PM","01/28/2016","00:00",,"212","REPAIR BROKEN MAIN"
"2490179","01/28/2016","01:52","PM","02/01/2016","00:00",,"212","REPAIR BROKEN MAIN"
"2490205","01/28/2016","02:18","PM","01/28/2016","00:00",,"212","REPAIR BROKEN MAIN"
"2490211","01/28/2016","02:28","PM","01/28/2016","00:00",,"212","REPAIR BROKEN MAIN"
"2490249","01/28/2016","06:10","PM","01/29/2016","00:00",,"212","REPAIR BROKEN MAIN"
"2490267","01/28/2016","08:45","PM","01/29/2016","00:00",,"212","REPAIR BROKEN MAIN"
"2490271","01/28/2016","10:31","PM","01/28/2016","00:00",,"212","REPAIR BROKEN MAIN"
"2490302","01/28/2016","11:45","PM","01/28/2016","00:00",,"212","REPAIR BROKEN MAIN"
"2489832","01/27/2016","09:04","AM","01/28/2016","00:00",,"212","REPAIR BROKEN MAIN"
"2489864","01/27/2016","10:17","AM","03/14/2016","00:00",,"212","REPAIR BROKEN MAIN"
"2489878","01/27/2016","11:04","AM","02/09/2016","00:00",,"212","REPAIR BROKEN MAIN"
"2489897","01/27/2016","11:52","AM","03/11/2016","00:00",,"212","REPAIR BROKEN MAIN"
"2489901","01/27/2016","11:57","AM","01/27/2016","00:00",,"212","REPAIR BROKEN MAIN"
"2489932","01/27/2016","01:55","PM","02/12/2016","00:00",,"212","REPAIR BROKEN MAIN"
"2489940","01/27/2016","02:00","PM","01/28/2016","00:00",,"212","REPAIR BROKEN MAIN"
"2489945","01/27/2016","02:23","PM","01/27/2016","00:00",,"212","REPAIR BROKEN MAIN"
"2489962","01/27/2016","03:42","PM","01/28/2016","00:00",,"212","REPAIR BROKEN MAIN"
"2489980","01/27/2016","05:10","PM","01/29/2016","00:00",,"212","REPAIR BROKEN MAIN"
"2489982","01/27/2016","05:16","PM","01/28/2016","00:00",,"212","REPAIR BROKEN MAIN"
"2489984","01/27/2016","05:30","PM","01/28/2016","00:00",,"212","REPAIR BROKEN MAIN"
"2489992","01/27/2016","06:37","PM","01/28/2016","00:00",,"212","REPAIR BROKEN MAIN"
"2489997","01/27/2016","07:34","PM","01/28/2016","00:00",,"212","REPAIR BROKEN MAIN"
"2489998","01/27/2016","07:38","PM","01/28/2016","00:00",,"212","REPAIR BROKEN MAIN"
"2490002","01/27/2016","08:19","PM","01/28/2016","00:00",,"212","REPAIR BROKEN MAIN"
"2490010","01/27/2016","09:35","PM","01/28/2016","00:00",,"212","REPAIR BROKEN MAIN"
"2490013","01/27/2016","09:57","PM","02/12/2016","00:00",,"212","REPAIR BROKEN MAIN"
"2490017","01/27/2016","10:54","PM","01/28/2016","00:00",,"212","REPAIR BROKEN MAIN"
"2490021","01/27/2016","11:55","PM","01/28/2016","00:00",,"212","REPAIR BROKEN MAIN"
"2489597","01/26/2016","06:23","AM","01/27/2016","00:00",,"212","REPAIR BROKEN MAIN"
"2489602","01/26/2016","07:28","AM","01/26/2016","00:00",,"212","REPAIR BROKEN MAIN"
"2489607","01/26/2016","07:55","AM","01/26/2016","00:00",,"212","REPAIR BROKEN MAIN"
"2489608","01/26/2016","08:17","AM","01/26/2016","00:00",,"212","REPAIR BROKEN MAIN"
"2489624","01/26/2016","09:52","AM","01/27/2016","00:00",,"212","REPAIR BROKEN MAIN"
"2489631","01/26/2016","10:37","AM","01/29/2016","00:00",,"212","REPAIR BROKEN MAIN"
"2489635","01/26/2016","10:56","AM","01/26/2016","00:00",,"212","REPAIR BROKEN MAIN"
"2489638","01/26/2016","11:11","AM","04/10/2016","00:00",,"212","REPAIR BROKEN MAIN"
"2489641","01/26/2016","11:36","AM","01/27/2016","00:00",,"212","REPAIR BROKEN MAIN"
"2489652","01/26/2016","12:26","PM","01/27/2016","00:00",,"212","REPAIR BROKEN MAIN"
"2489662","01/26/2016","01:07","PM","01/27/2016","00:00",,"212","REPAIR BROKEN MAIN"
"2489684","01/26/2016","02:46","PM","01/27/2016","00:00",,"212","REPAIR BROKEN MAIN"
"2489695","01/26/2016","03:43","PM","01/26/2016","00:00",,"212","REPAIR BROKEN MAIN"
"2489697","01/26/2016","03:48","PM","01/27/2016","00:00",,"212","REPAIR BROKEN MAIN"
"2489705","01/26/2016","05:01","PM","01/27/2016","00:00",,"212","REPAIR BROKEN MAIN"
"2489708","01/26/2016","05:08","PM","01/27/2016","00:00",,"212","REPAIR BROKEN MAIN"
"2489710","01/26/2016","05:17","PM","01/27/2016","00:00",,"212","REPAIR BROKEN MAIN"
"2489712","01/26/2016","05:34","PM","01/27/2016","00:00",,"212","REPAIR BROKEN MAIN"
"2489721","01/26/2016","07:38","PM","01/27/2016","00:00",,"212","REPAIR BROKEN MAIN"
"2489723","01/26/2016","08:03","PM","01/27/2016","00:00",,"212","REPAIR BROKEN MAIN"
"2489724","01/26/2016","08:05","PM","01/27/2016","00:00",,"212","REPAIR BROKEN MAIN"
"2489728","01/26/2016","09:37","PM","01/28/2016","00:00",,"212","REPAIR BROKEN MAIN"
"2489422","01/25/2016","01:05","AM","01/25/2016","00:00",,"212","REPAIR BROKEN MAIN"
"2489423","01/25/2016","01:35","AM","01/25/2016","00:00",,"212","REPAIR BROKEN MAIN"
"2489426","01/25/2016","05:54","AM","01/26/2016","00:00",,"212","REPAIR BROKEN MAIN"
"2489477","01/25/2016","09:19","AM","01/25/2016","00:00",,"212","REPAIR BROKEN MAIN"
"2489493","01/25/2016","09:42","AM","01/26/2016","00:00",,"212","REPAIR BROKEN MAIN"
"2489495","01/25/2016","09:46","AM","01/27/2016","00:00",,"212","REPAIR BROKEN MAIN"
"2489498","01/25/2016","10:02","AM","01/26/2016","00:00",,"212","REPAIR BROKEN MAIN"
"2489507","01/25/2016","10:30","AM","04/12/2016","00:00",,"212","REPAIR BROKEN MAIN"
"2489515","01/25/2016","11:29","AM","01/28/2016","00:00",,"212","REPAIR BROKEN MAIN"
"2489524","01/25/2016","12:54","PM","01/28/2016","00:00",,"212","REPAIR BROKEN MAIN"
"2489527","01/25/2016","01:15","PM","01/25/2016","00:00",,"212","REPAIR BROKEN MAIN"
"2489533","01/25/2016","01:48","PM","01/27/2016","00:00",,"212","REPAIR BROKEN MAIN"
"2489537","01/25/2016","02:04","PM","01/25/2016","00:00",,"212","REPAIR BROKEN MAIN"
"2489541","01/25/2016","02:16","PM","01/26/2016","00:00",,"212","REPAIR BROKEN MAIN"
"2489542","01/25/2016","02:19","PM","01/26/2016","00:00",,"212","REPAIR BROKEN MAIN"
"2489547","01/25/2016","02:41","PM","04/10/2016","00:00",,"212","REPAIR BROKEN MAIN"
"2489549","01/25/2016","03:25","PM","01/26/2016","00:00",,"212","REPAIR BROKEN MAIN"
"2489562","01/25/2016","04:51","PM","01/26/2016","00:00",,"212","REPAIR BROKEN MAIN"
"2489576","01/25/2016","06:12","PM","01/25/2016","00:00",,"212","REPAIR BROKEN MAIN"
"2489577","01/25/2016","06:14","PM","03/01/2016","00:00",,"212","REPAIR BROKEN MAIN"
"2489579","01/25/2016","06:41","PM","01/28/2016","00:00",,"212","REPAIR BROKEN MAIN"
"2489580","01/25/2016","06:55","PM","02/02/2016","00:00",,"212","REPAIR BROKEN MAIN"
"2489581","01/25/2016","07:05","PM","01/26/2016","00:00",,"212","REPAIR BROKEN MAIN"
"2489584","01/25/2016","07:21","PM","02/02/2016","00:00",,"212","REPAIR BROKEN MAIN"
"2489585","01/25/2016","07:48","PM","01/27/2016","00:00",,"212","REPAIR BROKEN MAIN"
"2489588","01/25/2016","08:52","PM","01/26/2016","00:00",,"212","REPAIR BROKEN MAIN"
"2489592","01/25/2016","11:58","PM","01/27/2016","00:00",,"212","REPAIR BROKEN MAIN"
"2489381","01/24/2016","09:15","AM","03/16/2016","00:00",,"212","REPAIR BROKEN MAIN"
"2489382","01/24/2016","09:24","AM","01/27/2016","00:00",,"212","REPAIR BROKEN MAIN"
"2489383","01/24/2016","09:58","AM","01/26/2016","00:00",,"212","REPAIR BROKEN MAIN"
"2489384","01/24/2016","10:09","AM","03/23/2016","00:00",,"212","REPAIR BROKEN MAIN"
"2489389","01/24/2016","11:15","AM","01/26/2016","00:00",,"212","REPAIR BROKEN MAIN"
"2489406","01/24/2016","05:24","PM","01/27/2016","00:00",,"212","REPAIR BROKEN MAIN"
"2489409","01/24/2016","07:21","PM","01/27/2016","00:00",,"212","REPAIR BROKEN MAIN"
"2489411","01/24/2016","07:28","PM","01/26/2016","00:00",,"212","REPAIR BROKEN MAIN"
"2489364","01/23/2016","10:14","AM","01/24/2016","00:00",,"212","REPAIR BROKEN MAIN"
"2489365","01/23/2016","10:36","AM","01/23/2016","00:00",,"212","REPAIR BROKEN MAIN"
"2489366","01/23/2016","12:15","PM","01/24/2016","00:00",,"212","REPAIR BROKEN MAIN"
"2489371","01/23/2016","04:24","PM","01/26/2016","00:00",,"212","REPAIR BROKEN MAIN"
"2489372","01/23/2016","05:42","PM","01/26/2016","00:00",,"212","REPAIR BROKEN MAIN"
"2489200","01/22/2016","12:35","AM","01/22/2016","00:00",,"212","REPAIR BROKEN MAIN"
"2489209","01/22/2016","06:46","AM","01/22/2016","00:00",,"212","REPAIR BROKEN MAIN"
"2489211","01/22/2016","06:56","AM","01/22/2016","00:00",,"212","REPAIR BROKEN MAIN"
"2489248","01/22/2016","08:52","AM","01/22/2016","00:00",,"212","REPAIR BROKEN MAIN"
"2489287","01/22/2016","10:33","AM","01/22/2016","00:00",,"212","REPAIR BROKEN MAIN"
"2489288","01/22/2016","10:35","AM","01/27/2016","00:00",,"212","REPAIR BROKEN MAIN"
"2489290","01/22/2016","10:46","AM","01/27/2016","00:00",,"212","REPAIR BROKEN MAIN"
"2489303","01/22/2016","11:37","AM","01/22/2016","00:00",,"212","REPAIR BROKEN MAIN"
"2489309","01/22/2016","12:02","PM","01/22/2016","00:00",,"212","REPAIR BROKEN MAIN"
"2489319","01/22/2016","01:35","PM","01/29/2016","00:00",,"212","REPAIR BROKEN MAIN"
"2489321","01/22/2016","01:40","PM","01/22/2016","00:00",,"212","REPAIR BROKEN MAIN"
"2489327","01/22/2016","02:20","PM","01/26/2016","00:00",,"212","REPAIR BROKEN MAIN"
"2489332","01/22/2016","02:27","PM","01/26/2016","00:00",,"212","REPAIR BROKEN MAIN"
"2489338","01/22/2016","03:10","PM","01/28/2016","00:00",,"212","REPAIR BROKEN MAIN"
"2489345","01/22/2016","04:04","PM","01/28/2016","00:00",,"212","REPAIR BROKEN MAIN"
"2489354","01/22/2016","08:01","PM","01/25/2016","00:00",,"212","REPAIR BROKEN MAIN"
"2488812","01/21/2016","12:45","AM","01/21/2016","00:00",,"212","REPAIR BROKEN MAIN"
"2488858","01/21/2016","09:45","AM","01/21/2016","00:00",,"212","REPAIR BROKEN MAIN"
"2488860","01/21/2016","09:50","AM","01/22/2016","00:00",,"212","REPAIR BROKEN MAIN"
"2488896","01/21/2016","11:19","AM","01/27/2016","00:00",,"212","REPAIR BROKEN MAIN"
"2488946","01/21/2016","01:23","PM","01/21/2016","00:00",,"212","REPAIR BROKEN MAIN"
"2488979","01/21/2016","02:08","PM","02/11/2016","00:00",,"212","REPAIR BROKEN MAIN"
"2488980","01/21/2016","02:12","PM","01/21/2016","00:00",,"212","REPAIR BROKEN MAIN"
"2488998","01/21/2016","02:50","PM","01/21/2016","00:00",,"212","REPAIR BROKEN MAIN"
"2489000","01/21/2016","02:59","PM","01/22/2016","00:00",,"212","REPAIR BROKEN MAIN"
"2489001","01/21/2016","03:07","PM","01/21/2016","00:00",,"212","REPAIR BROKEN MAIN"
"2489020","01/21/2016","04:19","PM","01/21/2016","00:00",,"212","REPAIR BROKEN MAIN"
"2489024","01/21/2016","04:36","PM","01/22/2016","00:00",,"212","REPAIR BROKEN MAIN"
"2489033","01/21/2016","05:06","PM","01/22/2016","00:00",,"212","REPAIR BROKEN MAIN"
"2489040","01/21/2016","05:10","PM","01/22/2016","00:00",,"212","REPAIR BROKEN MAIN"
"2489052","01/21/2016","06:48","PM","01/22/2016","00:00",,"212","REPAIR BROKEN MAIN"
"2489053","01/21/2016","07:03","PM","02/22/2016","00:00",,"212","REPAIR BROKEN MAIN"
"2489059","01/21/2016","07:27","PM","01/22/2016","00:00",,"212","REPAIR BROKEN MAIN"
"2489061","01/21/2016","07:34","PM","01/22/2016","00:00",,"212","REPAIR BROKEN MAIN"
"2489142","01/21/2016","08:53","PM","01/26/2016","00:00",,"212","REPAIR BROKEN MAIN"
"2489149","01/21/2016","09:55","PM","01/22/2016","00:00",,"212","REPAIR BROKEN MAIN"
"2489151","01/21/2016","10:00","PM","01/22/2016","00:00",,"212","REPAIR BROKEN MAIN"
"2489157","01/21/2016","10:42","PM","01/26/2016","00:00",,"212","REPAIR BROKEN MAIN"
"2489161","01/21/2016","11:08","PM","01/22/2016","00:00",,"212","REPAIR BROKEN MAIN"
"2489198","01/21/2016","11:43","PM","01/22/2016","00:00",,"212","REPAIR BROKEN MAIN"
"2488349","01/20/2016","02:26","AM","02/11/2016","00:00",,"212","REPAIR BROKEN MAIN"
"2488355","01/20/2016","06:14","AM","01/20/2016","00:00",,"212","REPAIR BROKEN MAIN"
"2488397","01/20/2016","08:08","AM","01/20/2016","00:00",,"212","REPAIR BROKEN MAIN"
"2488402","01/20/2016","08:15","AM","01/20/2016","00:00",,"212","REPAIR BROKEN MAIN"
"2488417","01/20/2016","09:02","AM","01/20/2016","00:00",,"212","REPAIR BROKEN MAIN"
"2488458","01/20/2016","10:24","AM","01/21/2016","00:00",,"212","REPAIR BROKEN MAIN"
"2488466","01/20/2016","10:32","AM","01/21/2016","00:00",,"212","REPAIR BROKEN MAIN"
"2488491","01/20/2016","11:08","AM","01/21/2016","00:00",,"212","REPAIR BROKEN MAIN"
"2488512","01/20/2016","11:37","AM","01/21/2016","00:00",,"212","REPAIR BROKEN MAIN"
"2488530","01/20/2016","12:22","PM","01/22/2016","00:00",,"212","REPAIR BROKEN MAIN"
"2488554","01/20/2016","12:58","PM","01/22/2016","00:00",,"212","REPAIR BROKEN MAIN"
"2488579","01/20/2016","01:49","PM","01/21/2016","00:00",,"212","REPAIR BROKEN MAIN"
"2488709","01/20/2016","06:58","PM","01/21/2016","00:00",,"212","REPAIR BROKEN MAIN"
"2488796","01/20/2016","09:07","PM","01/21/2016","00:00",,"212","REPAIR BROKEN MAIN"
"2488802","01/20/2016","09:59","PM","01/21/2016","00:00",,"212","REPAIR BROKEN MAIN"
"2488044","01/19/2016","12:48","AM","01/19/2016","00:00",,"212","REPAIR BROKEN MAIN"
"2488045","01/19/2016","01:28","AM","01/19/2016","00:00",,"212","REPAIR BROKEN MAIN"
"2488071","01/19/2016","08:07","AM","01/19/2016","00:00",,"212","REPAIR BROKEN MAIN"
"2488108","01/19/2016","08:58","AM","01/19/2016","00:00",,"212","REPAIR BROKEN MAIN"
"2488110","01/19/2016","09:02","AM","01/20/2016","00:00",,"212","REPAIR BROKEN MAIN"
"2488131","01/19/2016","09:20","AM","01/19/2016","00:00",,"212","REPAIR BROKEN MAIN"
"2488166","01/19/2016","10:12","AM","01/19/2016","00:00",,"212","REPAIR BROKEN MAIN"
"2488190","01/19/2016","11:12","AM","01/19/2016","00:00",,"212","REPAIR BROKEN MAIN"
"2488233","01/19/2016","12:53","PM","01/20/2016","00:00",,"212","REPAIR BROKEN MAIN"
"2488321","01/19/2016","07:43","PM","01/20/2016","00:00",,"212","REPAIR BROKEN MAIN"
"2488326","01/19/2016","08:40","PM","01/27/2016","00:00",,"212","REPAIR BROKEN MAIN"
"2488339","01/19/2016","09:59","PM","01/20/2016","00:00",,"212","REPAIR BROKEN MAIN"
"2488346","01/19/2016","11:03","PM","03/21/2016","00:00",,"212","REPAIR BROKEN MAIN"
"2487933","01/18/2016","02:28","AM","01/19/2016","00:00",,"212","REPAIR BROKEN MAIN"
"2487938","01/18/2016","06:56","AM","01/18/2016","00:00",,"212","REPAIR BROKEN MAIN"
"2487947","01/18/2016","08:08","AM","01/18/2016","00:00",,"212","REPAIR BROKEN MAIN"
"2487948","01/18/2016","08:06","AM","01/19/2016","00:00",,"212","REPAIR BROKEN MAIN"
"2487953","01/18/2016","08:46","AM","03/01/2016","00:00",,"212","REPAIR BROKEN MAIN"
"2487959","01/18/2016","09:29","AM","01/18/2016","00:00",,"212","REPAIR BROKEN MAIN"
"2487983","01/18/2016","11:32","AM","01/18/2016","00:00",,"212","REPAIR BROKEN MAIN"
"2487992","01/18/2016","12:00","AM","01/18/2016","00:00",,"212","REPAIR BROKEN MAIN"
"2487998","01/18/2016","01:07","PM","03/07/2016","00:00",,"212","REPAIR BROKEN MAIN"
"2488001","01/18/2016","01:45","PM","01/19/2016","00:00",,"212","REPAIR BROKEN MAIN"
"2488004","01/18/2016","02:03","PM","01/19/2016","00:00",,"212","REPAIR BROKEN MAIN"
"2488029","01/18/2016","07:11","PM","01/19/2016","00:00",,"212","REPAIR BROKEN MAIN"
"2488036","01/18/2016","08:10","PM","01/20/2016","00:00",,"212","REPAIR BROKEN MAIN"
"2487900","01/17/2016","10:51","AM","01/17/2016","00:00",,"212","REPAIR BROKEN MAIN"
"2487905","01/17/2016","12:47","PM","01/27/2016","00:00",,"212","REPAIR BROKEN MAIN"
"2487920","01/17/2016","04:33","PM","01/18/2016","00:00",,"212","REPAIR BROKEN MAIN"
"2487929","01/17/2016","08:52","PM","01/18/2016","00:00",,"212","REPAIR BROKEN MAIN"
"2487793","01/16/2016","05:16","AM","01/16/2016","00:00",,"212","REPAIR BROKEN MAIN"
"2487805","01/16/2016","09:51","AM","01/16/2016","00:00",,"212","REPAIR BROKEN MAIN"
"2487814","01/16/2016","11:49","AM","01/16/2016","00:00",,"212","REPAIR BROKEN MAIN"
"2487834","01/16/2016","01:59","PM","01/17/2016","00:00",,"212","REPAIR BROKEN MAIN"
"2487840","01/16/2016","02:25","PM","01/16/2016","00:00",,"212","REPAIR BROKEN MAIN"
"2487844","01/16/2016","02:50","PM","01/17/2016","00:00",,"212","REPAIR BROKEN MAIN"
"2487845","01/16/2016","02:59","PM","01/19/2016","00:00",,"212","REPAIR BROKEN MAIN"
"2487846","01/16/2016","03:05","PM","01/19/2016","00:00",,"212","REPAIR BROKEN MAIN"
"2487852","01/16/2016","03:36","PM","01/19/2016","00:00",,"212","REPAIR BROKEN MAIN"
"2487853","01/16/2016","03:41","PM","01/19/2016","00:00",,"212","REPAIR BROKEN MAIN"
"2487858","01/16/2016","05:09","PM","01/17/2016","00:00",,"212","REPAIR BROKEN MAIN"
"2487864","01/16/2016","06:16","PM","01/19/2016","00:00",,"212","REPAIR BROKEN MAIN"
"2487869","01/16/2016","06:43","PM","01/18/2016","00:00",,"212","REPAIR BROKEN MAIN"
"2487880","01/16/2016","11:06","PM","01/17/2016","00:00",,"212","REPAIR BROKEN MAIN"
"2487884","01/16/2016","11:50","PM","01/19/2016","00:00",,"212","REPAIR BROKEN MAIN"
"2487547","01/15/2016","06:08","AM","01/18/2016","00:00",,"212","REPAIR BROKEN MAIN"
"2487550","01/15/2016","06:44","AM","01/15/2016","00:00",,"212","REPAIR BROKEN MAIN"
"2487656","01/15/2016","11:32","AM","01/15/2016","00:00",,"212","REPAIR BROKEN MAIN"
"2487694","01/15/2016","01:08","PM","01/15/2016","00:00",,"212","REPAIR BROKEN MAIN"
"2487714","01/15/2016","02:09","PM","01/19/2016","00:00",,"212","REPAIR BROKEN MAIN"
"2487766","01/15/2016","05:27","PM","01/17/2016","00:00",,"212","REPAIR BROKEN MAIN"
"2487194","01/14/2016","06:19","AM","01/14/2016","00:00",,"212","REPAIR BROKEN MAIN"
"2487221","01/14/2016","08:34","AM","01/14/2016","00:00",,"212","REPAIR BROKEN MAIN"
"2487292","01/14/2016","11:30","AM","01/14/2016","00:00",,"212","REPAIR BROKEN MAIN"
"2487300","01/14/2016","12:07","PM","01/14/2016","00:00",,"212","REPAIR BROKEN MAIN"
"2487372","01/14/2016","03:44","PM","01/27/2016","00:00",,"212","REPAIR BROKEN MAIN"
"2487387","01/14/2016","04:34","PM","01/15/2016","00:00",,"212","REPAIR BROKEN MAIN"
"2487390","01/14/2016","04:58","PM","01/15/2016","00:00",,"212","REPAIR BROKEN MAIN"
"2487481","01/14/2016","08:50","PM","01/15/2016","00:00",,"212","REPAIR BROKEN MAIN"
"2487489","01/14/2016","09:54","PM","01/15/2016","00:00",,"212","REPAIR BROKEN MAIN"
"2487494","01/14/2016","10:52","PM","02/19/2016","00:00",,"212","REPAIR BROKEN MAIN"
"2487495","01/14/2016","10:55","PM","01/20/2016","00:00",,"212","REPAIR BROKEN MAIN"
"2487502","01/14/2016","11:24","PM","01/15/2016","00:00",,"212","REPAIR BROKEN MAIN"
"2485537","01/13/2016","02:27","AM","01/13/2016","00:00",,"212","REPAIR BROKEN MAIN"
"2485543","01/13/2016","07:51","AM","01/13/2016","00:00",,"212","REPAIR BROKEN MAIN"
"2485544","01/13/2016","07:59","AM","01/19/2016","00:00",,"212","REPAIR BROKEN MAIN"
"2485581","01/13/2016","10:04","AM","01/19/2016","00:00",,"212","REPAIR BROKEN MAIN"
"2485605","01/13/2016","11:20","AM","01/13/2016","00:00",,"212","REPAIR BROKEN MAIN"
"2485653","01/13/2016","01:37","PM","01/14/2016","00:00",,"212","REPAIR BROKEN MAIN"
"2485675","01/13/2016","02:39","PM","01/15/2016","00:00",,"212","REPAIR BROKEN MAIN"
"2487183","01/13/2016","08:59","PM","01/15/2016","00:00",,"212","REPAIR BROKEN MAIN"
"2487189","01/13/2016","11:10","PM","01/14/2016","00:00",,"212","REPAIR BROKEN MAIN"
"2487190","01/13/2016","11:44","PM","01/14/2016","00:00",,"212","REPAIR BROKEN MAIN"
"2485235","01/12/2016","12:10","AM","02/04/2016","00:00",,"212","REPAIR BROKEN MAIN"
"2485237","01/12/2016","05:21","AM","01/26/2016","00:00",,"212","REPAIR BROKEN MAIN"
"2485408","01/12/2016","02:17","PM","01/12/2016","00:00",,"212","REPAIR BROKEN MAIN"
"2485457","01/12/2016","04:07","PM","01/14/2016","00:00",,"212","REPAIR BROKEN MAIN"
"2485460","01/12/2016","04:20","PM","03/18/2016","00:00",,"212","REPAIR BROKEN MAIN"
"2485491","01/12/2016","07:07","PM","01/13/2016","00:00",,"212","REPAIR BROKEN MAIN"
"2484882","01/11/2016","08:24","AM","01/11/2016","00:00",,"212","REPAIR BROKEN MAIN"
"2484895","01/11/2016","08:50","AM","01/11/2016","00:00",,"212","REPAIR BROKEN MAIN"
"2485033","01/11/2016","02:49","PM","01/12/2016","00:00",,"212","REPAIR BROKEN MAIN"
"2485067","01/11/2016","05:11","PM","01/12/2016","00:00",,"212","REPAIR BROKEN MAIN"
"2485082","01/11/2016","06:48","PM","01/19/2016","00:00",,"212","REPAIR BROKEN MAIN"
"2485229","01/11/2016","09:09","PM","01/12/2016","00:00",,"212","REPAIR BROKEN MAIN"
"2484792","01/10/2016","12:47","PM","01/11/2016","00:00",,"212","REPAIR BROKEN MAIN"
"2484793","01/10/2016","12:53","PM","01/11/2016","00:00",,"212","REPAIR BROKEN MAIN"
"2484794","01/10/2016","12:55","PM","01/19/2016","00:00",,"212","REPAIR BROKEN MAIN"
"2484795","01/10/2016","12:59","PM","01/11/2016","00:00",,"212","REPAIR BROKEN MAIN"
"2484810","01/10/2016","05:14","PM","01/14/2016","00:00",,"212","REPAIR BROKEN MAIN"
"2484811","01/10/2016","05:17","PM","01/11/2016","00:00",,"212","REPAIR BROKEN MAIN"
"2484812","01/10/2016","05:33","PM","01/11/2016","00:00",,"212","REPAIR BROKEN MAIN"
"2484813","01/10/2016","05:30","PM","01/12/2016","00:00",,"212","REPAIR BROKEN MAIN"
"2484824","01/10/2016","11:20","PM","01/12/2016","00:00",,"212","REPAIR BROKEN MAIN"
"2484711","01/09/2016","07:13","AM","03/18/2016","00:00",,"212","REPAIR BROKEN MAIN"
"2484751","01/09/2016","11:12","AM","03/11/2016","00:00",,"212","REPAIR BROKEN MAIN"
"2484755","01/09/2016","12:39","PM","01/11/2016","00:00",,"212","REPAIR BROKEN MAIN"
"2484759","01/09/2016","02:02","PM","01/09/2016","00:00",,"212","REPAIR BROKEN MAIN"
"2484775","01/09/2016","07:59","PM","03/24/2016","00:00",,"212","REPAIR BROKEN MAIN"
"2484778","01/09/2016","10:10","PM","01/09/2016","00:00",,"212","REPAIR BROKEN MAIN"
"2484470","01/08/2016","05:50","AM","01/08/2016","00:00",,"212","REPAIR BROKEN MAIN"
"2484472","01/08/2016","06:15","AM","01/08/2016","00:00",,"212","REPAIR BROKEN MAIN"
"2484511","01/08/2016","08:41","AM","01/08/2016","00:00",,"212","REPAIR BROKEN MAIN"
"2484597","01/08/2016","11:27","AM","01/08/2016","00:00",,"212","REPAIR BROKEN MAIN"
"2484600","01/08/2016","11:32","AM","03/03/2016","00:00",,"212","REPAIR BROKEN MAIN"
"2484610","01/08/2016","12:21","PM","01/13/2016","00:00",,"212","REPAIR BROKEN MAIN"
"2484625","01/08/2016","01:16","PM","01/19/2016","00:00",,"212","REPAIR BROKEN MAIN"
"2484636","01/08/2016","01:45","PM","01/08/2016","00:00",,"212","REPAIR BROKEN MAIN"
"2484656","01/08/2016","02:44","PM","01/12/2016","00:00",,"212","REPAIR BROKEN MAIN"
"2484183","01/07/2016","07:02","AM","01/07/2016","00:00",,"212","REPAIR BROKEN MAIN"
"2484220","01/07/2016","08:19","AM","01/07/2016","00:00",,"212","REPAIR BROKEN MAIN"
"2484227","01/07/2016","08:42","AM","01/07/2016","00:00",,"212","REPAIR BROKEN MAIN"
"2484230","01/07/2016","08:45","AM","01/07/2016","00:00",,"212","REPAIR BROKEN MAIN"
"2484235","01/07/2016","09:02","AM","01/11/2016","00:00",,"212","REPAIR BROKEN MAIN"
"2484239","01/07/2016","09:19","AM","01/07/2016","00:00",,"212","REPAIR BROKEN MAIN"
"2484246","01/07/2016","09:34","AM","01/07/2016","00:00",,"212","REPAIR BROKEN MAIN"
"2484253","01/07/2016","09:43","AM","01/07/2016","00:00",,"212","REPAIR BROKEN MAIN"
"2484254","01/07/2016","09:45","AM","01/07/2016","00:00",,"212","REPAIR BROKEN MAIN"
"2484276","01/07/2016","10:58","AM","01/07/2016","00:00",,"212","REPAIR BROKEN MAIN"
"2484313","01/07/2016","01:05","PM","01/07/2016","00:00",,"212","REPAIR BROKEN MAIN"
"2484322","01/07/2016","01:26","PM","01/08/2016","00:00",,"212","REPAIR BROKEN MAIN"
"2484353","01/07/2016","02:52","PM","01/08/2016","00:00",,"212","REPAIR BROKEN MAIN"
"2484370","01/07/2016","03:24","PM","01/12/2016","00:00",,"212","REPAIR BROKEN MAIN"
"2484378","01/07/2016","04:02","PM","01/07/2016","00:00",,"212","REPAIR BROKEN MAIN"
"2484404","01/07/2016","05:27","PM","01/07/2016","00:00",,"212","REPAIR BROKEN MAIN"
"2484419","01/07/2016","05:59","PM","01/08/2016","00:00",,"212","REPAIR BROKEN MAIN"
"2484426","01/07/2016","07:08","PM","01/08/2016","00:00",,"212","REPAIR BROKEN MAIN"
"2484436","01/07/2016","10:03","PM","01/15/2016","00:00",,"212","REPAIR BROKEN MAIN"
"2484438","01/07/2016","10:47","PM","01/09/2016","00:00",,"212","REPAIR BROKEN MAIN"
"2484466","01/07/2016","11:49","PM","01/12/2016","00:00",,"212","REPAIR BROKEN MAIN"
"2483926","01/06/2016","08:06","AM","01/07/2016","00:00",,"212","REPAIR BROKEN MAIN"
"2483928","01/06/2016","08:10","AM","01/07/2016","00:00",,"212","REPAIR BROKEN MAIN"
"2483945","01/06/2016","08:46","AM","01/06/2016","00:00",,"212","REPAIR BROKEN MAIN"
"2483987","01/06/2016","10:36","AM","01/06/2016","00:00",,"212","REPAIR BROKEN MAIN"
"2484010","01/06/2016","11:35","AM","01/06/2016","00:00",,"212","REPAIR BROKEN MAIN"
"2484052","01/06/2016","01:16","PM","01/06/2016","00:00",,"212","REPAIR BROKEN MAIN"
"2484053","01/06/2016","01:18","PM","01/13/2016","00:00",,"212","REPAIR BROKEN MAIN"
"2484083","01/06/2016","02:19","PM","01/06/2016","00:00",,"212","REPAIR BROKEN MAIN"
"2484088","01/06/2016","02:32","PM","01/08/2016","00:00",,"212","REPAIR BROKEN MAIN"
"2484089","01/06/2016","02:33","PM","01/06/2016","00:00",,"212","REPAIR BROKEN MAIN"
"2484152","01/06/2016","06:59","PM","01/07/2016","00:00",,"212","REPAIR BROKEN MAIN"
"2484168","01/06/2016","08:56","PM","04/10/2016","00:00",,"212","REPAIR BROKEN MAIN"
"2484171","01/06/2016","09:30","PM","01/07/2016","00:00",,"212","REPAIR BROKEN MAIN"
"2484176","01/06/2016","10:32","PM","01/07/2016","00:00",,"212","REPAIR BROKEN MAIN"
"2483632","01/05/2016","02:38","AM","01/05/2016","00:00",,"212","REPAIR BROKEN MAIN"
"2483698","01/05/2016","09:33","AM","01/06/2016","00:00",,"212","REPAIR BROKEN MAIN"
"2483709","01/05/2016","10:11","AM","01/05/2016","00:00",,"212","REPAIR BROKEN MAIN"
"2483779","01/05/2016","01:51","PM","01/05/2016","00:00",,"212","REPAIR BROKEN MAIN"
"2483870","01/05/2016","08:14","PM","01/06/2016","00:00",,"212","REPAIR BROKEN MAIN"
"2483885","01/05/2016","11:30","PM","01/19/2016","00:00",,"212","REPAIR BROKEN MAIN"
"2483554","01/04/2016","02:18","PM","01/19/2016","00:00",,"212","REPAIR BROKEN MAIN"
"2483405","01/03/2016","10:37","PM","01/04/2016","00:00",,"212","REPAIR BROKEN MAIN"
"2483161","01/02/2016","09:00","AM","01/05/2016","00:00",,"212","REPAIR BROKEN MAIN"
"2483332","01/02/2016","11:15","AM","01/04/2016","00:00",,"212","REPAIR BROKEN MAIN"
"2483334","01/02/2016","11:33","AM","01/06/2016","00:00",,"212","REPAIR BROKEN MAIN"
"2482291","12/28/2015","03:54","AM","12/28/2015","00:00",,"212","REPAIR BROKEN MAIN"
"2482380","12/28/2015","12:30","PM","12/28/2015","00:00",,"212","REPAIR BROKEN MAIN"
"2482474","12/28/2015","07:14","PM","12/29/2015","00:00",,"212","REPAIR BROKEN MAIN"
"2482268","12/27/2015","10:34","AM","12/27/2015","00:00",,"212","REPAIR BROKEN MAIN"
"2482278","12/27/2015","02:39","PM","12/28/2015","00:00",,"212","REPAIR BROKEN MAIN"
"2482279","12/27/2015","03:39","PM","12/28/2015","00:00",,"212","REPAIR BROKEN MAIN"
"2482240","12/26/2015","10:28","AM","12/26/2015","00:00",,"212","REPAIR BROKEN MAIN"
"2482221","12/25/2015","12:33","PM","12/26/2015","00:00",,"212","REPAIR BROKEN MAIN"
"2482226","12/25/2015","03:23","PM","12/28/2015","00:00",,"212","REPAIR BROKEN MAIN"
"2482121","12/24/2015","01:04","PM","12/28/2015","00:00",,"212","REPAIR BROKEN MAIN"
"2482147","12/24/2015","04:25","PM","12/31/2015","00:00",,"212","REPAIR BROKEN MAIN"
"2482171","12/24/2015","11:32","PM","12/25/2015","00:00",,"212","REPAIR BROKEN MAIN"
"2481905","12/23/2015","02:48","PM","12/23/2015","00:00",,"212","REPAIR BROKEN MAIN"
"2481504","12/22/2015","12:58","AM","12/22/2015","00:00",,"212","REPAIR BROKEN MAIN"
"2481549","12/22/2015","10:32","AM","12/22/2015","00:00",,"212","REPAIR BROKEN MAIN"
"2481568","12/22/2015","11:23","AM","12/22/2015","00:00",,"212","REPAIR BROKEN MAIN"
"2481694","12/22/2015","02:08","PM","12/22/2015","00:00",,"212","REPAIR BROKEN MAIN"
"2481738","12/22/2015","07:14","PM","12/22/2015","00:00",,"212","REPAIR BROKEN MAIN"
"2481303","12/21/2015","01:04","PM","12/21/2015","00:00",,"212","REPAIR BROKEN MAIN"
"2481400","12/21/2015","06:42","PM","12/22/2015","00:00",,"212","REPAIR BROKEN MAIN"
"2481403","12/21/2015","06:50","PM","12/22/2015","00:00",,"212","REPAIR BROKEN MAIN"
"2481493","12/21/2015","08:50","PM","12/22/2015","00:00",,"212","REPAIR BROKEN MAIN"
"2481494","12/21/2015","09:30","PM","12/22/2015","00:00",,"212","REPAIR BROKEN MAIN"
"2481136","12/20/2015","04:13","PM","12/22/2015","00:00",,"212","REPAIR BROKEN MAIN"
"2481032","12/19/2015","01:16","AM","12/21/2015","00:00",,"212","REPAIR BROKEN MAIN"
"2481053","12/19/2015","02:25","PM","12/20/2015","00:00",,"212","REPAIR BROKEN MAIN"
"2480909","12/18/2015","09:47","AM","12/21/2015","00:00",,"212","REPAIR BROKEN MAIN"
"2480945","12/18/2015","11:47","AM","12/18/2015","00:00",,"212","REPAIR BROKEN MAIN"
"2481016","12/18/2015","06:03","PM","12/21/2015","00:00",,"212","REPAIR BROKEN MAIN"
"2480813","12/17/2015","05:20","PM","12/18/2015","00:00",,"212","REPAIR BROKEN MAIN"
"2480553","12/16/2015","10:43","AM","12/23/2015","00:00",,"212","REPAIR BROKEN MAIN"
"2480654","12/16/2015","05:51","PM","12/21/2015","00:00",,"212","REPAIR BROKEN MAIN"
"2480667","12/16/2015","09:05","PM","12/19/2015","00:00",,"212","REPAIR BROKEN MAIN"
"2480668","12/16/2015","09:42","PM","12/18/2015","00:00",,"212","REPAIR BROKEN MAIN"
"2480182","12/15/2015","09:06","AM","12/15/2015","00:00",,"212","REPAIR BROKEN MAIN"
"2480204","12/15/2015","09:51","AM","12/15/2015","00:00",,"212","REPAIR BROKEN MAIN"
"2480252","12/15/2015","11:33","AM","12/16/2015","00:00",,"212","REPAIR BROKEN MAIN"
"2480405","12/15/2015","05:44","PM","12/18/2015","00:00",,"212","REPAIR BROKEN MAIN"
"2480436","12/15/2015","08:19","PM","12/16/2015","00:00",,"212","REPAIR BROKEN MAIN"
"2480439","12/15/2015","08:34","PM","12/17/2015","00:00",,"212","REPAIR BROKEN MAIN"
"2480444","12/15/2015","10:44","PM","12/16/2015","00:00",,"212","REPAIR BROKEN MAIN"
"2479951","12/14/2015","11:21","AM","12/14/2015","00:00",,"212","REPAIR BROKEN MAIN"
"2480063","12/14/2015","04:27","PM","12/15/2015","00:00",,"212","REPAIR BROKEN MAIN"
"2479710","12/13/2015","11:46","AM","12/15/2015","00:00",,"212","REPAIR BROKEN MAIN"
"2479720","12/13/2015","02:15","PM","12/14/2015","00:00",,"212","REPAIR BROKEN MAIN"
"2479725","12/13/2015","02:52","PM","01/19/2016","00:00",,"212","REPAIR BROKEN MAIN"
"2479628","12/12/2015","09:51","AM","12/12/2015","00:00",,"212","REPAIR BROKEN MAIN"
"2479645","12/12/2015","12:18","PM","12/12/2015","00:00",,"212","REPAIR BROKEN MAIN"
"2479650","12/12/2015","12:48","PM","12/12/2015","00:00",,"212","REPAIR BROKEN MAIN"
"2479678","12/12/2015","06:37","PM","12/14/2015","00:00",,"212","REPAIR BROKEN MAIN"
"2479473","12/11/2015","03:20","PM","12/11/2015","00:00",,"212","REPAIR BROKEN MAIN"
"2479487","12/11/2015","03:53","PM","12/12/2015","00:00",,"212","REPAIR BROKEN MAIN"
"2479510","12/11/2015","06:36","PM","12/12/2015","00:00",,"212","REPAIR BROKEN MAIN"
"2479580","12/11/2015","09:27","PM","12/12/2015","00:00",,"212","REPAIR BROKEN MAIN"
"2479585","12/11/2015","09:54","PM","12/14/2015","00:00",,"212","REPAIR BROKEN MAIN"
"2477730","12/10/2015","08:14","AM","12/14/2015","00:00",,"212","REPAIR BROKEN MAIN"
"2477753","12/10/2015","08:57","AM","12/10/2015","00:00",,"212","REPAIR BROKEN MAIN"
"2477768","12/10/2015","09:27","AM","03/18/2016","00:00",,"212","REPAIR BROKEN MAIN"
"2477793","12/10/2015","10:47","AM","12/10/2015","00:00",,"212","REPAIR BROKEN MAIN"
"2477933","12/10/2015","07:51","PM","12/18/2015","00:00",,"212","REPAIR BROKEN MAIN"
"2479246","12/10/2015","08:29","PM","12/11/2015","00:00",,"212","REPAIR BROKEN MAIN"
"2477483","12/09/2015","04:30","AM","12/13/2015","00:00",,"212","REPAIR BROKEN MAIN"
"2477510","12/09/2015","08:25","AM","12/09/2015","00:00",,"212","REPAIR BROKEN MAIN"
"2477529","12/09/2015","09:26","AM","12/09/2015","00:00",,"212","REPAIR BROKEN MAIN"
"2477530","12/09/2015","09:42","AM","12/09/2015","00:00",,"212","REPAIR BROKEN MAIN"
"2477534","12/09/2015","10:09","AM","12/09/2015","00:00",,"212","REPAIR BROKEN MAIN"
"2477632","12/09/2015","02:39","PM","12/09/2015","00:00",,"212","REPAIR BROKEN MAIN"
"2477703","12/09/2015","11:50","PM","12/11/2015","00:00",,"212","REPAIR BROKEN MAIN"
"2477239","12/08/2015","05:00","AM","12/09/2015","00:00",,"212","REPAIR BROKEN MAIN"
"2477311","12/08/2015","10:04","AM","12/08/2015","00:00",,"212","REPAIR BROKEN MAIN"
"2477362","12/08/2015","12:38","PM","12/09/2015","00:00",,"212","REPAIR BROKEN MAIN"
"2477371","12/08/2015","01:34","PM","12/09/2015","00:00",,"212","REPAIR BROKEN MAIN"
"2477387","12/08/2015","02:25","PM","12/09/2015","00:00",,"212","REPAIR BROKEN MAIN"
"2477442","12/08/2015","05:58","PM","12/09/2015","00:00",,"212","REPAIR BROKEN MAIN"
"2477451","12/08/2015","06:51","PM","12/09/2015","00:00",,"212","REPAIR BROKEN MAIN"
"2477468","12/08/2015","09:39","PM","12/09/2015","00:00",,"212","REPAIR BROKEN MAIN"
"2477476","12/08/2015","11:43","PM","12/09/2015","00:00",,"212","REPAIR BROKEN MAIN"
"2477028","12/07/2015","09:47","AM","12/07/2015","00:00",,"212","REPAIR BROKEN MAIN"
"2477082","12/07/2015","11:52","AM","12/08/2015","00:00",,"212","REPAIR BROKEN MAIN"
"2477191","12/07/2015","04:15","PM","12/08/2015","00:00",,"212","REPAIR BROKEN MAIN"
"2477200","12/07/2015","05:39","PM","12/08/2015","00:00",,"212","REPAIR BROKEN MAIN"
"2477204","12/07/2015","05:55","PM","12/08/2015","00:00",,"212","REPAIR BROKEN MAIN"
"2477213","12/07/2015","06:23","PM","12/08/2015","00:00",,"212","REPAIR BROKEN MAIN"
"2477234","12/07/2015","11:43","PM","12/08/2015","00:00",,"212","REPAIR BROKEN MAIN"
"2477235","12/07/2015","11:45","PM","12/11/2015","00:00",,"212","REPAIR BROKEN MAIN"
"2476948","12/06/2015","05:36","AM","12/07/2015","00:00",,"212","REPAIR BROKEN MAIN"
"2476962","12/06/2015","02:40","PM","12/07/2015","00:00",,"212","REPAIR BROKEN MAIN"
"2476970","12/06/2015","05:37","PM","12/13/2015","00:00",,"212","REPAIR BROKEN MAIN"
"2476978","12/06/2015","08:41","PM","12/15/2015","00:00",,"212","REPAIR BROKEN MAIN"
"2476877","12/05/2015","10:30","AM","12/08/2015","00:00",,"212","REPAIR BROKEN MAIN"
"2476879","12/05/2015","09:30","AM","12/07/2015","00:00",,"212","REPAIR BROKEN MAIN"
"2476927","12/05/2015","05:15","PM","12/05/2015","00:00",,"212","REPAIR BROKEN MAIN"
"2476932","12/05/2015","06:22","PM","12/06/2015","00:00",,"212","REPAIR BROKEN MAIN"
"2476938","12/05/2015","08:16","PM","12/07/2015","00:00",,"212","REPAIR BROKEN MAIN"
"2476940","12/05/2015","08:49","PM","12/07/2015","00:00",,"212","REPAIR BROKEN MAIN"
"2476689","12/04/2015","07:36","AM","12/04/2015","00:00",,"212","REPAIR BROKEN MAIN"
"2476707","12/04/2015","09:01","AM","12/04/2015","00:00",,"212","REPAIR BROKEN MAIN"
"2476850","12/04/2015","05:50","PM","12/05/2015","00:00",,"212","REPAIR BROKEN MAIN"
"2476858","12/04/2015","09:51","PM","03/05/2016","00:00",,"212","REPAIR BROKEN MAIN"
"2476471","12/03/2015","07:53","AM","12/03/2015","00:00",,"212","REPAIR BROKEN MAIN"
"2476484","12/03/2015","08:40","AM","12/03/2015","00:00",,"212","REPAIR BROKEN MAIN"
"2476568","12/03/2015","02:15","PM","12/03/2015","00:00",,"212","REPAIR BROKEN MAIN"
"2476606","12/03/2015","04:14","PM","04/13/2016","00:00",,"212","REPAIR BROKEN MAIN"
"2476639","12/03/2015","08:20","PM","12/04/2015","00:00",,"212","REPAIR BROKEN MAIN"
"2476642","12/03/2015","08:47","PM","12/04/2015","00:00",,"212","REPAIR BROKEN MAIN"
"2476239","12/02/2015","09:13","AM","12/07/2015","00:00",,"212","REPAIR BROKEN MAIN"
"2476288","12/02/2015","11:36","AM","12/03/2015","00:00",,"212","REPAIR BROKEN MAIN"
"2476338","12/02/2015","05:27","PM","04/18/2016","00:00",,"212","REPAIR BROKEN MAIN"
"2475348","12/01/2015","01:42","PM","12/09/2015","00:00",,"212","REPAIR BROKEN MAIN"
"2475385","12/01/2015","04:00","PM","12/03/2015","00:00",,"212","REPAIR BROKEN MAIN"
"2475395","12/01/2015","06:15","PM","12/02/2015","00:00",,"212","REPAIR BROKEN MAIN"
"2475401","12/01/2015","11:08","PM","03/24/2016","00:00",,"212","REPAIR BROKEN MAIN"
"2474962","11/30/2015","07:01","AM","11/30/2015","00:00",,"212","REPAIR BROKEN MAIN"
"2475017","11/30/2015","09:56","AM","12/01/2015","00:00",,"212","REPAIR BROKEN MAIN"
"2475019","11/30/2015","10:01","AM","12/31/2015","00:00",,"212","REPAIR BROKEN MAIN"
"2475179","11/30/2015","06:54","PM","12/31/2015","00:00",,"212","REPAIR BROKEN MAIN"
"2475182","11/30/2015","07:05","PM","12/18/2015","00:00",,"212","REPAIR BROKEN MAIN"
"2475251","11/30/2015","08:16","PM","12/10/2015","00:00",,"212","REPAIR BROKEN MAIN"
"2474950","11/29/2015","10:09","PM","12/04/2015","00:00",,"212","REPAIR BROKEN MAIN"
"2474957","11/29/2015","05:00","PM","12/01/2015","00:00",,"212","REPAIR BROKEN MAIN"
"2474865","11/28/2015","04:28","AM","12/14/2015","00:00",,"212","REPAIR BROKEN MAIN"
"2474894","11/28/2015","11:03","AM","11/28/2015","00:00",,"212","REPAIR BROKEN MAIN"
"2474895","11/28/2015","11:55","AM","11/28/2015","00:00",,"212","REPAIR BROKEN MAIN"
"2474899","11/28/2015","12:28","PM","11/30/2015","00:00",,"212","REPAIR BROKEN MAIN"
"2474901","11/28/2015","01:12","PM","12/03/2015","00:00",,"212","REPAIR BROKEN MAIN"
"2474903","11/28/2015","01:34","PM","01/04/2016","00:00",,"212","REPAIR BROKEN MAIN"
"2474907","11/28/2015","01:51","PM","11/30/2015","00:00",,"212","REPAIR BROKEN MAIN"
"2474923","11/28/2015","06:21","PM","12/01/2015","00:00",,"212","REPAIR BROKEN MAIN"
"2474929","11/28/2015","07:55","PM","12/01/2015","00:00",,"212","REPAIR BROKEN MAIN"
"2474930","11/28/2015","08:13","PM","11/30/2015","00:00",,"212","REPAIR BROKEN MAIN"
"2474773","11/27/2015","12:28","AM","11/27/2015","00:00",,"212","REPAIR BROKEN MAIN"
"2474774","11/27/2015","12:30","AM","11/28/2015","00:00",,"212","REPAIR BROKEN MAIN"
"2474776","11/27/2015","03:30","AM","11/27/2015","00:00",,"212","REPAIR BROKEN MAIN"
"2474779","11/27/2015","07:08","AM","12/14/2015","00:00",,"212","REPAIR BROKEN MAIN"
"2474798","11/27/2015","10:05","AM","11/27/2015","00:00",,"212","REPAIR BROKEN MAIN"
"2474801","11/27/2015","10:13","AM","11/28/2015","00:00",,"212","REPAIR BROKEN MAIN"
"2474804","11/27/2015","10:22","AM","11/27/2015","00:00",,"212","REPAIR BROKEN MAIN"
"2474814","11/27/2015","11:50","AM","11/29/2015","00:00",,"212","REPAIR BROKEN MAIN"
"2474815","11/27/2015","12:08","PM","11/30/2015","00:00",,"212","REPAIR BROKEN MAIN"
"2474841","11/27/2015","04:53","PM","11/27/2015","00:00",,"212","REPAIR BROKEN MAIN"
"2474857","11/27/2015","10:00","PM","11/28/2015","00:00",,"212","REPAIR BROKEN MAIN"
"2474858","11/27/2015","10:07","PM","12/01/2015","00:00",,"212","REPAIR BROKEN MAIN"
"2474861","11/27/2015","10:28","PM","12/08/2015","00:00",,"212","REPAIR BROKEN MAIN"
"2474703","11/26/2015","03:20","AM","11/27/2015","00:00",,"212","REPAIR BROKEN MAIN"
"2474710","11/26/2015","09:04","AM","12/02/2015","00:00",,"212","REPAIR BROKEN MAIN"
"2474712","11/26/2015","09:52","AM","11/27/2015","00:00",,"212","REPAIR BROKEN MAIN"
"2474723","11/26/2015","01:52","PM","12/13/2015","00:00",,"212","REPAIR BROKEN MAIN"
"2474735","11/26/2015","08:40","PM","11/27/2015","00:00",,"212","REPAIR BROKEN MAIN"
"2474437","11/25/2015","04:49","AM","11/25/2015","00:00",,"212","REPAIR BROKEN MAIN"
"2474441","11/25/2015","06:20","AM","11/25/2015","00:00",,"212","REPAIR BROKEN MAIN"
"2474486","11/25/2015","08:24","AM","12/04/2015","00:00",,"212","REPAIR BROKEN MAIN"
"2474505","11/25/2015","08:54","AM","11/25/2015","00:00",,"212","REPAIR BROKEN MAIN"
"2474506","11/25/2015","08:56","AM","11/25/2015","00:00",,"212","REPAIR BROKEN MAIN"
"2474540","11/25/2015","10:30","AM","03/14/2016","00:00",,"212","REPAIR BROKEN MAIN"
"2474578","11/25/2015","12:05","PM","11/25/2015","00:00",,"212","REPAIR BROKEN MAIN"
"2474653","11/25/2015","03:20","PM","12/01/2015","00:00",,"212","REPAIR BROKEN MAIN"
"2474672","11/25/2015","05:03","PM","11/27/2015","00:00",,"212","REPAIR BROKEN MAIN"
"2474683","11/25/2015","06:52","PM","11/27/2015","00:00",,"212","REPAIR BROKEN MAIN"
"2474687","11/25/2015","07:25","PM","11/28/2015","00:00",,"212","REPAIR BROKEN MAIN"
"2474691","11/25/2015","08:09","PM","12/14/2015","00:00",,"212","REPAIR BROKEN MAIN"
"2474699","11/25/2015","10:30","PM","11/26/2015","00:00",,"212","REPAIR BROKEN MAIN"
"2474167","11/24/2015","06:05","AM","11/24/2015","00:00",,"212","REPAIR BROKEN MAIN"
"2474171","11/24/2015","06:47","AM","11/24/2015","00:00",,"212","REPAIR BROKEN MAIN"
"2474201","11/24/2015","08:23","AM","11/24/2015","00:00",,"212","REPAIR BROKEN MAIN"
"2474240","11/24/2015","10:01","AM","11/24/2015","00:00",,"212","REPAIR BROKEN MAIN"
"2474248","11/24/2015","10:12","AM","11/24/2015","00:00",,"212","REPAIR BROKEN MAIN"
"2474308","11/24/2015","11:48","AM","11/24/2015","00:00",,"212","REPAIR BROKEN MAIN"
"2474326","11/24/2015","12:23","PM","11/25/2015","00:00",,"212","REPAIR BROKEN MAIN"
"2474396","11/24/2015","04:26","PM","11/24/2015","00:00",,"212","REPAIR BROKEN MAIN"
"2474413","11/24/2015","05:41","PM","11/25/2015","00:00",,"212","REPAIR BROKEN MAIN"
"2474423","11/24/2015","06:27","PM","11/25/2015","00:00",,"212","REPAIR BROKEN MAIN"
"2473920","11/23/2015","06:20","AM","11/23/2015","00:00",,"212","REPAIR BROKEN MAIN"
"2473945","11/23/2015","08:36","AM","11/23/2015","00:00",,"212","REPAIR BROKEN MAIN"
"2473947","11/23/2015","08:39","AM","12/13/2015","00:00",,"212","REPAIR BROKEN MAIN"
"2474009","11/23/2015","11:48","AM","11/25/2015","00:00",,"212","REPAIR BROKEN MAIN"
"2474063","11/23/2015","01:48","PM","11/23/2015","00:00",,"212","REPAIR BROKEN MAIN"
"2474071","11/23/2015","02:21","PM","11/24/2015","00:00",,"212","REPAIR BROKEN MAIN"
"2474074","11/23/2015","02:29","PM","11/24/2015","00:00",,"212","REPAIR BROKEN MAIN"
"2474083","11/23/2015","02:51","PM","11/24/2015","00:00",,"212","REPAIR BROKEN MAIN"
"2474163","11/23/2015","11:49","PM","11/24/2015","00:00",,"212","REPAIR BROKEN MAIN"
"2473879","11/22/2015","09:47","AM","11/22/2015","00:00",,"212","REPAIR BROKEN MAIN"
"2473881","11/22/2015","10:19","AM","11/22/2015","00:00",,"212","REPAIR BROKEN MAIN"
"2473882","11/22/2015","10:31","AM","11/23/2015","00:00",,"212","REPAIR BROKEN MAIN"
"2473890","11/22/2015","12:30","PM","11/23/2015","00:00",,"212","REPAIR BROKEN MAIN"
"2473917","11/22/2015","10:57","PM","11/23/2015","00:00",,"212","REPAIR BROKEN MAIN"
"2473789","11/21/2015","07:24","AM","11/21/2015","00:00",,"212","REPAIR BROKEN MAIN"
"2473842","11/21/2015","12:09","PM","11/21/2015","00:00",,"212","REPAIR BROKEN MAIN"
"2473852","11/21/2015","01:56","PM","11/21/2015","00:00",,"212","REPAIR BROKEN MAIN"
"2473581","11/20/2015","06:41","AM","11/20/2015","00:00",,"212","REPAIR BROKEN MAIN"
"2473625","11/20/2015","09:57","AM","12/14/2015","00:00",,"212","REPAIR BROKEN MAIN"
"2473627","11/20/2015","10:01","AM","01/19/2016","00:00",,"212","REPAIR BROKEN MAIN"
"2473647","11/20/2015","11:35","AM","11/20/2015","00:00",,"212","REPAIR BROKEN MAIN"
"2473658","11/20/2015","12:31","PM","11/20/2015","00:00",,"212","REPAIR BROKEN MAIN"
"2473340","11/19/2015","10:52","AM","11/19/2015","00:00",,"212","REPAIR BROKEN MAIN"
"2473543","11/19/2015","08:12","PM","11/20/2015","00:00",,"212","REPAIR BROKEN MAIN"
"2472988","11/18/2015","07:15","AM","11/18/2015","00:00",,"212","REPAIR BROKEN MAIN"
"2473045","11/18/2015","10:01","AM","11/20/2015","00:00",,"212","REPAIR BROKEN MAIN"
"2473089","11/18/2015","11:23","AM","11/18/2015","00:00",,"212","REPAIR BROKEN MAIN"
"2473125","11/18/2015","01:58","PM","11/20/2015","00:00",,"212","REPAIR BROKEN MAIN"
"2473158","11/18/2015","04:43","PM","11/18/2015","00:00",,"212","REPAIR BROKEN MAIN"
"2473278","11/18/2015","08:33","PM","11/19/2015","00:00",,"212","REPAIR BROKEN MAIN"
"2473284","11/18/2015","09:27","PM","11/19/2015","00:00",,"212","REPAIR BROKEN MAIN"
"2471739","11/17/2015","09:16","AM","11/19/2015","00:00",,"212","REPAIR BROKEN MAIN"
"2471789","11/17/2015","10:59","AM","11/18/2015","00:00",,"212","REPAIR BROKEN MAIN"
"2471840","11/17/2015","01:54","PM","11/17/2015","00:00",,"212","REPAIR BROKEN MAIN"
"2471909","11/17/2015","04:16","PM","11/19/2015","00:00",,"212","REPAIR BROKEN MAIN"
"2471354","11/16/2015","12:00","AM","11/16/2015","00:00",,"212","REPAIR BROKEN MAIN"
"2471413","11/16/2015","08:51","AM","11/16/2015","00:00",,"212","REPAIR BROKEN MAIN"
"2471426","11/16/2015","09:14","AM","11/16/2015","00:00",,"212","REPAIR BROKEN MAIN"
"2471427","11/16/2015","09:15","AM","12/18/2015","00:00",,"212","REPAIR BROKEN MAIN"
"2471450","11/16/2015","09:59","AM","11/16/2015","00:00",,"212","REPAIR BROKEN MAIN"
"2471521","11/16/2015","12:16","PM","11/17/2015","00:00",,"212","REPAIR BROKEN MAIN"
"2471522","11/16/2015","12:11","PM","11/17/2015","00:00",,"212","REPAIR BROKEN MAIN"
"2471525","11/16/2015","12:31","PM","11/16/2015","00:00",,"212","REPAIR BROKEN MAIN"
"2471594","11/16/2015","02:25","PM","11/16/2015","00:00",,"212","REPAIR BROKEN MAIN"
"2471614","11/16/2015","03:06","PM","11/18/2015","00:00",,"212","REPAIR BROKEN MAIN"
"2471654","11/16/2015","05:02","PM","11/17/2015","00:00",,"212","REPAIR BROKEN MAIN"
"2471348","11/15/2015","12:05","AM","11/16/2015","00:00",,"212","REPAIR BROKEN MAIN"
"2471369","11/15/2015","07:46","AM","11/16/2015","00:00",,"212","REPAIR BROKEN MAIN"
"2471393","11/15/2015","02:30","PM","11/16/2015","00:00",,"212","REPAIR BROKEN MAIN"
"2471399","11/15/2015","02:30","PM","11/16/2015","00:00",,"212","REPAIR BROKEN MAIN"
"2471406","11/15/2015","08:45","PM","11/23/2015","00:00",,"212","REPAIR BROKEN MAIN"
"2471409","11/15/2015","07:10","PM","11/23/2015","00:00",,"212","REPAIR BROKEN MAIN"
"2471416","11/15/2015","07:50","PM","11/17/2015","00:00",,"212","REPAIR BROKEN MAIN"
"2471419","11/15/2015","09:00","PM","11/17/2015","00:00",,"212","REPAIR BROKEN MAIN"
"2471435","11/15/2015","08:00","PM","11/16/2015","00:00",,"212","REPAIR BROKEN MAIN"
"2471334","11/14/2015","04:00","PM","11/17/2015","00:00",,"212","REPAIR BROKEN MAIN"
"2471339","11/14/2015","06:05","PM","11/19/2015","00:00",,"212","REPAIR BROKEN MAIN"
"2471117","11/13/2015","08:39","AM","11/13/2015","00:00",,"212","REPAIR BROKEN MAIN"
"2471118","11/13/2015","08:40","AM","01/09/2016","00:00",,"212","REPAIR BROKEN MAIN"
"2471292","11/13/2015","04:45","PM","03/17/2016","00:00",,"212","REPAIR BROKEN MAIN"
"2471302","11/13/2015","05:41","PM","11/16/2015","00:00",,"212","REPAIR BROKEN MAIN"
"2471305","11/13/2015","06:06","PM","11/13/2015","00:00",,"212","REPAIR BROKEN MAIN"
"2470866","11/12/2015","10:56","AM","11/18/2015","00:00",,"212","REPAIR BROKEN MAIN"
"2470880","11/12/2015","12:06","PM","11/20/2015","00:00",,"212","REPAIR BROKEN MAIN"
"2470973","11/12/2015","06:01","PM","11/13/2015","00:00",,"212","REPAIR BROKEN MAIN"
"2471026","11/12/2015","08:11","PM","11/13/2015","00:00",,"212","REPAIR BROKEN MAIN"
"2470737","11/11/2015","11:47","AM","11/12/2015","00:00",,"212","REPAIR BROKEN MAIN"
"2470745","11/11/2015","01:10","PM","11/12/2015","00:00",,"212","REPAIR BROKEN MAIN"
"2470779","11/11/2015","06:38","PM","11/12/2015","00:00",,"212","REPAIR BROKEN MAIN"
"2470581","11/09/2015","10:42","PM","01/18/2016","00:00",,"212","REPAIR BROKEN MAIN"
"2470306","11/07/2015","03:20","AM","11/07/2015","00:00",,"212","REPAIR BROKEN MAIN"
"2470309","11/07/2015","07:40","AM","12/04/2015","00:00",,"212","REPAIR BROKEN MAIN"
"2470356","11/07/2015","04:34","PM","11/09/2015","00:00",,"212","REPAIR BROKEN MAIN"
"2470363","11/07/2015","05:59","PM","11/07/2015","00:00",,"212","REPAIR BROKEN MAIN"
"2470371","11/07/2015","11:27","PM","11/08/2015","00:00",,"212","REPAIR BROKEN MAIN"
"2469942","11/05/2015","11:45","AM","11/06/2015","00:00",,"212","REPAIR BROKEN MAIN"
"2469964","11/05/2015","01:36","PM","11/05/2015","00:00",,"212","REPAIR BROKEN MAIN"
"2469992","11/05/2015","03:15","PM","11/06/2015","00:00",,"212","REPAIR BROKEN MAIN"
"2469463","11/04/2015","07:59","AM","11/04/2015","00:00",,"212","REPAIR BROKEN MAIN"
"2469473","11/04/2015","08:28","AM","11/05/2015","00:00",,"212","REPAIR BROKEN MAIN"
"2469482","11/04/2015","09:03","AM","11/04/2015","00:00",,"212","REPAIR BROKEN MAIN"
"2469494","11/04/2015","09:38","AM","11/04/2015","00:00",,"212","REPAIR BROKEN MAIN"
"2469495","11/04/2015","09:43","AM","11/04/2015","00:00",,"212","REPAIR BROKEN MAIN"
"2469497","11/04/2015","09:51","AM","11/05/2015","00:00",,"212","REPAIR BROKEN MAIN"
"2469542","11/04/2015","11:17","AM","11/09/2015","00:00",,"212","REPAIR BROKEN MAIN"
"2469543","11/04/2015","11:18","AM","11/06/2015","00:00",,"212","REPAIR BROKEN MAIN"
"2469613","11/04/2015","01:03","PM","11/04/2015","00:00",,"212","REPAIR BROKEN MAIN"
"2469295","11/03/2015","10:49","AM","11/03/2015","00:00",,"212","REPAIR BROKEN MAIN"
"2469332","11/03/2015","12:37","PM","11/03/2015","00:00",,"212","REPAIR BROKEN MAIN"
"2469382","11/03/2015","02:55","PM","11/05/2015","00:00",,"212","REPAIR BROKEN MAIN"
"2469385","11/03/2015","02:59","PM","11/04/2015","00:00",,"212","REPAIR BROKEN MAIN"
"2469386","11/03/2015","03:04","PM","11/05/2015","00:00",,"212","REPAIR BROKEN MAIN"
"2469420","11/03/2015","08:07","PM","11/04/2015","00:00",,"212","REPAIR BROKEN MAIN"
"2469428","11/03/2015","09:33","PM","11/04/2015","00:00",,"212","REPAIR BROKEN MAIN"
"2468903","11/02/2015","09:07","AM","11/02/2015","00:00",,"212","REPAIR BROKEN MAIN"
"2467380","11/01/2015","02:45","PM","11/09/2015","00:00",,"212","REPAIR BROKEN MAIN"
"2467385","11/01/2015","05:34","PM","11/02/2015","00:00",,"212","REPAIR BROKEN MAIN"
"2467310","10/31/2015","09:05","AM","11/02/2015","00:00",,"212","REPAIR BROKEN MAIN"
"2467329","10/31/2015","01:55","PM","11/02/2015","00:00",,"212","REPAIR BROKEN MAIN"
"2466324","10/30/2015","12:54","AM","10/31/2015","00:00",,"212","REPAIR BROKEN MAIN"
"2466336","10/30/2015","06:44","AM","10/30/2015","00:00",,"212","REPAIR BROKEN MAIN"
"2466373","10/30/2015","09:17","AM","10/30/2015","00:00",,"212","REPAIR BROKEN MAIN"
"2466387","10/30/2015","10:27","AM","06/14/2016","00:00",,"212","REPAIR BROKEN MAIN"
"2466415","10/30/2015","01:00","PM","10/31/2015","00:00",,"212","REPAIR BROKEN MAIN"
"2466463","10/30/2015","05:24","PM","11/02/2015","00:00",,"212","REPAIR BROKEN MAIN"
"2467299","10/30/2015","10:45","PM","11/02/2015","00:00",,"212","REPAIR BROKEN MAIN"
"2466052","10/29/2015","07:09","AM","10/29/2015","00:00",,"212","REPAIR BROKEN MAIN"
"2466107","10/29/2015","09:24","AM","10/29/2015","00:00",,"212","REPAIR BROKEN MAIN"
"2466176","10/29/2015","11:49","AM","10/30/2015","00:00",,"212","REPAIR BROKEN MAIN"
"2466185","10/29/2015","12:59","PM","10/29/2015","00:00",,"212","REPAIR BROKEN MAIN"
"2466240","10/29/2015","03:38","PM","11/02/2015","00:00",,"212","REPAIR BROKEN MAIN"
"2466277","10/29/2015","07:40","PM","10/30/2015","00:00",,"212","REPAIR BROKEN MAIN"
"2466278","10/29/2015","07:46","PM","10/30/2015","00:00",,"212","REPAIR BROKEN MAIN"
"2466286","10/29/2015","08:43","PM","10/30/2015","00:00",,"212","REPAIR BROKEN MAIN"
"2465835","10/28/2015","12:00","AM","10/29/2015","00:00",,"212","REPAIR BROKEN MAIN"
"2465836","10/28/2015","11:59","PM","11/24/2015","00:00",,"212","REPAIR BROKEN MAIN"
"2465855","10/28/2015","09:34","AM","11/09/2015","00:00",,"212","REPAIR BROKEN MAIN"
"2465682","10/27/2015","11:15","AM","10/27/2015","00:00",,"212","REPAIR BROKEN MAIN"
"2465729","10/27/2015","01:08","PM","10/27/2015","00:00",,"212","REPAIR BROKEN MAIN"
"2465829","10/27/2015","10:15","PM","10/30/2015","00:00",,"212","REPAIR BROKEN MAIN"
"2464671","10/25/2015","01:06","AM","10/26/2015","00:00",,"212","REPAIR BROKEN MAIN"
"2464682","10/25/2015","10:06","AM","10/26/2015","00:00",,"212","REPAIR BROKEN MAIN"
"2464615","10/24/2015","09:30","AM","10/26/2015","00:00",,"212","REPAIR BROKEN MAIN"
"2464618","10/24/2015","10:38","AM","10/24/2015","00:00",,"212","REPAIR BROKEN MAIN"
"2464663","10/24/2015","09:22","PM","11/16/2015","00:00",,"212","REPAIR BROKEN MAIN"
"2464664","10/24/2015","09:26","PM","10/27/2015","00:00",,"212","REPAIR BROKEN MAIN"
"2464509","10/23/2015","01:01","PM","10/26/2015","00:00",,"212","REPAIR BROKEN MAIN"
"2464582","10/23/2015","07:52","PM","11/04/2015","00:00",,"212","REPAIR BROKEN MAIN"
"2464220","10/22/2015","09:41","AM","10/23/2015","00:00",,"212","REPAIR BROKEN MAIN"
"2464247","10/22/2015","11:15","AM","10/22/2015","00:00",,"212","REPAIR BROKEN MAIN"
"2464321","10/22/2015","03:30","PM","10/23/2015","00:00",,"212","REPAIR BROKEN MAIN"
"2464375","10/22/2015","08:57","PM","10/23/2015","00:00",,"212","REPAIR BROKEN MAIN"
"2463980","10/21/2015","09:07","AM","10/21/2015","00:00",,"212","REPAIR BROKEN MAIN"
"2463987","10/21/2015","09:28","AM","10/29/2015","00:00",,"212","REPAIR BROKEN MAIN"
"2464009","10/21/2015","10:24","AM","11/02/2015","00:00",,"212","REPAIR BROKEN MAIN"
"2464066","10/21/2015","01:17","PM","11/02/2015","00:00",,"212","REPAIR BROKEN MAIN"
"2464067","10/21/2015","01:21","PM","10/22/2015","00:00",,"212","REPAIR BROKEN MAIN"
"2464149","10/21/2015","07:01","PM","10/26/2015","00:00",,"212","REPAIR BROKEN MAIN"
"2464155","10/21/2015","07:34","PM","10/22/2015","00:00",,"212","REPAIR BROKEN MAIN"
"2464168","10/21/2015","11:43","PM","11/02/2015","00:00",,"212","REPAIR BROKEN MAIN"
"2463723","10/20/2015","10:52","AM","10/20/2015","00:00",,"212","REPAIR BROKEN MAIN"
"2463729","10/20/2015","11:06","AM","10/20/2015","00:00",,"212","REPAIR BROKEN MAIN"
"2463742","10/20/2015","11:48","AM","11/03/2015","00:00",,"212","REPAIR BROKEN MAIN"
"2463781","10/20/2015","01:36","PM","10/21/2015","00:00",,"212","REPAIR BROKEN MAIN"
"2463852","10/20/2015","04:02","PM","11/09/2015","00:00",,"212","REPAIR BROKEN MAIN"
"2463861","10/20/2015","04:40","PM","10/21/2015","00:00",,"212","REPAIR BROKEN MAIN"
"2463914","10/20/2015","09:38","PM","11/02/2015","00:00",,"212","REPAIR BROKEN MAIN"
"2463165","10/19/2015","01:49","AM","10/19/2015","00:00",,"212","REPAIR BROKEN MAIN"
"2463263","10/19/2015","08:30","AM","10/19/2015","00:00",,"212","REPAIR BROKEN MAIN"
"2463297","10/19/2015","08:52","AM","10/19/2015","00:00",,"212","REPAIR BROKEN MAIN"
"2463299","10/19/2015","08:54","AM","11/02/2015","00:00",,"212","REPAIR BROKEN MAIN"
"2463300","10/19/2015","08:57","AM","10/19/2015","00:00",,"212","REPAIR BROKEN MAIN"
"2463303","10/19/2015","09:05","AM","10/20/2015","00:00",,"212","REPAIR BROKEN MAIN"
"2463315","10/19/2015","10:16","AM","10/20/2015","00:00",,"212","REPAIR BROKEN MAIN"
"2463476","10/19/2015","06:48","PM","10/20/2015","00:00",,"212","REPAIR BROKEN MAIN"
"2463480","10/19/2015","07:14","PM","10/19/2015","00:00",,"212","REPAIR BROKEN MAIN"
"2463485","10/19/2015","07:44","PM","11/03/2015","00:00",,"212","REPAIR BROKEN MAIN"
"2463486","10/19/2015","08:08","PM","10/20/2015","00:00",,"212","REPAIR BROKEN MAIN"
"2463593","10/19/2015","10:10","PM","10/30/2015","00:00",,"212","REPAIR BROKEN MAIN"
"2463597","10/19/2015","11:24","PM","10/21/2015","00:00",,"212","REPAIR BROKEN MAIN"
"2463136","10/18/2015","08:59","AM","10/18/2015","00:00",,"212","REPAIR BROKEN MAIN"
"2463144","10/18/2015","12:05","PM","10/19/2015","00:00",,"212","REPAIR BROKEN MAIN"
"2463043","10/17/2015","04:46","AM","10/19/2015","00:00",,"212","REPAIR BROKEN MAIN"
"2463131","10/17/2015","11:23","PM","10/18/2015","00:00",,"212","REPAIR BROKEN MAIN"
"2462785","10/16/2015","08:35","AM","10/16/2015","00:00",,"212","REPAIR BROKEN MAIN"
"2462931","10/16/2015","02:37","PM","10/18/2015","00:00",,"212","REPAIR BROKEN MAIN"
"2463032","10/16/2015","09:04","PM","10/19/2015","00:00",,"212","REPAIR BROKEN MAIN"
"2461051","10/15/2015","06:23","AM","10/15/2015","00:00",,"212","REPAIR BROKEN MAIN"
"2461131","10/15/2015","08:59","AM","10/22/2015","00:00",,"212","REPAIR BROKEN MAIN"
"2462862","10/15/2015","11:06","PM","10/16/2015","00:00",,"212","REPAIR BROKEN MAIN"
"2460731","10/14/2015","09:26","AM","10/19/2015","00:00",,"212","REPAIR BROKEN MAIN"
"2460800","10/14/2015","11:25","AM","10/15/2015","00:00",,"212","REPAIR BROKEN MAIN"
"2460805","10/14/2015","11:48","AM","10/15/2015","00:00",,"212","REPAIR BROKEN MAIN"
"2460821","10/14/2015","01:12","PM","10/16/2015","00:00",,"212","REPAIR BROKEN MAIN"
"2460837","10/14/2015","01:55","PM","10/14/2015","00:00",,"212","REPAIR BROKEN MAIN"
"2460850","10/14/2015","02:34","PM","10/19/2015","00:00",,"212","REPAIR BROKEN MAIN"
"2460865","10/14/2015","03:22","PM","10/15/2015","00:00",,"212","REPAIR BROKEN MAIN"
"2460893","10/14/2015","05:59","PM","10/15/2015","00:00",,"212","REPAIR BROKEN MAIN"
"2461040","10/14/2015","10:01","PM","10/15/2015","00:00",,"212","REPAIR BROKEN MAIN"
"2461041","10/14/2015","10:03","PM","10/15/2015","00:00",,"212","REPAIR BROKEN MAIN"
"2460336","10/13/2015","12:37","PM","10/13/2015","00:00",,"212","REPAIR BROKEN MAIN"
"2460386","10/13/2015","03:00","PM","10/14/2015","00:00",,"212","REPAIR BROKEN MAIN"
"2460397","10/13/2015","03:32","PM","10/14/2015","00:00",,"212","REPAIR BROKEN MAIN"
"2460648","10/13/2015","07:00","PM","10/14/2015","00:00",,"212","REPAIR BROKEN MAIN"
"2460039","10/12/2015","06:23","AM","10/13/2015","00:00",,"212","REPAIR BROKEN MAIN"
"2460047","10/12/2015","08:17","AM","10/12/2015","00:00",,"212","REPAIR BROKEN MAIN"
"2460072","10/12/2015","10:34","AM","10/13/2015","00:00",,"212","REPAIR BROKEN MAIN"
"2460149","10/12/2015","08:27","PM","10/13/2015","00:00",,"212","REPAIR BROKEN MAIN"
"2460158","10/12/2015","11:45","PM","10/13/2015","00:00",,"212","REPAIR BROKEN MAIN"
"2460027","10/11/2015","07:55","PM","11/09/2015","00:00",,"212","REPAIR BROKEN MAIN"
"2459933","10/10/2015","12:46","AM","10/10/2015","00:00",,"212","REPAIR BROKEN MAIN"
"2459936","10/10/2015","01:46","AM","10/13/2015","00:00",,"212","REPAIR BROKEN MAIN"
"2459947","10/10/2015","10:16","AM","10/15/2015","00:00",,"212","REPAIR BROKEN MAIN"
"2459963","10/10/2015","02:24","PM","10/13/2015","00:00",,"212","REPAIR BROKEN MAIN"
"2459971","10/10/2015","04:26","PM","10/12/2015","00:00",,"212","REPAIR BROKEN MAIN"
"2459786","10/09/2015","11:27","AM","11/24/2015","00:00",,"212","REPAIR BROKEN MAIN"
"2459828","10/09/2015","01:47","PM","11/06/2015","00:00",,"212","REPAIR BROKEN MAIN"
"2459877","10/09/2015","04:24","PM","10/13/2015","00:00",,"212","REPAIR BROKEN MAIN"
"2459928","10/09/2015","10:26","PM","10/10/2015","00:00",,"212","REPAIR BROKEN MAIN"
"2459530","10/08/2015","11:03","AM","10/09/2015","00:00",,"212","REPAIR BROKEN MAIN"
"2459573","10/08/2015","01:24","PM","10/11/2015","00:00",,"212","REPAIR BROKEN MAIN"
"2459577","10/08/2015","01:41","PM","10/08/2015","00:00",,"212","REPAIR BROKEN MAIN"
"2459666","10/08/2015","07:03","PM","10/14/2015","00:00",,"212","REPAIR BROKEN MAIN"
"2459284","10/07/2015","09:56","AM","10/21/2015","00:00",,"212","REPAIR BROKEN MAIN"
"2459316","10/07/2015","11:15","AM","10/08/2015","00:00",,"212","REPAIR BROKEN MAIN"
"2459376","10/07/2015","02:18","PM","10/08/2015","00:00",,"212","REPAIR BROKEN MAIN"
"2459379","10/07/2015","02:56","PM","10/07/2015","00:00",,"212","REPAIR BROKEN MAIN"
"2459426","10/07/2015","08:34","PM","10/13/2015","00:00",,"212","REPAIR BROKEN MAIN"
"2458367","10/06/2015","08:42","AM","10/06/2015","00:00",,"212","REPAIR BROKEN MAIN"
"2458394","10/06/2015","09:57","AM","10/06/2015","00:00",,"212","REPAIR BROKEN MAIN"
"2458444","10/06/2015","12:10","PM","10/07/2015","00:00",,"212","REPAIR BROKEN MAIN"
"2458475","10/06/2015","02:01","PM","10/21/2015","00:00",,"212","REPAIR BROKEN MAIN"
"2458534","10/06/2015","05:51","PM","10/07/2015","00:00",,"212","REPAIR BROKEN MAIN"
"2459233","10/06/2015","09:04","PM","11/24/2015","00:00",,"212","REPAIR BROKEN MAIN"
"2458091","10/05/2015","09:43","AM","10/05/2015","00:00",,"212","REPAIR BROKEN MAIN"
"2458118","10/05/2015","10:22","AM","10/06/2015","00:00",,"212","REPAIR BROKEN MAIN"
"2458239","10/05/2015","03:13","PM","10/05/2015","00:00",,"212","REPAIR BROKEN MAIN"
"2458283","10/05/2015","08:34","PM","10/06/2015","00:00",,"212","REPAIR BROKEN MAIN"
"2458009","10/04/2015","03:33","PM","10/06/2015","00:00",,"212","REPAIR BROKEN MAIN"
"2458013","10/04/2015","04:50","PM","10/06/2015","00:00",,"212","REPAIR BROKEN MAIN"
"2458018","10/04/2015","06:34","PM","10/05/2015","00:00",,"212","REPAIR BROKEN MAIN"
"2458021","10/04/2015","08:19","PM","10/05/2015","00:00",,"212","REPAIR BROKEN MAIN"
"2457919","10/03/2015","01:02","AM","10/03/2015","00:00",,"212","REPAIR BROKEN MAIN"
"2457958","10/03/2015","10:18","PM","11/09/2015","00:00",,"212","REPAIR BROKEN MAIN"
"2457659","10/02/2015","06:48","PM","10/03/2015","00:00",,"212","REPAIR BROKEN MAIN"
"2455448","10/01/2015","12:20","AM","10/02/2015","00:00",,"212","REPAIR BROKEN MAIN"
"2454953","09/30/2015","11:12","AM","11/06/2015","00:00",,"212","REPAIR BROKEN MAIN"
"2454469","09/29/2015","12:05","AM","10/21/2015","00:00",,"212","REPAIR BROKEN MAIN"
"2454523","09/29/2015","08:27","AM","09/29/2015","00:00",,"212","REPAIR BROKEN MAIN"
"2454653","09/29/2015","02:22","PM","10/01/2015","00:00",,"212","REPAIR BROKEN MAIN"
"2454848","09/29/2015","08:22","PM","11/16/2015","00:00",,"212","REPAIR BROKEN MAIN"
"2454229","09/28/2015","12:58","PM","10/05/2015","00:00",,"212","REPAIR BROKEN MAIN"
"2454303","09/28/2015","07:06","PM","11/09/2015","00:00",,"212","REPAIR BROKEN MAIN"
"2454306","09/28/2015","07:35","PM","09/30/2015","00:00",,"212","REPAIR BROKEN MAIN"
"2454452","09/28/2015","08:52","PM","09/29/2015","00:00",,"212","REPAIR BROKEN MAIN"
"2454456","09/28/2015","09:28","PM","10/04/2015","00:00",,"212","REPAIR BROKEN MAIN"
"2454092","09/27/2015","12:29","PM","09/28/2015","00:00",,"212","REPAIR BROKEN MAIN"
"2454103","09/27/2015","05:00","PM","09/28/2015","00:00",,"212","REPAIR BROKEN MAIN"
"2454041","09/26/2015","09:25","AM","09/27/2015","00:00",,"212","REPAIR BROKEN MAIN"
"2453784","09/25/2015","11:18","AM","09/25/2015","00:00",,"212","REPAIR BROKEN MAIN"
"2453790","09/25/2015","12:00","AM","09/25/2015","00:00",,"212","REPAIR BROKEN MAIN"
"2453804","09/25/2015","01:04","PM","09/28/2015","00:00",,"212","REPAIR BROKEN MAIN"
"2453829","09/25/2015","02:58","PM","09/30/2015","00:00",,"212","REPAIR BROKEN MAIN"
"2454025","09/25/2015","10:23","PM","09/29/2015","00:00",,"212","REPAIR BROKEN MAIN"
"2451738","09/24/2015","06:58","AM","09/24/2015","00:00",,"212","REPAIR BROKEN MAIN"
"2451798","09/24/2015","09:49","AM","09/25/2015","00:00",,"212","REPAIR BROKEN MAIN"
"2451860","09/24/2015","01:44","PM","09/25/2015","00:00",,"212","REPAIR BROKEN MAIN"
"2451346","09/23/2015","12:04","AM","11/24/2015","00:00",,"212","REPAIR BROKEN MAIN"
"2451347","09/23/2015","12:59","AM","09/24/2015","00:00",,"212","REPAIR BROKEN MAIN"
"2451556","09/23/2015","03:36","PM","09/24/2015","00:00",,"212","REPAIR BROKEN MAIN"
"2451577","09/23/2015","06:12","PM","09/25/2015","00:00",,"212","REPAIR BROKEN MAIN"
"2451166","09/22/2015","03:02","PM","09/22/2015","00:00",,"212","REPAIR BROKEN MAIN"
"2451199","09/22/2015","07:07","PM","09/23/2015","00:00",,"212","REPAIR BROKEN MAIN"
"2451339","09/22/2015","08:13","PM","09/23/2015","00:00",,"212","REPAIR BROKEN MAIN"
"2450906","09/21/2015","03:00","PM","09/21/2015","00:00",,"212","REPAIR BROKEN MAIN"
"2450985","09/21/2015","11:30","PM","10/21/2015","00:00",,"212","REPAIR BROKEN MAIN"
"2450713","09/20/2015","07:55","PM","11/09/2015","00:00",,"212","REPAIR BROKEN MAIN"
"2450716","09/20/2015","01:30","PM","09/20/2015","00:00",,"212","REPAIR BROKEN MAIN"
"2450579","09/18/2015","05:30","PM","09/19/2015","00:00",,"212","REPAIR BROKEN MAIN"
"2449987","09/16/2015","08:21","AM","09/16/2015","00:00",,"212","REPAIR BROKEN MAIN"
"2450153","09/16/2015","07:25","PM","09/23/2015","00:00",,"212","REPAIR BROKEN MAIN"
"2449721","09/15/2015","11:26","AM","09/22/2015","00:00",,"212","REPAIR BROKEN MAIN"
"2449939","09/15/2015","09:43","PM","09/16/2015","00:00",,"212","REPAIR BROKEN MAIN"
"2449943","09/15/2015","10:11","PM","09/16/2015","00:00",,"212","REPAIR BROKEN MAIN"
"2449944","09/15/2015","10:16","PM","09/16/2015","00:00",,"212","REPAIR BROKEN MAIN"
"2449295","09/13/2015","08:06","AM","09/13/2015","00:00",,"212","REPAIR BROKEN MAIN"
"2449305","09/13/2015","09:47","AM","09/13/2015","00:00",,"212","REPAIR BROKEN MAIN"
"2449262","09/12/2015","02:23","PM","09/13/2015","00:00",,"212","REPAIR BROKEN MAIN"
"2449287","09/12/2015","10:49","PM","09/14/2015","00:00",,"212","REPAIR BROKEN MAIN"
"2448607","09/10/2015","06:17","AM","09/11/2015","00:00",,"212","REPAIR BROKEN MAIN"
"2448765","09/10/2015","04:37","PM","09/11/2015","00:00",,"212","REPAIR BROKEN MAIN"
"2448098","09/08/2015","10:11","AM","09/09/2015","00:00",,"212","REPAIR BROKEN MAIN"
"2447957","09/06/2015","02:20","PM","09/07/2015","00:00",,"212","REPAIR BROKEN MAIN"
"2447869","09/05/2015","06:25","AM","09/05/2015","00:00",,"212","REPAIR BROKEN MAIN"
"2447882","09/05/2015","08:53","AM","09/05/2015","00:00",,"212","REPAIR BROKEN MAIN"
"2447884","09/05/2015","08:54","AM","09/06/2015","00:00",,"212","REPAIR BROKEN MAIN"
"2447886","09/05/2015","09:04","AM","09/09/2015","00:00",,"212","REPAIR BROKEN MAIN"
"2447893","09/05/2015","10:20","AM","10/18/2015","00:00",,"212","REPAIR BROKEN MAIN"
"2447742","09/04/2015","11:51","AM","09/04/2015","00:00",,"212","REPAIR BROKEN MAIN"
"2447777","09/04/2015","01:57","PM","09/05/2015","00:00",,"212","REPAIR BROKEN MAIN"
"2447781","09/04/2015","02:11","PM","09/04/2015","00:00",,"212","REPAIR BROKEN MAIN"
"2445978","09/02/2015","10:48","AM","09/02/2015","00:00",,"212","REPAIR BROKEN MAIN"
"2446041","09/02/2015","02:25","PM","09/03/2015","00:00",,"212","REPAIR BROKEN MAIN"
"2446108","09/02/2015","05:44","PM","09/09/2015","00:00",,"212","REPAIR BROKEN MAIN"
"2446118","09/02/2015","06:57","PM","09/03/2015","00:00",,"212","REPAIR BROKEN MAIN"
"2444107","09/01/2015","02:16","PM","09/09/2015","00:00",,"212","REPAIR BROKEN MAIN"
"2443670","08/31/2015","06:32","AM","08/31/2015","00:00",,"212","REPAIR BROKEN MAIN"
"2443835","08/31/2015","02:11","PM","08/31/2015","00:00",,"212","REPAIR BROKEN MAIN"
"2443903","08/31/2015","05:24","PM","08/31/2015","00:00",,"212","REPAIR BROKEN MAIN"
"2443525","08/29/2015","08:13","AM","08/31/2015","00:00",,"212","REPAIR BROKEN MAIN"
"2443533","08/29/2015","10:15","AM","09/01/2015","00:00",,"212","REPAIR BROKEN MAIN"
"2443601","08/29/2015","06:58","PM","08/30/2015","00:00",,"212","REPAIR BROKEN MAIN"
"2443607","08/29/2015","05:30","PM","09/01/2015","00:00",,"212","REPAIR BROKEN MAIN"
"2443506","08/28/2015","09:20","PM","08/28/2015","00:00",,"212","REPAIR BROKEN MAIN"
"2442864","08/27/2015","07:59","AM","08/31/2015","00:00",,"212","REPAIR BROKEN MAIN"
"2442828","08/26/2015","09:38","PM","08/27/2015","00:00",,"212","REPAIR BROKEN MAIN"
"2442134","08/24/2015","08:35","AM","08/24/2015","00:00",,"212","REPAIR BROKEN MAIN"
"2442311","08/24/2015","08:10","PM","08/25/2015","00:00",,"212","REPAIR BROKEN MAIN"
"2442074","08/23/2015","01:08","PM","08/31/2015","00:00",,"212","REPAIR BROKEN MAIN"
"2442033","08/22/2015","11:21","AM","08/24/2015","00:00",,"212","REPAIR BROKEN MAIN"
"2441777","08/21/2015","05:53","AM","08/21/2015","00:00",,"212","REPAIR BROKEN MAIN"
"2441790","08/21/2015","06:30","AM","08/21/2015","00:00",,"212","REPAIR BROKEN MAIN"
"2441954","08/21/2015","02:35","PM","08/21/2015","00:00",,"212","REPAIR BROKEN MAIN"
"2441984","08/21/2015","04:51","PM","08/26/2015","00:00",,"212","REPAIR BROKEN MAIN"
"2441211","08/19/2015","06:50","AM","08/19/2015","00:00",,"212","REPAIR BROKEN MAIN"
"2441475","08/19/2015","10:05","PM","08/20/2015","00:00",,"212","REPAIR BROKEN MAIN"
"2440971","08/17/2015","11:48","PM","08/18/2015","00:00",,"212","REPAIR BROKEN MAIN"
"2440686","08/16/2015","12:10","PM","08/20/2015","00:00",,"212","REPAIR BROKEN MAIN"
"2440713","08/16/2015","09:33","PM","08/17/2015","00:00",,"212","REPAIR BROKEN MAIN"
"2440039","08/13/2015","05:04","AM","08/13/2015","00:00",,"212","REPAIR BROKEN MAIN"
"2439848","08/12/2015","02:10","AM","08/13/2015","00:00",,"212","REPAIR BROKEN MAIN"
"2439911","08/12/2015","09:57","AM","08/12/2015","00:00",,"212","REPAIR BROKEN MAIN"
"2439921","08/12/2015","10:22","AM","08/12/2015","00:00",,"212","REPAIR BROKEN MAIN"
"2439845","08/11/2015","10:12","PM","08/13/2015","00:00",,"212","REPAIR BROKEN MAIN"
"2439414","08/10/2015","06:07","AM","08/10/2015","00:00",,"212","REPAIR BROKEN MAIN"
"2439450","08/10/2015","08:47","AM","08/10/2015","00:00",,"212","REPAIR BROKEN MAIN"
"2439504","08/10/2015","11:09","AM","08/10/2015","00:00",,"212","REPAIR BROKEN MAIN"
"2439387","08/09/2015","11:48","AM","08/09/2015","00:00",,"212","REPAIR BROKEN MAIN"
"2439335","08/08/2015","09:11","AM","08/08/2015","00:00",,"212","REPAIR BROKEN MAIN"
"2439117","08/07/2015","07:03","AM","08/07/2015","00:00",,"212","REPAIR BROKEN MAIN"
"2439210","08/07/2015","11:21","AM","08/10/2015","00:00",,"212","REPAIR BROKEN MAIN"
"2438446","08/04/2015","10:51","AM","08/04/2015","00:00",,"212","REPAIR BROKEN MAIN"
"2438456","08/04/2015","11:42","AM","08/04/2015","00:00",,"212","REPAIR BROKEN MAIN"
"2438483","08/04/2015","01:03","PM","08/04/2015","00:00",,"212","REPAIR BROKEN MAIN"
"2438566","08/04/2015","04:52","PM","08/05/2015","00:00",,"212","REPAIR BROKEN MAIN"
"2438000","08/03/2015","06:40","AM","08/05/2015","00:00",,"212","REPAIR BROKEN MAIN"
"2438226","08/03/2015","04:37","PM","08/05/2015","00:00",,"212","REPAIR BROKEN MAIN"
"2438269","08/03/2015","10:03","PM","08/04/2015","00:00",,"212","REPAIR BROKEN MAIN"
"2437983","08/02/2015","04:35","PM","08/10/2015","00:00",,"212","REPAIR BROKEN MAIN"
"2436655","08/01/2015","08:56","AM","08/01/2015","00:00",,"212","REPAIR BROKEN MAIN"
"2436700","08/01/2015","07:26","PM","08/01/2015","00:00",,"212","REPAIR BROKEN MAIN"
"2436610","07/31/2015","04:33","PM","08/12/2015","00:00",,"212","REPAIR BROKEN MAIN"
"2436300","07/30/2015","06:20","PM","07/31/2015","00:00",,"212","REPAIR BROKEN MAIN"
"2436309","07/30/2015","08:01","PM","07/31/2015","00:00",,"212","REPAIR BROKEN MAIN"
"2435838","07/29/2015","04:14","AM","07/29/2015","00:00",,"212","REPAIR BROKEN MAIN"
"2436045","07/29/2015","04:21","PM","08/03/2015","00:00",,"212","REPAIR BROKEN MAIN"
"2434063","07/28/2015","10:33","AM","08/07/2015","00:00",,"212","REPAIR BROKEN MAIN"
"2434205","07/28/2015","04:22","PM","07/31/2015","00:00",,"212","REPAIR BROKEN MAIN"
"2433676","07/27/2015","11:53","AM","07/27/2015","00:00",,"212","REPAIR BROKEN MAIN"
"2433826","07/27/2015","08:02","PM","07/29/2015","00:00",,"212","REPAIR BROKEN MAIN"
"2433471","07/25/2015","06:55","AM","07/25/2015","00:00",,"212","REPAIR BROKEN MAIN"
"2433491","07/25/2015","11:05","AM","07/27/2015","00:00",,"212","REPAIR BROKEN MAIN"
"2433254","07/24/2015","08:30","AM","07/25/2015","00:00",,"212","REPAIR BROKEN MAIN"
"2433315","07/24/2015","11:11","AM","07/24/2015","00:00",,"212","REPAIR BROKEN MAIN"
"2432984","07/23/2015","09:45","AM","07/23/2015","00:00",,"212","REPAIR BROKEN MAIN"
"2432619","07/22/2015","02:45","AM","07/23/2015","00:00",,"212","REPAIR BROKEN MAIN"
"2432710","07/22/2015","10:30","AM","07/22/2015","00:00",,"212","REPAIR BROKEN MAIN"
"2432740","07/22/2015","11:49","AM","07/23/2015","00:00",,"212","REPAIR BROKEN MAIN"
"2432243","07/20/2015","08:53","PM","07/21/2015","00:00",,"212","REPAIR BROKEN MAIN"
"2431974","07/19/2015","10:13","PM","07/20/2015","00:00",,"212","REPAIR BROKEN MAIN"
"2431850","07/18/2015","07:15","AM","07/18/2015","00:00",,"212","REPAIR BROKEN MAIN"
"2431862","07/18/2015","09:24","AM","07/27/2015","00:00",,"212","REPAIR BROKEN MAIN"
"2431907","07/18/2015","04:53","PM","07/18/2015","00:00",,"212","REPAIR BROKEN MAIN"
"2431916","07/18/2015","08:22","PM","07/19/2015","00:00",,"212","REPAIR BROKEN MAIN"
"2431654","07/17/2015","05:31","PM","07/17/2015","00:00",,"212","REPAIR BROKEN MAIN"
"2430709","07/15/2015","04:00","AM","07/15/2015","00:00",,"212","REPAIR BROKEN MAIN"
"2430714","07/15/2015","05:39","AM","07/16/2015","00:00",,"212","REPAIR BROKEN MAIN"
"2430715","07/15/2015","05:52","AM","07/15/2015","00:00",,"212","REPAIR BROKEN MAIN"
"2431011","07/15/2015","09:38","PM","07/16/2015","00:00",,"212","REPAIR BROKEN MAIN"
"2428014","07/13/2015","09:26","AM","08/06/2015","00:00",,"212","REPAIR BROKEN MAIN"
"2427871","07/11/2015","01:40","AM","07/13/2015","00:00",,"212","REPAIR BROKEN MAIN"
"2427905","07/11/2015","01:49","PM","07/12/2015","00:00",,"212","REPAIR BROKEN MAIN"
"2427921","07/11/2015","07:14","PM","07/14/2015","00:00",,"212","REPAIR BROKEN MAIN"
"2427695","07/10/2015","11:36","AM","07/11/2015","00:00",,"212","REPAIR BROKEN MAIN"
"2427142","07/09/2015","01:28","PM","07/10/2015","00:00",,"212","REPAIR BROKEN MAIN"
"2424504","07/03/2015","10:11","AM","07/03/2015","00:00",,"212","REPAIR BROKEN MAIN"
"2424539","07/03/2015","10:49","PM","07/06/2015","00:00",,"212","REPAIR BROKEN MAIN"
"2424237","07/02/2015","05:20","AM","07/02/2015","00:00",,"212","REPAIR BROKEN MAIN"
"2424319","07/02/2015","11:19","AM","07/06/2015","00:00",,"212","REPAIR BROKEN MAIN"
"2422880","07/01/2015","06:32","AM","07/01/2015","00:00",,"212","REPAIR BROKEN MAIN"
"2423026","07/01/2015","01:23","PM","07/06/2015","00:00",,"212","REPAIR BROKEN MAIN"
"2422642","06/30/2015","07:55","AM","06/30/2015","00:00",,"212","REPAIR BROKEN MAIN"
"2422815","06/30/2015","03:03","PM","06/30/2015","00:00",,"212","REPAIR BROKEN MAIN"
"2422406","06/29/2015","10:24","AM","06/29/2015","00:00",,"212","REPAIR BROKEN MAIN"
"2422438","06/29/2015","11:25","AM","06/29/2015","00:00",,"212","REPAIR BROKEN MAIN"
"2422569","06/29/2015","04:27","PM","06/29/2015","00:00",,"212","REPAIR BROKEN MAIN"
"2422255","06/28/2015","08:39","AM","06/28/2015","00:00",,"212","REPAIR BROKEN MAIN"
"2422200","06/27/2015","12:04","AM","06/27/2015","00:00",,"212","REPAIR BROKEN MAIN"
"2422238","06/27/2015","07:00","PM","06/28/2015","00:00",,"212","REPAIR BROKEN MAIN"
"2422241","06/27/2015","07:25","PM","06/28/2015","00:00",,"212","REPAIR BROKEN MAIN"
"2421954","06/26/2015","12:30","AM","06/26/2015","00:00",,"212","REPAIR BROKEN MAIN"
"2422014","06/26/2015","09:48","AM","06/26/2015","00:00",,"212","REPAIR BROKEN MAIN"
"2422204","06/26/2015","07:37","AM","06/26/2015","00:00",,"212","REPAIR BROKEN MAIN"
"2421882","06/25/2015","04:53","PM","06/26/2015","00:00",,"212","REPAIR BROKEN MAIN"
"2421901","06/25/2015","06:44","PM","06/25/2015","00:00",,"212","REPAIR BROKEN MAIN"
"2421444","06/24/2015","02:29","AM","06/24/2015","00:00",,"212","REPAIR BROKEN MAIN"
"2421507","06/24/2015","10:21","AM","06/24/2015","00:00",,"212","REPAIR BROKEN MAIN"
"2421436","06/23/2015","09:28","PM","06/24/2015","00:00",,"212","REPAIR BROKEN MAIN"
"2421141","06/22/2015","05:58","PM","06/25/2015","00:00",,"212","REPAIR BROKEN MAIN"
"2421155","06/22/2015","07:23","PM","06/23/2015","00:00",,"212","REPAIR BROKEN MAIN"
"2420833","06/21/2015","10:53","AM","06/22/2015","00:00",,"212","REPAIR BROKEN MAIN"
"2420859","06/21/2015","06:05","PM","06/22/2015","00:00",,"212","REPAIR BROKEN MAIN"
"2420868","06/21/2015","09:01","PM","06/22/2015","00:00",,"212","REPAIR BROKEN MAIN"
"2420200","06/19/2015","06:17","AM","06/19/2015","00:00",,"212","REPAIR BROKEN MAIN"
"2420207","06/19/2015","06:35","AM","06/19/2015","00:00",,"212","REPAIR BROKEN MAIN"
"2420243","06/19/2015","08:11","AM","06/19/2015","00:00",,"212","REPAIR BROKEN MAIN"
"2419961","06/18/2015","02:12","PM","06/18/2015","00:00",,"212","REPAIR BROKEN MAIN"
"2420144","06/18/2015","09:06","PM","06/19/2015","00:00",,"212","REPAIR BROKEN MAIN"
"2418055","06/16/2015","06:41","AM","06/16/2015","00:00",,"212","REPAIR BROKEN MAIN"
"2417253","06/13/2015","01:46","PM","06/23/2015","00:00",,"212","REPAIR BROKEN MAIN"
"2416787","06/12/2015","01:32","AM","06/12/2015","00:00",,"212","REPAIR BROKEN MAIN"
"2416792","06/12/2015","04:49","AM","06/12/2015","00:00",,"212","REPAIR BROKEN MAIN"
"2416795","06/12/2015","06:07","AM","06/12/2015","00:00",,"212","REPAIR BROKEN MAIN"
"2417016","06/12/2015","03:02","PM","06/15/2015","00:00",,"212","REPAIR BROKEN MAIN"
"2417024","06/12/2015","03:54","PM","06/12/2015","00:00",,"212","REPAIR BROKEN MAIN"
"2416705","06/11/2015","06:04","PM","06/15/2015","00:00",,"212","REPAIR BROKEN MAIN"
"2416743","06/11/2015","10:20","PM","06/12/2015","00:00",,"212","REPAIR BROKEN MAIN"
"2416744","06/11/2015","10:23","PM","06/12/2015","00:00",,"212","REPAIR BROKEN MAIN"
"2416750","06/11/2015","11:26","PM","06/12/2015","00:00",,"212","REPAIR BROKEN MAIN"
"2416751","06/11/2015","11:28","PM","06/12/2015","00:00",,"212","REPAIR BROKEN MAIN"
"2415109","06/10/2015","02:08","PM","06/10/2015","00:00",,"212","REPAIR BROKEN MAIN"
"2413952","06/09/2015","02:17","PM","06/10/2015","00:00",,"212","REPAIR BROKEN MAIN"
"2413801","06/08/2015","09:10","PM","06/25/2015","00:00",,"212","REPAIR BROKEN MAIN"
"2413362","06/06/2015","10:24","AM","06/07/2015","00:00",,"212","REPAIR BROKEN MAIN"
"2413395","06/06/2015","03:20","PM","06/07/2015","00:00",,"212","REPAIR BROKEN MAIN"
"2412772","06/05/2015","08:40","AM","06/05/2015","00:00",,"212","REPAIR BROKEN MAIN"
"2412305","06/04/2015","01:17","PM","06/09/2015","00:00",,"212","REPAIR BROKEN MAIN"
"2411814","06/02/2015","10:18","AM","06/16/2015","00:00",,"212","REPAIR BROKEN MAIN"
"2410385","06/01/2015","09:32","AM","06/01/2015","00:00",,"212","REPAIR BROKEN MAIN"
"2410608","06/01/2015","10:34","PM","06/02/2015","00:00",,"212","REPAIR BROKEN MAIN"
"2410253","05/31/2015","07:31","AM","05/31/2015","00:00",,"212","REPAIR BROKEN MAIN"
"2410287","05/31/2015","02:53","PM","05/31/2015","00:00",,"212","REPAIR BROKEN MAIN"
"2410293","05/31/2015","04:02","PM","06/01/2015","00:00",,"212","REPAIR BROKEN MAIN"
"2409790","05/29/2015","09:57","AM","05/29/2015","00:00",,"212","REPAIR BROKEN MAIN"
"2409803","05/29/2015","10:28","AM","05/29/2015","00:00",,"212","REPAIR BROKEN MAIN"
"2409825","05/29/2015","11:39","AM","05/29/2015","00:00",,"212","REPAIR BROKEN MAIN"
"2409854","05/29/2015","12:48","PM","07/16/2015","00:00",,"212","REPAIR BROKEN MAIN"
"2409283","05/28/2015","12:40","AM","05/28/2015","00:00",,"212","REPAIR BROKEN MAIN"
"2409287","05/28/2015","02:50","AM","05/29/2015","00:00",,"212","REPAIR BROKEN MAIN"
"2409303","05/28/2015","07:48","AM","05/28/2015","00:00",,"212","REPAIR BROKEN MAIN"
"2408782","05/26/2015","10:47","PM","05/27/2015","00:00",,"212","REPAIR BROKEN MAIN"
"2408418","05/25/2015","06:20","AM","05/25/2015","00:00",,"212","REPAIR BROKEN MAIN"
"2408393","05/24/2015","03:10","PM","05/25/2015","00:00",,"212","REPAIR BROKEN MAIN"
"2408235","05/22/2015","01:26","PM","05/23/2015","00:00",,"212","REPAIR BROKEN MAIN"
"2408084","05/21/2015","08:27","PM","05/22/2015","00:00",,"212","REPAIR BROKEN MAIN"
"2407168","05/18/2015","03:10","PM","05/18/2015","00:00",,"212","REPAIR BROKEN MAIN"
"2406935","05/17/2015","08:17","AM","05/17/2015","00:00",,"212","REPAIR BROKEN MAIN"
"2406947","05/17/2015","11:09","AM","05/19/2015","00:00",,"212","REPAIR BROKEN MAIN"
"2406972","05/17/2015","07:15","PM","05/18/2015","00:00",,"212","REPAIR BROKEN MAIN"
"2406843","05/16/2015","02:11","AM","05/18/2015","00:00",,"212","REPAIR BROKEN MAIN"
"2406325","05/14/2015","06:00","AM","05/14/2015","00:00",,"212","REPAIR BROKEN MAIN"
"2406115","05/13/2015","09:13","AM","05/14/2015","00:00",,"212","REPAIR BROKEN MAIN"
"2406071","05/12/2015","08:34","PM","05/17/2015","00:00",,"212","REPAIR BROKEN MAIN"
"2405564","05/11/2015","08:27","AM","05/11/2015","00:00",,"212","REPAIR BROKEN MAIN"
"2405501","05/10/2015","05:42","PM","05/11/2015","00:00",,"212","REPAIR BROKEN MAIN"
"2405441","05/09/2015","09:09","AM","05/09/2015","00:00",,"212","REPAIR BROKEN MAIN"
"2405224","05/08/2015","09:59","AM","05/11/2015","00:00",,"212","REPAIR BROKEN MAIN"
"2405426","05/08/2015","07:19","PM","05/25/2015","00:00",,"212","REPAIR BROKEN MAIN"
"2405429","05/08/2015","07:36","PM","05/09/2015","00:00",,"212","REPAIR BROKEN MAIN"
"2403976","05/07/2015","08:42","AM","05/07/2015","00:00",,"212","REPAIR BROKEN MAIN"
"2404093","05/07/2015","01:38","PM","05/08/2015","00:00",,"212","REPAIR BROKEN MAIN"
"2403739","05/06/2015","04:41","AM","05/06/2015","00:00",,"212","REPAIR BROKEN MAIN"
"2403773","05/06/2015","09:26","AM","05/06/2015","00:00",,"212","REPAIR BROKEN MAIN"
"2403881","05/06/2015","03:43","PM","05/15/2015","00:00",,"212","REPAIR BROKEN MAIN"
"2403626","05/05/2015","11:53","AM","05/08/2015","00:00",,"212","REPAIR BROKEN MAIN"
"2403629","05/05/2015","12:09","PM","05/06/2015","00:00",,"212","REPAIR BROKEN MAIN"
"2403732","05/05/2015","10:09","PM","05/06/2015","00:00",,"212","REPAIR BROKEN MAIN"
"2403092","05/04/2015","07:38","AM","05/04/2015","00:00",,"212","REPAIR BROKEN MAIN"
"2403158","05/04/2015","10:09","AM","05/04/2015","00:00",,"212","REPAIR BROKEN MAIN"
"2403160","05/04/2015","10:14","AM","05/04/2015","00:00",,"212","REPAIR BROKEN MAIN"
"2403306","05/04/2015","02:41","PM","05/04/2015","00:00",,"212","REPAIR BROKEN MAIN"
"2403368","05/04/2015","04:48","PM","05/05/2015","00:00",,"212","REPAIR BROKEN MAIN"
"2403050","05/03/2015","06:34","AM","05/03/2015","00:00",,"212","REPAIR BROKEN MAIN"
"2402997","05/02/2015","08:15","AM","05/08/2015","00:00",,"212","REPAIR BROKEN MAIN"
"2400225","05/01/2015","02:03","PM","05/01/2015","00:00",,"212","REPAIR BROKEN MAIN"
"2400241","05/01/2015","03:00","PM","05/07/2015","00:00",,"212","REPAIR BROKEN MAIN"
"2399969","04/30/2015","03:36","PM","05/01/2015","00:00",,"212","REPAIR BROKEN MAIN"
"2399985","04/30/2015","04:52","PM","05/01/2015","00:00",,"212","REPAIR BROKEN MAIN"
"2398792","04/25/2015","02:09","AM","04/25/2015","00:00",,"212","REPAIR BROKEN MAIN"
"2398886","04/25/2015","07:00","PM","04/27/2015","00:00",,"212","REPAIR BROKEN MAIN"
"2398534","04/24/2015","03:45","AM","04/24/2015","00:00",,"212","REPAIR BROKEN MAIN"
"2398536","04/24/2015","05:04","AM","04/24/2015","00:00",,"212","REPAIR BROKEN MAIN"
"2398766","04/24/2015","08:50","PM","04/27/2015","00:00",,"212","REPAIR BROKEN MAIN"
"2398787","04/24/2015","11:54","PM","04/29/2015","00:00",,"212","REPAIR BROKEN MAIN"
"2398484","04/23/2015","08:22","PM","04/24/2015","00:00",,"212","REPAIR BROKEN MAIN"
"2398487","04/23/2015","08:43","PM","04/24/2015","00:00",,"212","REPAIR BROKEN MAIN"
"2398015","04/22/2015","09:35","AM","04/22/2015","00:00",,"212","REPAIR BROKEN MAIN"
"2398119","04/22/2015","01:58","PM","04/24/2015","00:00",,"212","REPAIR BROKEN MAIN"
"2397293","04/19/2015","10:20","AM","04/21/2015","00:00",,"212","REPAIR BROKEN MAIN"
"2396965","04/17/2015","05:37","AM","04/21/2015","00:00",,"212","REPAIR BROKEN MAIN"
"2396808","04/16/2015","03:02","PM","04/17/2015","00:00",,"212","REPAIR BROKEN MAIN"
"2396453","04/15/2015","01:32","PM","05/01/2015","00:00",,"212","REPAIR BROKEN MAIN"
"2396095","04/14/2015","08:10","AM","04/15/2015","00:00",,"212","REPAIR BROKEN MAIN"
"2395524","04/10/2015","01:26","PM","04/11/2015","00:00",,"212","REPAIR BROKEN MAIN"
"2395603","04/10/2015","07:30","PM","04/22/2015","00:00",,"212","REPAIR BROKEN MAIN"
"2395399","04/09/2015","09:02","PM","04/10/2015","00:00",,"212","REPAIR BROKEN MAIN"
"2392660","04/08/2015","10:56","AM","04/23/2015","00:00",,"212","REPAIR BROKEN MAIN"
"2392527","04/07/2015","06:21","PM","04/09/2015","00:00",,"212","REPAIR BROKEN MAIN"
"2391589","04/03/2015","01:12","PM","04/06/2015","00:00",,"212","REPAIR BROKEN MAIN"
"2391091","04/02/2015","01:29","AM","04/02/2015","00:00",,"212","REPAIR BROKEN MAIN"
"2385478","03/29/2015","06:29","AM","03/29/2015","00:00",,"212","REPAIR BROKEN MAIN"
"2385120","03/27/2015","11:30","PM","03/27/2015","00:00",,"212","REPAIR BROKEN MAIN"
"2384252","03/25/2015","09:43","AM","04/02/2015","00:00",,"212","REPAIR BROKEN MAIN"
"2384736","03/25/2015","08:16","PM","03/25/2015","00:00",,"212","REPAIR BROKEN MAIN"
"2383481","03/23/2015","11:17","AM","03/23/2015","00:00",,"212","REPAIR BROKEN MAIN"
"2383486","03/23/2015","11:25","AM","03/23/2015","00:00",,"212","REPAIR BROKEN MAIN"
"2383585","03/23/2015","01:54","PM","03/24/2015","00:00",,"212","REPAIR BROKEN MAIN"
"2383722","03/23/2015","08:20","PM","03/26/2015","00:00",,"212","REPAIR BROKEN MAIN"
"2383009","03/19/2015","11:29","PM","03/20/2015","00:00",,"212","REPAIR BROKEN MAIN"
"2382393","03/18/2015","12:22","AM","03/18/2015","00:00",,"212","REPAIR BROKEN MAIN"
"2382610","03/18/2015","02:59","PM","03/19/2015","00:00",,"212","REPAIR BROKEN MAIN"
"2382058","03/17/2015","12:04","AM","03/17/2015","00:00",,"212","REPAIR BROKEN MAIN"
"2382213","03/17/2015","11:51","AM","03/17/2015","00:00",,"212","REPAIR BROKEN MAIN"
"2381840","03/16/2015","10:50","AM","03/18/2015","00:00",,"212","REPAIR BROKEN MAIN"
"2381854","03/16/2015","11:28","AM","03/17/2015","00:00",,"212","REPAIR BROKEN MAIN"
"2381884","03/16/2015","12:19","PM","03/16/2015","00:00",,"212","REPAIR BROKEN MAIN"
"2381990","03/16/2015","04:27","PM","03/17/2015","00:00",,"212","REPAIR BROKEN MAIN"
"2382017","03/16/2015","06:26","PM","03/17/2015","00:00",,"212","REPAIR BROKEN MAIN"
"2381670","03/15/2015","11:01","AM","03/16/2015","00:00",,"212","REPAIR BROKEN MAIN"
"2381671","03/15/2015","11:03","AM","03/19/2015","00:00",,"212","REPAIR BROKEN MAIN"
"2381619","03/14/2015","02:51","PM","03/15/2015","00:00",,"212","REPAIR BROKEN MAIN"
"2381654","03/14/2015","11:38","PM","03/15/2015","00:00",,"212","REPAIR BROKEN MAIN"
"2380929","03/12/2015","02:38","AM","03/13/2015","00:00",,"212","REPAIR BROKEN MAIN"
"2381132","03/12/2015","02:03","PM","03/13/2015","00:00",,"212","REPAIR BROKEN MAIN"
"2381244","03/12/2015","07:30","PM","03/23/2015","00:00",,"212","REPAIR BROKEN MAIN"
"2381247","03/12/2015","08:28","PM","03/26/2015","00:00",,"212","REPAIR BROKEN MAIN"
"2380663","03/11/2015","09:40","AM","03/11/2015","00:00",,"212","REPAIR BROKEN MAIN"
"2380692","03/11/2015","10:48","AM","03/16/2015","00:00",,"212","REPAIR BROKEN MAIN"
"2380780","03/11/2015","02:34","PM","03/16/2015","00:00",,"212","REPAIR BROKEN MAIN"
"2380855","03/11/2015","05:00","PM","04/06/2015","00:00",,"212","REPAIR BROKEN MAIN"
"2380873","03/11/2015","06:36","PM","03/13/2015","00:00",,"212","REPAIR BROKEN MAIN"
"2380882","03/11/2015","07:19","PM","03/12/2015","00:00",,"212","REPAIR BROKEN MAIN"
"2380883","03/11/2015","07:24","PM","03/13/2015","00:00",,"212","REPAIR BROKEN MAIN"
"2380884","03/11/2015","07:28","PM","03/12/2015","00:00",,"212","REPAIR BROKEN MAIN"
"2380347","03/10/2015","02:02","AM","03/10/2015","00:00",,"212","REPAIR BROKEN MAIN"
"2380606","03/10/2015","10:08","PM","03/11/2015","00:00",,"212","REPAIR BROKEN MAIN"
"2380006","03/09/2015","12:38","AM","03/09/2015","00:00",,"212","REPAIR BROKEN MAIN"
"2380039","03/09/2015","08:27","AM","03/09/2015","00:00",,"212","REPAIR BROKEN MAIN"
"2380095","03/09/2015","10:30","AM","04/10/2015","00:00",,"212","REPAIR BROKEN MAIN"
"2380101","03/09/2015","10:37","AM","03/09/2015","00:00",,"212","REPAIR BROKEN MAIN"
"2380104","03/09/2015","10:40","AM","03/09/2015","00:00",,"212","REPAIR BROKEN MAIN"
"2380168","03/09/2015","12:50","PM","03/11/2015","00:00",,"212","REPAIR BROKEN MAIN"
"2380309","03/09/2015","06:22","PM","03/13/2015","00:00",,"212","REPAIR BROKEN MAIN"
"2380330","03/09/2015","09:25","PM","03/12/2015","00:00",,"212","REPAIR BROKEN MAIN"
"2380332","03/09/2015","10:53","PM","03/10/2015","00:00",,"212","REPAIR BROKEN MAIN"
"2379921","03/08/2015","03:11","AM","03/08/2015","00:00",,"212","REPAIR BROKEN MAIN"
"2379934","03/08/2015","10:24","AM","03/18/2015","00:00",,"212","REPAIR BROKEN MAIN"
"2379968","03/08/2015","02:49","PM","04/01/2015","00:00",,"212","REPAIR BROKEN MAIN"
"2379970","03/08/2015","02:52","PM","08/03/2015","00:00",,"212","REPAIR BROKEN MAIN"
"2379849","03/07/2015","02:55","AM","03/09/2015","00:00",,"212","REPAIR BROKEN MAIN"
"2379861","03/07/2015","10:52","AM","03/09/2015","00:00",,"212","REPAIR BROKEN MAIN"
"2379915","03/07/2015","08:53","PM","03/08/2015","00:00",,"212","REPAIR BROKEN MAIN"
"2379686","03/06/2015","08:15","AM","03/06/2015","00:00",,"212","REPAIR BROKEN MAIN"
"2379741","03/06/2015","10:55","AM","03/13/2015","00:00",,"212","REPAIR BROKEN MAIN"
"2379785","03/06/2015","01:58","PM","03/10/2015","00:00",,"212","REPAIR BROKEN MAIN"
"2379571","03/05/2015","05:00","AM","03/05/2015","00:00",,"212","REPAIR BROKEN MAIN"
"2379581","03/05/2015","08:00","AM","03/09/2015","00:00",,"212","REPAIR BROKEN MAIN"
"2379599","03/05/2015","10:30","AM","03/11/2015","00:00",,"212","REPAIR BROKEN MAIN"
"2379606","03/05/2015","12:08","PM","03/06/2015","00:00",,"212","REPAIR BROKEN MAIN"
"2379307","03/04/2015","05:20","AM","03/06/2015","00:00",,"212","REPAIR BROKEN MAIN"
"2379340","03/04/2015","08:43","AM","03/10/2015","00:00",,"212","REPAIR BROKEN MAIN"
"2379368","03/04/2015","09:50","AM","03/05/2015","00:00",,"212","REPAIR BROKEN MAIN"
"2379417","03/04/2015","12:46","PM","03/04/2015","00:00",,"212","REPAIR BROKEN MAIN"
"2379533","03/04/2015","05:27","PM","03/04/2015","00:00",,"212","REPAIR BROKEN MAIN"
"2379556","03/04/2015","09:20","PM","03/09/2015","00:00",,"212","REPAIR BROKEN MAIN"
"2379568","03/04/2015","11:45","PM","03/06/2015","00:00",,"212","REPAIR BROKEN MAIN"
"2379104","03/03/2015","08:47","AM","04/03/2015","00:00",,"212","REPAIR BROKEN MAIN"
"2379179","03/03/2015","12:07","PM","03/04/2015","00:00",,"212","REPAIR BROKEN MAIN"
"2379211","03/03/2015","01:10","PM","03/04/2015","00:00",,"212","REPAIR BROKEN MAIN"
"2379293","03/03/2015","08:37","PM","03/04/2015","00:00",,"212","REPAIR BROKEN MAIN"
"2378865","03/02/2015","08:37","AM","03/02/2015","00:00",,"212","REPAIR BROKEN MAIN"
"2378873","03/02/2015","09:09","AM","03/02/2015","00:00",,"212","REPAIR BROKEN MAIN"
"2379058","03/02/2015","08:16","PM","03/03/2015","00:00",,"212","REPAIR BROKEN MAIN"
"2377466","03/01/2015","02:19","AM","03/01/2015","00:00",,"212","REPAIR BROKEN MAIN"
"2377485","03/01/2015","11:45","AM","03/01/2015","00:00",,"212","REPAIR BROKEN MAIN"
"2377492","03/01/2015","12:34","PM","03/06/2015","00:00",,"212","REPAIR BROKEN MAIN"
"2377503","03/01/2015","02:46","PM","03/02/2015","00:00",,"212","REPAIR BROKEN MAIN"
"2377504","03/01/2015","02:54","PM","03/03/2015","00:00",,"212","REPAIR BROKEN MAIN"
"2377508","03/01/2015","03:01","PM","03/03/2015","00:00",,"212","REPAIR BROKEN MAIN"
"2377352","02/28/2015","12:40","AM","04/10/2015","00:00",,"212","REPAIR BROKEN MAIN"
"2377353","02/28/2015","01:20","AM","03/02/2015","00:00",,"212","REPAIR BROKEN MAIN"
"2377393","02/28/2015","11:43","AM","03/03/2015","00:00",,"212","REPAIR BROKEN MAIN"
"2377406","02/28/2015","12:35","PM","02/28/2015","00:00",,"212","REPAIR BROKEN MAIN"
"2377420","02/28/2015","01:47","PM","03/04/2015","00:00",,"212","REPAIR BROKEN MAIN"
"2377428","02/28/2015","02:53","PM","03/02/2015","00:00",,"212","REPAIR BROKEN MAIN"
"2377448","02/28/2015","05:47","PM","03/03/2015","00:00",,"212","REPAIR BROKEN MAIN"
"2377452","02/28/2015","07:11","PM","03/02/2015","00:00",,"212","REPAIR BROKEN MAIN"
"2377453","02/28/2015","08:37","PM","03/01/2015","00:00",,"212","REPAIR BROKEN MAIN"
"2377456","02/28/2015","09:16","PM","03/01/2015","00:00",,"212","REPAIR BROKEN MAIN"
"2377041","02/27/2015","02:00","AM","03/13/2015","00:00",,"212","REPAIR BROKEN MAIN"
"2377151","02/27/2015","11:34","AM","02/28/2015","00:00",,"212","REPAIR BROKEN MAIN"
"2377188","02/27/2015","12:55","PM","03/25/2015","00:00",,"212","REPAIR BROKEN MAIN"
"2377289","02/27/2015","06:05","PM","03/01/2015","00:00",,"212","REPAIR BROKEN MAIN"
"2377301","02/27/2015","07:00","PM","02/28/2015","00:00",,"212","REPAIR BROKEN MAIN"
"2377304","02/27/2015","08:05","PM","02/28/2015","00:00",,"212","REPAIR BROKEN MAIN"
"2377306","02/27/2015","08:18","PM","04/20/2015","00:00",,"212","REPAIR BROKEN MAIN"
"2376812","02/26/2015","02:07","AM","02/26/2015","00:00",,"212","REPAIR BROKEN MAIN"
"2376858","02/26/2015","09:34","AM","02/26/2015","00:00",,"212","REPAIR BROKEN MAIN"
"2376868","02/26/2015","10:01","AM","02/26/2015","00:00",,"212","REPAIR BROKEN MAIN"
"2376871","02/26/2015","10:07","AM","02/26/2015","00:00",,"212","REPAIR BROKEN MAIN"
"2376876","02/26/2015","10:35","AM","02/27/2015","00:00",,"212","REPAIR BROKEN MAIN"
"2376898","02/26/2015","12:01","PM","03/04/2015","00:00",,"212","REPAIR BROKEN MAIN"
"2376931","02/26/2015","02:02","PM","02/27/2015","00:00",,"212","REPAIR BROKEN MAIN"
"2376955","02/26/2015","03:12","PM","02/27/2015","00:00",,"212","REPAIR BROKEN MAIN"
"2376958","02/26/2015","03:14","PM","02/26/2015","00:00",,"212","REPAIR BROKEN MAIN"
"2376971","02/26/2015","03:57","PM","02/27/2015","00:00",,"212","REPAIR BROKEN MAIN"
"2376431","02/25/2015","02:19","AM","02/25/2015","00:00",,"212","REPAIR BROKEN MAIN"
"2376432","02/25/2015","02:32","AM","03/04/2015","00:00",,"212","REPAIR BROKEN MAIN"
"2376439","02/25/2015","06:04","AM","02/25/2015","00:00",,"212","REPAIR BROKEN MAIN"
"2376441","02/25/2015","06:28","AM","02/25/2015","00:00",,"212","REPAIR BROKEN MAIN"
"2376442","02/25/2015","06:32","AM","04/22/2015","00:00",,"212","REPAIR BROKEN MAIN"
"2376443","02/25/2015","06:33","AM","02/25/2015","00:00",,"212","REPAIR BROKEN MAIN"
"2376499","02/25/2015","08:51","AM","02/27/2015","00:00",,"212","REPAIR BROKEN MAIN"
"2376511","02/25/2015","09:23","AM","02/25/2015","00:00",,"212","REPAIR BROKEN MAIN"
"2376514","02/25/2015","09:29","AM","02/25/2015","00:00",,"212","REPAIR BROKEN MAIN"
"2376520","02/25/2015","09:40","AM","02/26/2015","00:00",,"212","REPAIR BROKEN MAIN"
"2376525","02/25/2015","09:45","AM","02/25/2015","00:00",,"212","REPAIR BROKEN MAIN"
"2376534","02/25/2015","09:58","AM","02/27/2015","00:00",,"212","REPAIR BROKEN MAIN"
"2376618","02/25/2015","12:14","PM","02/26/2015","00:00",,"212","REPAIR BROKEN MAIN"
"2376622","02/25/2015","12:22","PM","02/26/2015","00:00",,"212","REPAIR BROKEN MAIN"
"2376631","02/25/2015","12:43","PM","02/27/2015","00:00",,"212","REPAIR BROKEN MAIN"
"2376635","02/25/2015","12:49","PM","02/26/2015","00:00",,"212","REPAIR BROKEN MAIN"
"2376643","02/25/2015","01:01","PM","02/25/2015","00:00",,"212","REPAIR BROKEN MAIN"
"2376652","02/25/2015","01:25","PM","02/25/2015","00:00",,"212","REPAIR BROKEN MAIN"
"2376702","02/25/2015","03:11","PM","02/27/2015","00:00",,"212","REPAIR BROKEN MAIN"
"2376737","02/25/2015","12:30","PM","04/10/2015","00:00",,"212","REPAIR BROKEN MAIN"
"2376757","02/25/2015","07:04","PM","02/25/2015","00:00",,"212","REPAIR BROKEN MAIN"
"2376760","02/25/2015","07:25","PM","03/17/2015","00:00",,"212","REPAIR BROKEN MAIN"
"2376764","02/25/2015","07:51","PM","02/26/2015","00:00",,"212","REPAIR BROKEN MAIN"
"2376765","02/25/2015","07:56","PM","02/26/2015","00:00",,"212","REPAIR BROKEN MAIN"
"2375960","02/24/2015","12:37","AM","02/24/2015","00:00",,"212","REPAIR BROKEN MAIN"
"2375969","02/24/2015","01:15","AM","02/24/2015","00:00",,"212","REPAIR BROKEN MAIN"
"2375972","02/24/2015","01:25","AM","02/25/2015","00:00",,"212","REPAIR BROKEN MAIN"
"2375974","02/24/2015","01:34","AM","02/24/2015","00:00",,"212","REPAIR BROKEN MAIN"
"2375976","02/24/2015","01:38","AM","02/24/2015","00:00",,"212","REPAIR BROKEN MAIN"
"2375983","02/24/2015","02:30","AM","02/28/2015","00:00",,"212","REPAIR BROKEN MAIN"
"2375989","02/24/2015","03:51","AM","04/10/2015","00:00",,"212","REPAIR BROKEN MAIN"
"2375990","02/24/2015","03:54","AM","04/10/2015","00:00",,"212","REPAIR BROKEN MAIN"
"2375992","02/24/2015","04:02","AM","02/25/2015","00:00",,"212","REPAIR BROKEN MAIN"
"2375994","02/24/2015","05:10","AM","02/25/2015","00:00",,"212","REPAIR BROKEN MAIN"
"2376001","02/24/2015","06:51","AM","02/24/2015","00:00",,"212","REPAIR BROKEN MAIN"
"2376041","02/24/2015","08:25","AM","02/26/2015","00:00",,"212","REPAIR BROKEN MAIN"
"2376055","02/24/2015","08:45","AM","02/25/2015","00:00",,"212","REPAIR BROKEN MAIN"
"2376105","02/24/2015","10:01","AM","02/24/2015","00:00",,"212","REPAIR BROKEN MAIN"
"2376132","02/24/2015","10:52","AM","02/24/2015","00:00",,"212","REPAIR BROKEN MAIN"
"2376137","02/24/2015","11:00","AM","02/25/2015","00:00",,"212","REPAIR BROKEN MAIN"
"2376163","02/24/2015","11:37","AM","02/25/2015","00:00",,"212","REPAIR BROKEN MAIN"
"2376169","02/24/2015","11:44","AM","02/25/2015","00:00",,"212","REPAIR BROKEN MAIN"
"2376175","02/24/2015","11:54","AM","02/25/2015","00:00",,"212","REPAIR BROKEN MAIN"
"2376187","02/24/2015","12:40","PM","02/26/2015","00:00",,"212","REPAIR BROKEN MAIN"
"2376214","02/24/2015","01:38","PM","02/25/2015","00:00",,"212","REPAIR BROKEN MAIN"
"2376243","02/24/2015","02:22","PM","03/04/2015","00:00",,"212","REPAIR BROKEN MAIN"
"2376282","02/24/2015","04:04","PM","02/25/2015","00:00",,"212","REPAIR BROKEN MAIN"
"2376306","02/24/2015","04:57","PM","02/25/2015","00:00",,"212","REPAIR BROKEN MAIN"
"2376313","02/24/2015","05:24","PM","02/27/2015","00:00",,"212","REPAIR BROKEN MAIN"
"2376328","02/24/2015","06:43","PM","02/25/2015","00:00",,"212","REPAIR BROKEN MAIN"
"2376330","02/24/2015","06:45","PM","02/27/2015","00:00",,"212","REPAIR BROKEN MAIN"
"2376331","02/24/2015","06:46","PM","03/04/2015","00:00",,"212","REPAIR BROKEN MAIN"
"2376341","02/24/2015","07:12","PM","02/25/2015","00:00",,"212","REPAIR BROKEN MAIN"
"2376345","02/24/2015","07:31","PM","02/25/2015","00:00",,"212","REPAIR BROKEN MAIN"
"2376354","02/24/2015","08:23","PM","02/26/2015","00:00",,"212","REPAIR BROKEN MAIN"
"2376411","02/24/2015","09:55","PM","03/03/2015","00:00",,"212","REPAIR BROKEN MAIN"
"2376422","02/24/2015","10:59","PM","02/25/2015","00:00",,"212","REPAIR BROKEN MAIN"
"2375554","02/23/2015","02:03","AM","02/24/2015","00:00",,"212","REPAIR BROKEN MAIN"
"2375557","02/23/2015","02:31","AM","04/10/2015","00:00",,"212","REPAIR BROKEN MAIN"
"2375563","02/23/2015","05:14","AM","02/23/2015","00:00",,"212","REPAIR BROKEN MAIN"
"2375565","02/23/2015","05:31","AM","02/23/2015","00:00",,"212","REPAIR BROKEN MAIN"
"2375567","02/23/2015","06:26","AM","02/23/2015","00:00",,"212","REPAIR BROKEN MAIN"
"2375568","02/23/2015","06:29","AM","02/23/2015","00:00",,"212","REPAIR BROKEN MAIN"
"2375578","02/23/2015","07:13","AM","02/23/2015","00:00",,"212","REPAIR BROKEN MAIN"
"2375581","02/23/2015","07:22","AM","02/23/2015","00:00",,"212","REPAIR BROKEN MAIN"
"2375596","02/23/2015","08:12","AM","02/24/2015","00:00",,"212","REPAIR BROKEN MAIN"
"2375612","02/23/2015","08:45","AM","02/23/2015","00:00",,"212","REPAIR BROKEN MAIN"
"2375647","02/23/2015","09:51","AM","02/27/2015","00:00",,"212","REPAIR BROKEN MAIN"
"2375652","02/23/2015","09:57","AM","02/25/2015","00:00",,"212","REPAIR BROKEN MAIN"
"2375658","02/23/2015","10:01","AM","02/24/2015","00:00",,"212","REPAIR BROKEN MAIN"
"2375678","02/23/2015","10:23","AM","02/25/2015","00:00",,"212","REPAIR BROKEN MAIN"
"2375683","02/23/2015","10:27","AM","02/23/2015","00:00",,"212","REPAIR BROKEN MAIN"
"2375727","02/23/2015","11:00","AM","02/25/2015","00:00",,"212","REPAIR BROKEN MAIN"
"2375742","02/23/2015","11:59","AM","03/18/2015","00:00",,"212","REPAIR BROKEN MAIN"
"2375744","02/23/2015","12:04","PM","03/17/2015","00:00",,"212","REPAIR BROKEN MAIN"
"2375751","02/23/2015","12:15","PM","05/12/2015","00:00",,"212","REPAIR BROKEN MAIN"
"2375780","02/23/2015","01:10","PM","02/24/2015","00:00",,"212","REPAIR BROKEN MAIN"
"2375799","02/23/2015","02:06","PM","02/24/2015","00:00",,"212","REPAIR BROKEN MAIN"
"2375825","02/23/2015","02:40","PM","02/25/2015","00:00",,"212","REPAIR BROKEN MAIN"
"2375837","02/23/2015","03:01","PM","02/24/2015","00:00",,"212","REPAIR BROKEN MAIN"
"2375838","02/23/2015","03:03","PM","02/24/2015","00:00",,"212","REPAIR BROKEN MAIN"
"2375841","02/23/2015","03:04","PM","02/24/2015","00:00",,"212","REPAIR BROKEN MAIN"
"2375889","02/23/2015","05:18","PM","03/03/2015","00:00",,"212","REPAIR BROKEN MAIN"
"2375895","02/23/2015","05:30","PM","02/24/2015","00:00",,"212","REPAIR BROKEN MAIN"
"2375899","02/23/2015","05:37","PM","03/02/2015","00:00",,"212","REPAIR BROKEN MAIN"
"2375900","02/23/2015","05:36","PM","02/27/2015","00:00",,"212","REPAIR BROKEN MAIN"
"2375925","02/23/2015","06:38","PM","04/10/2015","00:00",,"212","REPAIR BROKEN MAIN"
"2375928","02/23/2015","07:00","PM","02/25/2015","00:00",,"212","REPAIR BROKEN MAIN"
"2375931","02/23/2015","07:53","PM","02/27/2015","00:00",,"212","REPAIR BROKEN MAIN"
"2375940","02/23/2015","09:49","PM","02/24/2015","00:00",,"212","REPAIR BROKEN MAIN"
"2375319","02/22/2015","02:58","AM","02/23/2015","00:00",,"212","REPAIR BROKEN MAIN"
"2375322","02/22/2015","04:05","AM","02/23/2015","00:00",,"212","REPAIR BROKEN MAIN"
"2375338","02/22/2015","07:32","AM","02/23/2015","00:00",,"212","REPAIR BROKEN MAIN"
"2375342","02/22/2015","07:42","AM","02/24/2015","00:00",,"212","REPAIR BROKEN MAIN"
"2375360","02/22/2015","09:09","AM","02/23/2015","00:00",,"212","REPAIR BROKEN MAIN"
"2375371","02/22/2015","09:45","AM","02/22/2015","00:00",,"212","REPAIR BROKEN MAIN"
"2375383","02/22/2015","10:25","AM","02/23/2015","00:00",,"212","REPAIR BROKEN MAIN"
"2375390","02/22/2015","11:29","AM","02/23/2015","00:00",,"212","REPAIR BROKEN MAIN"
"2375391","02/22/2015","11:05","AM","02/22/2015","00:00",,"212","REPAIR BROKEN MAIN"
"2375406","02/22/2015","12:37","PM","02/24/2015","00:00",,"212","REPAIR BROKEN MAIN"
"2375429","02/22/2015","11:33","AM","02/23/2015","00:00",,"212","REPAIR BROKEN MAIN"
"2375431","02/22/2015","02:36","PM","02/24/2015","00:00",,"212","REPAIR BROKEN MAIN"
"2375433","02/22/2015","02:39","PM","02/22/2015","00:00",,"212","REPAIR BROKEN MAIN"
"2375434","02/22/2015","02:41","PM","03/23/2015","00:00",,"212","REPAIR BROKEN MAIN"
"2375450","02/22/2015","03:50","PM","12/14/2015","00:00",,"212","REPAIR BROKEN MAIN"
"2375453","02/22/2015","04:12","PM","02/24/2015","00:00",,"212","REPAIR BROKEN MAIN"
"2375491","02/22/2015","06:11","PM","02/23/2015","00:00",,"212","REPAIR BROKEN MAIN"
"2375514","02/22/2015","07:21","PM","02/23/2015","00:00",,"212","REPAIR BROKEN MAIN"
"2375521","02/22/2015","07:45","PM","02/23/2015","00:00",,"212","REPAIR BROKEN MAIN"
"2375531","02/22/2015","09:09","PM","02/23/2015","00:00",,"212","REPAIR BROKEN MAIN"
"2375540","02/22/2015","10:23","PM","02/24/2015","00:00",,"212","REPAIR BROKEN MAIN"
"2377384","02/22/2015","01:21","AM","02/28/2015","00:00",,"212","REPAIR BROKEN MAIN"
"2375126","02/21/2015","01:01","AM","02/21/2015","00:00",,"212","REPAIR BROKEN MAIN"
"2375129","02/21/2015","01:25","AM","02/21/2015","00:00",,"212","REPAIR BROKEN MAIN"
"2375131","02/21/2015","01:32","AM","03/04/2015","00:00",,"212","REPAIR BROKEN MAIN"
"2375132","02/21/2015","01:44","AM","02/22/2015","00:00",,"212","REPAIR BROKEN MAIN"
"2375134","02/21/2015","02:05","AM","02/24/2015","00:00",,"212","REPAIR BROKEN MAIN"
"2375138","02/21/2015","03:53","AM","02/23/2015","00:00",,"212","REPAIR BROKEN MAIN"
"2375171","02/21/2015","08:08","AM","02/23/2015","00:00",,"212","REPAIR BROKEN MAIN"
"2375182","02/21/2015","09:11","AM","02/23/2015","00:00",,"212","REPAIR BROKEN MAIN"
"2375190","02/21/2015","09:50","AM","02/24/2015","00:00",,"212","REPAIR BROKEN MAIN"
"2375194","02/21/2015","10:09","AM","02/23/2015","00:00",,"212","REPAIR BROKEN MAIN"
"2375202","02/21/2015","11:01","AM","02/23/2015","00:00",,"212","REPAIR BROKEN MAIN"
"2375218","02/21/2015","11:55","AM","02/22/2015","00:00",,"212","REPAIR BROKEN MAIN"
"2375234","02/21/2015","01:51","PM","02/21/2015","00:00",,"212","REPAIR BROKEN MAIN"
"2375235","02/21/2015","01:57","PM","02/26/2015","00:00",,"212","REPAIR BROKEN MAIN"
"2375243","02/21/2015","03:27","PM","02/23/2015","00:00",,"212","REPAIR BROKEN MAIN"
"2375292","02/21/2015","09:18","PM","02/22/2015","00:00",,"212","REPAIR BROKEN MAIN"
"2375304","02/21/2015","10:58","PM","02/26/2015","00:00",,"212","REPAIR BROKEN MAIN"
"2374685","02/20/2015","12:24","AM","02/20/2015","00:00",,"212","REPAIR BROKEN MAIN"
"2374726","02/20/2015","08:01","AM","02/20/2015","00:00",,"212","REPAIR BROKEN MAIN"
"2374733","02/20/2015","08:23","AM","02/21/2015","00:00",,"212","REPAIR BROKEN MAIN"
"2374737","02/20/2015","08:31","AM","02/24/2015","00:00",,"212","REPAIR BROKEN MAIN"
"2374740","02/20/2015","08:41","AM","02/20/2015","00:00",,"212","REPAIR BROKEN MAIN"
"2374787","02/20/2015","08:55","AM","02/20/2015","00:00",,"212","REPAIR BROKEN MAIN"
"2374789","02/20/2015","09:46","AM","02/20/2015","00:00",,"212","REPAIR BROKEN MAIN"
"2374843","02/20/2015","11:22","AM","02/25/2015","00:00",,"212","REPAIR BROKEN MAIN"
"2374846","02/20/2015","11:31","AM","02/21/2015","00:00",,"212","REPAIR BROKEN MAIN"
"2374853","02/20/2015","11:46","AM","02/21/2015","00:00",,"212","REPAIR BROKEN MAIN"
"2374860","02/20/2015","10:15","AM","02/20/2015","00:00",,"212","REPAIR BROKEN MAIN"
"2374941","02/20/2015","02:25","PM","02/20/2015","00:00",,"212","REPAIR BROKEN MAIN"
"2374996","02/20/2015","04:33","PM","02/22/2015","00:00",,"212","REPAIR BROKEN MAIN"
"2374998","02/20/2015","04:35","PM","02/23/2015","00:00",,"212","REPAIR BROKEN MAIN"
"2375043","02/20/2015","06:18","PM","02/21/2015","00:00",,"212","REPAIR BROKEN MAIN"
"2375053","02/20/2015","07:17","PM","02/22/2015","00:00",,"212","REPAIR BROKEN MAIN"
"2375068","02/20/2015","07:57","PM","02/26/2015","00:00",,"212","REPAIR BROKEN MAIN"
"2375079","02/20/2015","08:53","PM","02/21/2015","00:00",,"212","REPAIR BROKEN MAIN"
"2375087","02/20/2015","09:25","PM","02/21/2015","00:00",,"212","REPAIR BROKEN MAIN"
"2375088","02/20/2015","09:29","PM","02/21/2015","00:00",,"212","REPAIR BROKEN MAIN"
"2375104","02/20/2015","10:27","PM","04/10/2015","00:00",,"212","REPAIR BROKEN MAIN"
"2375111","02/20/2015","11:20","PM","02/22/2015","00:00",,"212","REPAIR BROKEN MAIN"
"2374243","02/19/2015","12:03","AM","02/19/2015","00:00",,"212","REPAIR BROKEN MAIN"
"2374245","02/19/2015","12:07","AM","02/26/2015","00:00",,"212","REPAIR BROKEN MAIN"
"2374247","02/19/2015","12:11","AM","02/19/2015","00:00",,"212","REPAIR BROKEN MAIN"
"2374251","02/19/2015","12:21","AM","02/19/2015","00:00",,"212","REPAIR BROKEN MAIN"
"2374256","02/19/2015","01:12","AM","02/20/2015","00:00",,"212","REPAIR BROKEN MAIN"
"2374258","02/19/2015","01:25","AM","02/19/2015","00:00",,"212","REPAIR BROKEN MAIN"
"2374263","02/19/2015","02:15","AM","02/19/2015","00:00",,"212","REPAIR BROKEN MAIN"
"2374267","02/19/2015","05:04","AM","02/19/2015","00:00",,"212","REPAIR BROKEN MAIN"
"2374277","02/19/2015","06:55","AM","02/19/2015","00:00",,"212","REPAIR BROKEN MAIN"
"2374303","02/19/2015","08:06","AM","02/19/2015","00:00",,"212","REPAIR BROKEN MAIN"
"2374359","02/19/2015","09:47","AM","02/20/2015","00:00",,"212","REPAIR BROKEN MAIN"
"2374372","02/19/2015","10:18","AM","02/19/2015","00:00",,"212","REPAIR BROKEN MAIN"
"2374378","02/19/2015","10:35","AM","02/21/2015","00:00",,"212","REPAIR BROKEN MAIN"
"2374386","02/19/2015","10:45","AM","02/19/2015","00:00",,"212","REPAIR BROKEN MAIN"
"2374387","02/19/2015","10:47","AM","02/19/2015","00:00",,"212","REPAIR BROKEN MAIN"
"2374403","02/19/2015","11:10","AM","02/25/2015","00:00",,"212","REPAIR BROKEN MAIN"
"2374433","02/19/2015","12:05","PM","03/06/2015","00:00",,"212","REPAIR BROKEN MAIN"
"2374445","02/19/2015","12:50","PM","02/20/2015","00:00",,"212","REPAIR BROKEN MAIN"
"2374453","02/19/2015","01:03","PM","02/19/2015","00:00",,"212","REPAIR BROKEN MAIN"
"2374488","02/19/2015","02:52","PM","02/20/2015","00:00",,"212","REPAIR BROKEN MAIN"
"2374500","02/19/2015","03:21","PM","02/24/2015","00:00",,"212","REPAIR BROKEN MAIN"
"2374508","02/19/2015","04:02","PM","02/24/2015","00:00",,"212","REPAIR BROKEN MAIN"
"2374529","02/19/2015","05:02","PM","02/22/2015","00:00",,"212","REPAIR BROKEN MAIN"
"2374540","02/19/2015","05:49","PM","04/16/2015","00:00",,"212","REPAIR BROKEN MAIN"
"2374559","02/19/2015","07:06","PM","02/19/2015","00:00",,"212","REPAIR BROKEN MAIN"
"2374569","02/19/2015","07:48","PM","04/15/2015","00:00",,"212","REPAIR BROKEN MAIN"
"2374623","02/19/2015","08:20","PM","02/23/2015","00:00",,"212","REPAIR BROKEN MAIN"
"2374625","02/19/2015","08:23","PM","02/20/2015","00:00",,"212","REPAIR BROKEN MAIN"
"2374626","02/19/2015","08:39","PM","02/20/2015","00:00",,"212","REPAIR BROKEN MAIN"
"2374629","02/19/2015","08:50","PM","02/23/2015","00:00",,"212","REPAIR BROKEN MAIN"
"2374631","02/19/2015","08:57","PM","02/21/2015","00:00",,"212","REPAIR BROKEN MAIN"
"2374635","02/19/2015","09:20","PM","02/20/2015","00:00",,"212","REPAIR BROKEN MAIN"
"2374636","02/19/2015","09:30","PM","02/21/2015","00:00",,"212","REPAIR BROKEN MAIN"
"2374640","02/19/2015","10:22","PM","02/20/2015","00:00",,"212","REPAIR BROKEN MAIN"
"2373812","02/18/2015","12:40","AM","02/18/2015","00:00",,"212","REPAIR BROKEN MAIN"
"2373818","02/18/2015","01:59","AM","03/10/2015","00:00",,"212","REPAIR BROKEN MAIN"
"2373819","02/18/2015","02:11","AM","02/18/2015","00:00",,"212","REPAIR BROKEN MAIN"
"2373822","02/18/2015","03:44","AM","02/20/2015","00:00",,"212","REPAIR BROKEN MAIN"
"2373823","02/18/2015","03:54","AM","02/18/2015","00:00",,"212","REPAIR BROKEN MAIN"
"2373860","02/18/2015","08:10","AM","02/18/2015","00:00",,"212","REPAIR BROKEN MAIN"
"2373878","02/18/2015","08:41","AM","02/18/2015","00:00",,"212","REPAIR BROKEN MAIN"
"2373892","02/18/2015","09:06","AM","02/18/2015","00:00",,"212","REPAIR BROKEN MAIN"
"2373895","02/18/2015","09:15","AM","02/19/2015","00:00",,"212","REPAIR BROKEN MAIN"
"2373950","02/18/2015","10:26","AM","02/25/2015","00:00",,"212","REPAIR BROKEN MAIN"
"2373953","02/18/2015","10:29","AM","02/18/2015","00:00",,"212","REPAIR BROKEN MAIN"
"2373991","02/18/2015","11:20","AM","02/18/2015","00:00",,"212","REPAIR BROKEN MAIN"
"2374025","02/18/2015","12:41","PM","02/19/2015","00:00",,"212","REPAIR BROKEN MAIN"
"2374044","02/18/2015","01:10","PM","02/19/2015","00:00",,"212","REPAIR BROKEN MAIN"
"2374135","02/18/2015","03:57","PM","02/19/2015","00:00",,"212","REPAIR BROKEN MAIN"
"2374152","02/18/2015","04:45","PM","02/18/2015","00:00",,"212","REPAIR BROKEN MAIN"
"2374202","02/18/2015","08:04","PM","02/19/2015","00:00",,"212","REPAIR BROKEN MAIN"
"2374209","02/18/2015","08:37","PM","02/19/2015","00:00",,"212","REPAIR BROKEN MAIN"
"2374211","02/18/2015","08:52","PM","02/20/2015","00:00",,"212","REPAIR BROKEN MAIN"
"2374222","02/18/2015","09:37","PM","02/19/2015","00:00",,"212","REPAIR BROKEN MAIN"
"2374230","02/18/2015","10:17","PM","02/23/2015","00:00",,"212","REPAIR BROKEN MAIN"
"2374234","02/18/2015","10:36","PM","02/25/2015","00:00",,"212","REPAIR BROKEN MAIN"
"2373481","02/17/2015","05:05","AM","02/18/2015","00:00",,"212","REPAIR BROKEN MAIN"
"2373486","02/17/2015","06:33","AM","02/17/2015","00:00",,"212","REPAIR BROKEN MAIN"
"2373487","02/17/2015","06:34","AM","02/17/2015","00:00",,"212","REPAIR BROKEN MAIN"
"2373530","02/17/2015","09:01","AM","03/10/2015","00:00",,"212","REPAIR BROKEN MAIN"
"2373544","02/17/2015","09:36","AM","02/18/2015","00:00",,"212","REPAIR BROKEN MAIN"
"2373560","02/17/2015","10:05","AM","02/18/2015","00:00",,"212","REPAIR BROKEN MAIN"
"2373591","02/17/2015","11:02","AM","02/17/2015","00:00",,"212","REPAIR BROKEN MAIN"
"2373593","02/17/2015","11:06","AM","02/26/2015","00:00",,"212","REPAIR BROKEN MAIN"
"2373604","02/17/2015","11:35","AM","02/22/2015","00:00",,"212","REPAIR BROKEN MAIN"
"2373611","02/17/2015","11:45","AM","02/18/2015","00:00",,"212","REPAIR BROKEN MAIN"
"2373613","02/17/2015","11:46","AM","02/17/2015","00:00",,"212","REPAIR BROKEN MAIN"
"2373642","02/17/2015","12:36","PM","02/25/2015","00:00",,"212","REPAIR BROKEN MAIN"
"2373659","02/17/2015","01:13","PM","02/19/2015","00:00",,"212","REPAIR BROKEN MAIN"
"2373667","02/17/2015","01:37","PM","02/18/2015","00:00",,"212","REPAIR BROKEN MAIN"
"2373686","02/17/2015","10:19","AM","02/18/2015","00:00",,"212","REPAIR BROKEN MAIN"
"2373735","02/17/2015","05:03","PM","02/17/2015","00:00",,"212","REPAIR BROKEN MAIN"
"2373766","02/17/2015","06:28","PM","02/18/2015","00:00",,"212","REPAIR BROKEN MAIN"
"2373768","02/17/2015","06:40","PM","02/18/2015","00:00",,"212","REPAIR BROKEN MAIN"
"2373769","02/17/2015","06:42","PM","02/18/2015","00:00",,"212","REPAIR BROKEN MAIN"
"2373787","02/17/2015","08:36","PM","02/18/2015","00:00",,"212","REPAIR BROKEN MAIN"
"2373790","02/17/2015","08:51","PM","02/17/2015","00:00",,"212","REPAIR BROKEN MAIN"
"2373794","02/17/2015","09:06","PM","02/17/2015","00:00",,"212","REPAIR BROKEN MAIN"
"2373165","02/16/2015","12:47","AM","02/17/2015","00:00",,"212","REPAIR BROKEN MAIN"
"2373166","02/16/2015","01:12","AM","02/16/2015","00:00",,"212","REPAIR BROKEN MAIN"
"2373176","02/16/2015","05:36","AM","02/16/2015","00:00",,"212","REPAIR BROKEN MAIN"
"2373182","02/16/2015","06:38","AM","02/17/2015","00:00",,"212","REPAIR BROKEN MAIN"
"2373275","02/16/2015","10:50","AM","03/17/2015","00:00",,"212","REPAIR BROKEN MAIN"
"2373288","02/16/2015","11:32","AM","02/18/2015","00:00",,"212","REPAIR BROKEN MAIN"
"2373349","02/16/2015","02:57","PM","02/16/2015","00:00",,"212","REPAIR BROKEN MAIN"
"2373457","02/16/2015","10:44","PM","02/17/2015","00:00",,"212","REPAIR BROKEN MAIN"
"2373462","02/16/2015","10:57","PM","02/18/2015","00:00",,"212","REPAIR BROKEN MAIN"
"2373020","02/15/2015","08:28","AM","04/02/2015","00:00",,"212","REPAIR BROKEN MAIN"
"2373127","02/15/2015","07:20","PM","02/18/2015","00:00",,"212","REPAIR BROKEN MAIN"
"2373149","02/15/2015","08:29","PM","02/17/2015","00:00",,"212","REPAIR BROKEN MAIN"
"2373160","02/15/2015","11:46","PM","02/18/2015","00:00",,"212","REPAIR BROKEN MAIN"
"2372967","02/14/2015","02:37","PM","02/17/2015","00:00",,"212","REPAIR BROKEN MAIN"
"2372745","02/13/2015","08:30","AM","02/26/2015","00:00",,"212","REPAIR BROKEN MAIN"
"2372752","02/13/2015","09:06","AM","02/13/2015","00:00",,"212","REPAIR BROKEN MAIN"
"2372858","02/13/2015","01:58","PM","02/13/2015","00:00",,"212","REPAIR BROKEN MAIN"
"2372458","02/12/2015","04:33","AM","02/17/2015","00:00",,"212","REPAIR BROKEN MAIN"
"2372516","02/12/2015","09:43","AM","02/12/2015","00:00",,"212","REPAIR BROKEN MAIN"
"2372562","02/12/2015","11:56","AM","03/19/2015","00:00",,"212","REPAIR BROKEN MAIN"
"2372690","02/12/2015","08:46","PM","02/13/2015","00:00",,"212","REPAIR BROKEN MAIN"
"2372200","02/11/2015","07:13","AM","02/11/2015","00:00",,"212","REPAIR BROKEN MAIN"
"2372256","02/11/2015","09:59","AM","02/13/2015","00:00",,"212","REPAIR BROKEN MAIN"
"2372301","02/11/2015","11:31","AM","02/11/2015","00:00",,"212","REPAIR BROKEN MAIN"
"2372394","02/11/2015","03:32","PM","02/12/2015","00:00",,"212","REPAIR BROKEN MAIN"
"2372401","02/11/2015","03:52","PM","02/12/2015","00:00",,"212","REPAIR BROKEN MAIN"
"2372431","02/11/2015","06:51","PM","02/12/2015","00:00",,"212","REPAIR BROKEN MAIN"
"2372071","02/10/2015","09:51","AM","02/11/2015","00:00",,"212","REPAIR BROKEN MAIN"
"2372099","02/10/2015","11:59","AM","02/11/2015","00:00",,"212","REPAIR BROKEN MAIN"
"2372128","02/10/2015","02:40","PM","02/10/2015","00:00",,"212","REPAIR BROKEN MAIN"
"2372143","02/10/2015","03:18","PM","02/11/2015","00:00",,"212","REPAIR BROKEN MAIN"
"2371983","02/09/2015","03:44","PM","02/12/2015","00:00",,"212","REPAIR BROKEN MAIN"
"2372004","02/09/2015","06:21","PM","02/10/2015","00:00",,"212","REPAIR BROKEN MAIN"
"2372025","02/09/2015","11:44","PM","02/10/2015","00:00",,"212","REPAIR BROKEN MAIN"
"2371632","02/08/2015","11:17","AM","02/10/2015","00:00",,"212","REPAIR BROKEN MAIN"
"2371665","02/08/2015","10:28","PM","02/09/2015","00:00",,"212","REPAIR BROKEN MAIN"
"2371563","02/07/2015","11:38","AM","02/07/2015","00:00",,"212","REPAIR BROKEN MAIN"
"2371601","02/07/2015","07:43","PM","02/10/2015","00:00",,"212","REPAIR BROKEN MAIN"
"2371616","02/07/2015","10:48","PM","02/09/2015","00:00",,"212","REPAIR BROKEN MAIN"
"2371177","02/06/2015","07:15","AM","02/06/2015","00:00",,"212","REPAIR BROKEN MAIN"
"2371212","02/06/2015","08:57","AM","02/06/2015","00:00",,"212","REPAIR BROKEN MAIN"
"2371279","02/06/2015","11:17","AM","02/06/2015","00:00",,"212","REPAIR BROKEN MAIN"
"2371371","02/06/2015","02:54","PM","02/06/2015","00:00",,"212","REPAIR BROKEN MAIN"
"2371432","02/06/2015","07:26","PM","02/09/2015","00:00",,"212","REPAIR BROKEN MAIN"
"2371435","02/06/2015","07:40","PM","02/07/2015","00:00",,"212","REPAIR BROKEN MAIN"
"2371529","02/06/2015","10:18","PM","02/07/2015","00:00",,"212","REPAIR BROKEN MAIN"
"2371530","02/06/2015","10:20","PM","02/07/2015","00:00",,"212","REPAIR BROKEN MAIN"
"2371531","02/06/2015","10:52","PM","02/09/2015","00:00",,"212","REPAIR BROKEN MAIN"
"2370857","02/05/2015","12:21","AM","02/05/2015","00:00",,"212","REPAIR BROKEN MAIN"
"2370895","02/05/2015","08:27","AM","02/26/2015","00:00",,"212","REPAIR BROKEN MAIN"
"2370920","02/05/2015","09:27","AM","02/05/2015","00:00",,"212","REPAIR BROKEN MAIN"
"2370923","02/05/2015","09:32","AM","02/05/2015","00:00",,"212","REPAIR BROKEN MAIN"
"2370997","02/05/2015","01:39","PM","02/05/2015","00:00",,"212","REPAIR BROKEN MAIN"
"2371028","02/05/2015","03:05","PM","03/23/2015","00:00",,"212","REPAIR BROKEN MAIN"
"2371061","02/05/2015","04:38","PM","02/05/2015","00:00",,"212","REPAIR BROKEN MAIN"
"2371069","02/05/2015","04:48","PM","02/06/2015","00:00",,"212","REPAIR BROKEN MAIN"
"2371145","02/05/2015","10:08","PM","02/06/2015","00:00",,"212","REPAIR BROKEN MAIN"
"2371148","02/05/2015","10:27","PM","02/06/2015","00:00",,"212","REPAIR BROKEN MAIN"
"2370412","02/04/2015","02:27","AM","02/04/2015","00:00",,"212","REPAIR BROKEN MAIN"
"2370415","02/04/2015","05:21","AM","02/04/2015","00:00",,"212","REPAIR BROKEN MAIN"
"2370485","02/04/2015","09:16","AM","02/04/2015","00:00",,"212","REPAIR BROKEN MAIN"
"2370498","02/04/2015","09:48","AM","02/05/2015","00:00",,"212","REPAIR BROKEN MAIN"
"2370522","02/04/2015","10:45","AM","02/09/2015","00:00",,"212","REPAIR BROKEN MAIN"
"2370689","02/04/2015","05:19","PM","02/09/2015","00:00",,"212","REPAIR BROKEN MAIN"
"2370692","02/04/2015","05:38","PM","02/05/2015","00:00",,"212","REPAIR BROKEN MAIN"
"2370701","02/04/2015","06:46","PM","04/30/2015","00:00",,"212","REPAIR BROKEN MAIN"
"2370708","02/04/2015","07:30","PM","02/06/2015","00:00",,"212","REPAIR BROKEN MAIN"
"2370709","02/04/2015","07:32","PM","02/05/2015","00:00",,"212","REPAIR BROKEN MAIN"
"2370711","02/04/2015","07:52","PM","02/05/2015","00:00",,"212","REPAIR BROKEN MAIN"
"2370847","02/04/2015","09:52","PM","02/05/2015","00:00",,"212","REPAIR BROKEN MAIN"
"2370851","02/04/2015","11:13","PM","02/05/2015","00:00",,"212","REPAIR BROKEN MAIN"
"2370144","02/03/2015","02:16","AM","02/03/2015","00:00",,"212","REPAIR BROKEN MAIN"
"2370185","02/03/2015","08:34","AM","02/03/2015","00:00",,"212","REPAIR BROKEN MAIN"
"2370193","02/03/2015","09:04","AM","04/27/2015","00:00",,"212","REPAIR BROKEN MAIN"
"2370202","02/03/2015","09:35","AM","02/05/2015","00:00",,"212","REPAIR BROKEN MAIN"
"2370212","02/03/2015","10:06","AM","02/13/2015","00:00",,"212","REPAIR BROKEN MAIN"
"2370223","02/03/2015","10:34","AM","02/04/2015","00:00",,"212","REPAIR BROKEN MAIN"
"2370239","02/03/2015","11:30","AM","02/03/2015","00:00",,"212","REPAIR BROKEN MAIN"
"2370267","02/03/2015","12:37","PM","02/03/2015","00:00",,"212","REPAIR BROKEN MAIN"
"2370276","02/03/2015","12:57","PM","02/13/2015","00:00",,"212","REPAIR BROKEN MAIN"
"2370325","02/03/2015","03:05","PM","02/04/2015","00:00",,"212","REPAIR BROKEN MAIN"
"2370341","02/03/2015","04:14","PM","02/04/2015","00:00",,"212","REPAIR BROKEN MAIN"
"2370358","02/03/2015","06:24","PM","02/04/2015","00:00",,"212","REPAIR BROKEN MAIN"
"2370405","02/03/2015","09:25","PM","02/09/2015","00:00",,"212","REPAIR BROKEN MAIN"
"2370410","02/03/2015","11:19","PM","02/05/2015","00:00",,"212","REPAIR BROKEN MAIN"
"2370034","02/02/2015","11:49","AM","02/02/2015","00:00",,"212","REPAIR BROKEN MAIN"
"2370043","02/02/2015","12:26","PM","02/03/2015","00:00",,"212","REPAIR BROKEN MAIN"
"2370113","02/02/2015","05:05","PM","02/03/2015","00:00",,"212","REPAIR BROKEN MAIN"
"2370126","02/02/2015","06:43","PM","02/03/2015","00:00",,"212","REPAIR BROKEN MAIN"
"2370138","02/02/2015","09:05","PM","02/03/2015","00:00",,"212","REPAIR BROKEN MAIN"
"2369244","02/01/2015","12:05","AM","02/02/2015","00:00",,"212","REPAIR BROKEN MAIN"
"2369245","02/01/2015","12:31","AM","02/01/2015","00:00",,"212","REPAIR BROKEN MAIN"
"2369250","02/01/2015","08:48","AM","02/01/2015","00:00",,"212","REPAIR BROKEN MAIN"
"2369255","02/01/2015","09:52","AM","02/02/2015","00:00",,"212","REPAIR BROKEN MAIN"
"2369256","02/01/2015","10:11","AM","02/01/2015","00:00",,"212","REPAIR BROKEN MAIN"
"2369277","02/01/2015","05:05","PM","02/02/2015","00:00",,"212","REPAIR BROKEN MAIN"
"2369282","02/01/2015","06:59","PM","02/02/2015","00:00",,"212","REPAIR BROKEN MAIN"
"2369283","02/01/2015","07:19","PM","02/02/2015","00:00",,"212","REPAIR BROKEN MAIN"
"2369287","02/01/2015","07:55","PM","02/02/2015","00:00",,"212","REPAIR BROKEN MAIN"
"2369288","02/01/2015","08:45","PM","02/02/2015","00:00",,"212","REPAIR BROKEN MAIN"
"2369161","01/31/2015","06:19","AM","01/31/2015","00:00",,"212","REPAIR BROKEN MAIN"
"2369164","01/31/2015","08:56","AM","01/31/2015","00:00",,"212","REPAIR BROKEN MAIN"
"2369184","01/31/2015","11:08","AM","02/09/2015","00:00",,"212","REPAIR BROKEN MAIN"
"2369193","01/31/2015","11:57","AM","02/01/2015","00:00",,"212","REPAIR BROKEN MAIN"
"2369209","01/31/2015","01:42","PM","02/01/2015","00:00",,"212","REPAIR BROKEN MAIN"
"2369217","01/31/2015","03:19","PM","01/31/2015","00:00",,"212","REPAIR BROKEN MAIN"
"2369221","01/31/2015","04:24","PM","02/01/2015","00:00",,"212","REPAIR BROKEN MAIN"
"2369238","01/31/2015","09:56","PM","01/31/2015","00:00",,"212","REPAIR BROKEN MAIN"
"2369143","01/30/2015","08:14","PM","02/02/2015","00:00",,"212","REPAIR BROKEN MAIN"
"2369144","01/30/2015","08:29","PM","01/31/2015","00:00",,"212","REPAIR BROKEN MAIN"
"2368568","01/29/2015","10:13","AM","02/01/2015","00:00",,"212","REPAIR BROKEN MAIN"
"2368634","01/29/2015","01:21","PM","01/29/2015","00:00",,"212","REPAIR BROKEN MAIN"
"2368640","01/29/2015","02:01","PM","02/02/2015","00:00",,"212","REPAIR BROKEN MAIN"
"2368282","01/28/2015","10:06","AM","01/29/2015","00:00",,"212","REPAIR BROKEN MAIN"
"2368295","01/28/2015","10:33","AM","01/28/2015","00:00",,"212","REPAIR BROKEN MAIN"
"2368313","01/28/2015","11:16","AM","01/28/2015","00:00",,"212","REPAIR BROKEN MAIN"
"2368318","01/28/2015","11:27","AM","01/30/2015","00:00",,"212","REPAIR BROKEN MAIN"
"2368331","01/28/2015","11:56","AM","01/28/2015","00:00",,"212","REPAIR BROKEN MAIN"
"2368339","01/28/2015","12:40","PM","01/29/2015","00:00",,"212","REPAIR BROKEN MAIN"
"2368456","01/28/2015","05:15","PM","01/28/2015","00:00",,"212","REPAIR BROKEN MAIN"
"2368458","01/28/2015","05:50","PM","01/29/2015","00:00",,"212","REPAIR BROKEN MAIN"
"2368459","01/28/2015","06:17","PM","01/29/2015","00:00",,"212","REPAIR BROKEN MAIN"
"2368464","01/28/2015","05:00","PM","01/29/2015","00:00",,"212","REPAIR BROKEN MAIN"
"2368503","01/28/2015","08:34","PM","01/29/2015","00:00",,"212","REPAIR BROKEN MAIN"
"2368505","01/28/2015","07:45","PM","01/29/2015","00:00",,"212","REPAIR BROKEN MAIN"
"2368507","01/28/2015","06:40","PM","01/29/2015","00:00",,"212","REPAIR BROKEN MAIN"
"2368510","01/28/2015","06:35","PM","01/29/2015","00:00",,"212","REPAIR BROKEN MAIN"
"2368040","01/27/2015","07:56","AM","01/27/2015","00:00",,"212","REPAIR BROKEN MAIN"
"2368172","01/27/2015","02:36","PM","01/27/2015","00:00",,"212","REPAIR BROKEN MAIN"
"2368180","01/27/2015","03:06","PM","01/28/2015","00:00",,"212","REPAIR BROKEN MAIN"
"2368208","01/27/2015","05:05","PM","01/27/2015","00:00",,"212","REPAIR BROKEN MAIN"
"2368211","01/27/2015","05:39","PM","01/28/2015","00:00",,"212","REPAIR BROKEN MAIN"
"2368232","01/27/2015","10:25","PM","01/28/2015","00:00",,"212","REPAIR BROKEN MAIN"
"2368236","01/27/2015","11:15","PM","01/28/2015","00:00",,"212","REPAIR BROKEN MAIN"
"2367889","01/26/2015","10:30","AM","01/27/2015","00:00",,"212","REPAIR BROKEN MAIN"
"2367907","01/26/2015","11:28","AM","01/29/2015","00:00",,"212","REPAIR BROKEN MAIN"
"2367926","01/26/2015","12:56","PM","01/27/2015","00:00",,"212","REPAIR BROKEN MAIN"
"2368013","01/26/2015","05:38","PM","01/27/2015","00:00",,"212","REPAIR BROKEN MAIN"
"2368023","01/26/2015","08:36","PM","01/27/2015","00:00",,"212","REPAIR BROKEN MAIN"
"2367749","01/25/2015","01:13","AM","01/25/2015","00:00",,"212","REPAIR BROKEN MAIN"
"2367759","01/25/2015","10:32","AM","01/25/2015","00:00",,"212","REPAIR BROKEN MAIN"
"2367764","01/25/2015","11:17","AM","01/27/2015","00:00",,"212","REPAIR BROKEN MAIN"
"2367768","01/25/2015","12:02","PM","01/30/2015","00:00",,"212","REPAIR BROKEN MAIN"
"2367783","01/25/2015","04:09","PM","01/29/2015","00:00",,"212","REPAIR BROKEN MAIN"
"2367788","01/25/2015","05:02","PM","01/26/2015","00:00",,"212","REPAIR BROKEN MAIN"
"2367655","01/24/2015","07:59","AM","01/24/2015","00:00",,"212","REPAIR BROKEN MAIN"
"2367667","01/24/2015","09:40","AM","01/24/2015","00:00",,"212","REPAIR BROKEN MAIN"
"2367694","01/24/2015","02:14","PM","01/25/2015","00:00",,"212","REPAIR BROKEN MAIN"
"2367155","01/23/2015","06:26","AM","01/23/2015","00:00",,"212","REPAIR BROKEN MAIN"
"2367208","01/23/2015","09:52","AM","02/04/2015","00:00",,"212","REPAIR BROKEN MAIN"
"2367290","01/23/2015","01:03","PM","01/29/2015","00:00",,"212","REPAIR BROKEN MAIN"
"2367303","01/23/2015","01:49","PM","01/24/2015","00:00",,"212","REPAIR BROKEN MAIN"
"2367308","01/23/2015","02:04","PM","01/23/2015","00:00",,"212","REPAIR BROKEN MAIN"
"2367353","01/23/2015","05:48","PM","01/27/2015","00:00",,"212","REPAIR BROKEN MAIN"
"2367358","01/23/2015","06:43","PM","01/30/2015","00:00",,"212","REPAIR BROKEN MAIN"
"2367639","01/23/2015","10:56","PM","01/27/2015","00:00",,"212","REPAIR BROKEN MAIN"
"2366866","01/22/2015","07:15","AM","01/22/2015","00:00",,"212","REPAIR BROKEN MAIN"
"2366912","01/22/2015","08:42","AM","01/22/2015","00:00",,"212","REPAIR BROKEN MAIN"
"2367028","01/22/2015","01:59","PM","01/23/2015","00:00",,"212","REPAIR BROKEN MAIN"
"2367110","01/22/2015","07:31","PM","01/23/2015","00:00",,"212","REPAIR BROKEN MAIN"
"2366550","01/21/2015","12:58","AM","01/21/2015","00:00",,"212","REPAIR BROKEN MAIN"
"2366551","01/21/2015","01:10","AM","01/21/2015","00:00",,"212","REPAIR BROKEN MAIN"
"2366598","01/21/2015","08:24","AM","01/21/2015","00:00",,"212","REPAIR BROKEN MAIN"
"2366690","01/21/2015","11:53","AM","01/21/2015","00:00",,"212","REPAIR BROKEN MAIN"
"2366695","01/21/2015","12:09","PM","01/22/2015","00:00",,"212","REPAIR BROKEN MAIN"
"2366696","01/21/2015","12:13","PM","01/26/2015","00:00",,"212","REPAIR BROKEN MAIN"
"2366734","01/21/2015","01:03","PM","01/22/2015","00:00",,"212","REPAIR BROKEN MAIN"
"2366764","01/21/2015","02:44","PM","04/13/2015","00:00",,"212","REPAIR BROKEN MAIN"
"2366857","01/21/2015","10:09","PM","01/22/2015","00:00",,"212","REPAIR BROKEN MAIN"
"2366118","01/20/2015","03:29","AM","02/05/2015","00:00",,"212","REPAIR BROKEN MAIN"
"2366120","01/20/2015","06:47","AM","01/20/2015","00:00",,"212","REPAIR BROKEN MAIN"
"2366199","01/20/2015","09:09","AM","04/22/2015","00:00",,"212","REPAIR BROKEN MAIN"
"2366200","01/20/2015","09:10","AM","01/20/2015","00:00",,"212","REPAIR BROKEN MAIN"
"2366204","01/20/2015","09:18","AM","01/20/2015","00:00",,"212","REPAIR BROKEN MAIN"
"2366208","01/20/2015","09:34","AM","01/20/2015","00:00",,"212","REPAIR BROKEN MAIN"
"2366218","01/20/2015","09:56","AM","01/20/2015","00:00",,"212","REPAIR BROKEN MAIN"
"2366303","01/20/2015","01:17","PM","01/21/2015","00:00",,"212","REPAIR BROKEN MAIN"
"2366017","01/19/2015","07:34","AM","01/25/2015","00:00",,"212","REPAIR BROKEN MAIN"
"2366020","01/19/2015","08:16","AM","01/19/2015","00:00",,"212","REPAIR BROKEN MAIN"
"2366038","01/19/2015","10:56","AM","01/20/2015","00:00",,"212","REPAIR BROKEN MAIN"
"2366039","01/19/2015","10:56","AM","01/19/2015","00:00",,"212","REPAIR BROKEN MAIN"
"2366041","01/19/2015","11:12","AM","01/19/2015","00:00",,"212","REPAIR BROKEN MAIN"
"2366044","01/19/2015","10:50","AM","01/21/2015","00:00",,"212","REPAIR BROKEN MAIN"
"2366055","01/19/2015","12:43","PM","01/20/2015","00:00",,"212","REPAIR BROKEN MAIN"
"2366056","01/19/2015","12:45","PM","01/20/2015","00:00",,"212","REPAIR BROKEN MAIN"
"2366062","01/19/2015","01:15","PM","01/20/2015","00:00",,"212","REPAIR BROKEN MAIN"
"2366065","01/19/2015","01:35","PM","02/10/2015","00:00",,"212","REPAIR BROKEN MAIN"
"2366077","01/19/2015","04:10","PM","01/19/2015","00:00",,"212","REPAIR BROKEN MAIN"
"2366083","01/19/2015","05:09","PM","01/20/2015","00:00",,"212","REPAIR BROKEN MAIN"
"2366092","01/19/2015","06:40","PM","01/19/2015","00:00",,"212","REPAIR BROKEN MAIN"
"2366098","01/19/2015","08:14","PM","01/21/2015","00:00",,"212","REPAIR BROKEN MAIN"
"2366099","01/19/2015","08:20","PM","01/20/2015","00:00",,"212","REPAIR BROKEN MAIN"
"2366105","01/19/2015","09:01","PM","01/22/2015","00:00",,"212","REPAIR BROKEN MAIN"
"2366108","01/19/2015","09:20","PM","01/20/2015","00:00",,"212","REPAIR BROKEN MAIN"
"2366113","01/19/2015","10:11","PM","01/20/2015","00:00",,"212","REPAIR BROKEN MAIN"
"2366115","01/19/2015","11:56","PM","02/09/2015","00:00",,"212","REPAIR BROKEN MAIN"
"2365959","01/18/2015","02:28","AM","01/19/2015","00:00",,"212","REPAIR BROKEN MAIN"
"2365960","01/18/2015","06:54","AM","01/18/2015","00:00",,"212","REPAIR BROKEN MAIN"
"2365968","01/18/2015","09:29","AM","02/10/2015","00:00",,"212","REPAIR BROKEN MAIN"
"2365981","01/18/2015","01:00","PM","01/20/2015","00:00",,"212","REPAIR BROKEN MAIN"
"2365982","01/18/2015","01:01","PM","01/20/2015","00:00",,"212","REPAIR BROKEN MAIN"
"2365985","01/18/2015","01:50","PM","01/19/2015","00:00",,"212","REPAIR BROKEN MAIN"
"2365989","01/18/2015","02:20","PM","01/18/2015","00:00",,"212","REPAIR BROKEN MAIN"
"2366010","01/18/2015","10:37","PM","01/21/2015","00:00",,"212","REPAIR BROKEN MAIN"
"2365859","01/17/2015","01:14","AM","01/20/2015","00:00",,"212","REPAIR BROKEN MAIN"
"2365870","01/17/2015","09:21","AM","01/17/2015","00:00",,"212","REPAIR BROKEN MAIN"
"2365895","01/17/2015","01:18","PM","01/20/2015","00:00",,"212","REPAIR BROKEN MAIN"
"2365897","01/17/2015","01:21","PM","01/22/2015","00:00",,"212","REPAIR BROKEN MAIN"
"2365906","01/17/2015","03:24","PM","01/20/2015","00:00",,"212","REPAIR BROKEN MAIN"
"2365907","01/17/2015","03:49","PM","01/19/2015","00:00",,"212","REPAIR BROKEN MAIN"
"2365920","01/17/2015","05:10","PM","01/18/2015","00:00",,"212","REPAIR BROKEN MAIN"
"2365936","01/17/2015","06:15","PM","01/18/2015","00:00",,"212","REPAIR BROKEN MAIN"
"2365940","01/17/2015","06:33","PM","01/19/2015","00:00",,"212","REPAIR BROKEN MAIN"
"2365943","01/17/2015","06:51","PM","01/18/2015","00:00",,"212","REPAIR BROKEN MAIN"
"2365944","01/17/2015","07:23","PM","01/19/2015","00:00",,"212","REPAIR BROKEN MAIN"
"2365955","01/17/2015","11:19","PM","01/21/2015","00:00",,"212","REPAIR BROKEN MAIN"
"2365958","01/17/2015","11:53","PM","01/26/2015","00:00",,"212","REPAIR BROKEN MAIN"
"2364251","01/16/2015","02:02","AM","01/16/2015","00:00",,"212","REPAIR BROKEN MAIN"
"2364259","01/16/2015","06:35","AM","01/16/2015","00:00",,"212","REPAIR BROKEN MAIN"
"2364260","01/16/2015","06:43","AM","01/16/2015","00:00",,"212","REPAIR BROKEN MAIN"
"2364320","01/16/2015","08:49","AM","01/20/2015","00:00",,"212","REPAIR BROKEN MAIN"
"2364347","01/16/2015","10:13","AM","01/21/2015","00:00",,"212","REPAIR BROKEN MAIN"
"2364352","01/16/2015","10:26","AM","01/16/2015","00:00",,"212","REPAIR BROKEN MAIN"
"2364408","01/16/2015","12:44","PM","01/16/2015","00:00",,"212","REPAIR BROKEN MAIN"
"2364417","01/16/2015","01:18","PM","01/16/2015","00:00",,"212","REPAIR BROKEN MAIN"
"2364487","01/16/2015","05:22","PM","01/22/2015","00:00",,"212","REPAIR BROKEN MAIN"
"2365858","01/16/2015","10:48","PM","01/20/2015","00:00",,"212","REPAIR BROKEN MAIN"
"2363718","01/15/2015","08:07","AM","01/15/2015","00:00",,"212","REPAIR BROKEN MAIN"
"2363736","01/15/2015","08:56","AM","01/15/2015","00:00",,"212","REPAIR BROKEN MAIN"
"2363751","01/15/2015","09:21","AM","01/16/2015","00:00",,"212","REPAIR BROKEN MAIN"
"2363759","01/15/2015","09:41","AM","01/16/2015","00:00",,"212","REPAIR BROKEN MAIN"
"2363814","01/15/2015","11:50","AM","01/15/2015","00:00",,"212","REPAIR BROKEN MAIN"
"2363856","01/15/2015","01:28","PM","01/16/2015","00:00",,"212","REPAIR BROKEN MAIN"
"2363867","01/15/2015","02:04","PM","01/15/2015","00:00",,"212","REPAIR BROKEN MAIN"
"2363871","01/15/2015","02:09","PM","01/21/2015","00:00",,"212","REPAIR BROKEN MAIN"
"2363878","01/15/2015","02:31","PM","01/16/2015","00:00",,"212","REPAIR BROKEN MAIN"
"2363880","01/15/2015","02:36","PM","01/15/2015","00:00",,"212","REPAIR BROKEN MAIN"
"2363888","01/15/2015","02:54","PM","01/16/2015","00:00",,"212","REPAIR BROKEN MAIN"
"2363946","01/15/2015","05:11","PM","01/16/2015","00:00",,"212","REPAIR BROKEN MAIN"
"2363949","01/15/2015","06:15","PM","01/16/2015","00:00",,"212","REPAIR BROKEN MAIN"
"2364189","01/15/2015","08:32","PM","01/16/2015","00:00",,"212","REPAIR BROKEN MAIN"
"2364196","01/15/2015","09:30","PM","01/16/2015","00:00",,"212","REPAIR BROKEN MAIN"
"2364198","01/15/2015","09:48","PM","01/16/2015","00:00",,"212","REPAIR BROKEN MAIN"
"2364208","01/15/2015","11:04","PM","01/16/2015","00:00",,"212","REPAIR BROKEN MAIN"
"2362508","01/14/2015","12:45","AM","01/16/2015","00:00",,"212","REPAIR BROKEN MAIN"
"2362510","01/14/2015","01:22","AM","01/15/2015","00:00",,"212","REPAIR BROKEN MAIN"
"2362511","01/14/2015","01:35","AM","01/14/2015","00:00",,"212","REPAIR BROKEN MAIN"
"2362513","01/14/2015","02:39","AM","01/14/2015","00:00",,"212","REPAIR BROKEN MAIN"
"2362514","01/14/2015","02:38","AM","01/14/2015","00:00",,"212","REPAIR BROKEN MAIN"
"2362535","01/14/2015","08:29","AM","01/15/2015","00:00",,"212","REPAIR BROKEN MAIN"
"2362601","01/14/2015","09:46","AM","01/15/2015","00:00",,"212","REPAIR BROKEN MAIN"
"2362604","01/14/2015","09:51","AM","01/14/2015","00:00",,"212","REPAIR BROKEN MAIN"
"2362607","01/14/2015","10:05","AM","01/14/2015","00:00",,"212","REPAIR BROKEN MAIN"
"2362637","01/14/2015","11:22","AM","01/15/2015","00:00",,"212","REPAIR BROKEN MAIN"
"2362662","01/14/2015","12:51","PM","01/14/2015","00:00",,"212","REPAIR BROKEN MAIN"
"2362668","01/14/2015","01:07","PM","05/15/2015","00:00",,"212","REPAIR BROKEN MAIN"
"2362703","01/14/2015","11:10","AM","01/16/2015","00:00",,"212","REPAIR BROKEN MAIN"
"2362708","01/14/2015","03:04","PM","01/17/2015","00:00",,"212","REPAIR BROKEN MAIN"
"2362724","01/14/2015","03:36","PM","01/15/2015","00:00",,"212","REPAIR BROKEN MAIN"
"2362751","01/14/2015","05:15","PM","01/14/2015","00:00",,"212","REPAIR BROKEN MAIN"
"2363653","01/14/2015","08:31","PM","01/15/2015","00:00",,"212","REPAIR BROKEN MAIN"
"2363657","01/14/2015","08:57","PM","01/15/2015","00:00",,"212","REPAIR BROKEN MAIN"
"2363659","01/14/2015","09:10","PM","01/15/2015","00:00",,"212","REPAIR BROKEN MAIN"
"2363666","01/14/2015","10:25","PM","01/15/2015","00:00",,"212","REPAIR BROKEN MAIN"
"2363669","01/14/2015","10:33","PM","01/20/2015","00:00",,"212","REPAIR BROKEN MAIN"
"2362190","01/13/2015","01:48","AM","01/14/2015","00:00",,"212","REPAIR BROKEN MAIN"
"2362192","01/13/2015","02:00","AM","01/13/2015","00:00",,"212","REPAIR BROKEN MAIN"
"2362198","01/13/2015","04:05","AM","01/14/2015","00:00",,"212","REPAIR BROKEN MAIN"
"2362200","01/13/2015","05:41","AM","01/15/2015","00:00",,"212","REPAIR BROKEN MAIN"
"2362202","01/13/2015","06:51","AM","01/13/2015","00:00",,"212","REPAIR BROKEN MAIN"
"2362212","01/13/2015","07:38","AM","01/15/2015","00:00",,"212","REPAIR BROKEN MAIN"
"2362231","01/13/2015","08:26","AM","01/13/2015","00:00",,"212","REPAIR BROKEN MAIN"
"2362255","01/13/2015","09:28","AM","01/14/2015","00:00",,"212","REPAIR BROKEN MAIN"
"2362257","01/13/2015","09:31","AM","01/13/2015","00:00",,"212","REPAIR BROKEN MAIN"
"2362273","01/13/2015","10:07","AM","01/14/2015","00:00",,"212","REPAIR BROKEN MAIN"
"2362302","01/13/2015","11:24","AM","01/15/2015","00:00",,"212","REPAIR BROKEN MAIN"
"2362305","01/13/2015","11:25","AM","01/14/2015","00:00",,"212","REPAIR BROKEN MAIN"
"2362311","01/13/2015","11:31","AM","01/14/2015","00:00",,"212","REPAIR BROKEN MAIN"
"2362330","01/13/2015","12:21","PM","02/10/2015","00:00",,"212","REPAIR BROKEN MAIN"
"2362340","01/13/2015","01:03","PM","01/14/2015","00:00",,"212","REPAIR BROKEN MAIN"
"2362343","01/13/2015","01:03","PM","01/13/2015","00:00",,"212","REPAIR BROKEN MAIN"
"2362351","01/13/2015","02:09","PM","01/14/2015","00:00",,"212","REPAIR BROKEN MAIN"
"2362418","01/13/2015","03:45","PM","01/14/2015","00:00",,"212","REPAIR BROKEN MAIN"
"2362443","01/13/2015","04:54","PM","01/14/2015","00:00",,"212","REPAIR BROKEN MAIN"
"2362447","01/13/2015","04:58","PM","01/16/2015","00:00",,"212","REPAIR BROKEN MAIN"
"2362452","01/13/2015","05:12","PM","01/17/2015","00:00",,"212","REPAIR BROKEN MAIN"
"2362457","01/13/2015","05:24","PM","01/17/2015","00:00",,"212","REPAIR BROKEN MAIN"
"2362459","01/13/2015","05:31","PM","02/05/2015","00:00",,"212","REPAIR BROKEN MAIN"
"2362460","01/13/2015","05:33","PM","01/20/2015","00:00",,"212","REPAIR BROKEN MAIN"
"2362472","01/13/2015","07:02","PM","01/17/2015","00:00",,"212","REPAIR BROKEN MAIN"
"2362473","01/13/2015","07:27","PM","01/15/2015","00:00",,"212","REPAIR BROKEN MAIN"
"2362481","01/13/2015","08:09","PM","01/15/2015","00:00",,"212","REPAIR BROKEN MAIN"
"2362489","01/13/2015","09:21","PM","01/16/2015","00:00",,"212","REPAIR BROKEN MAIN"
"2362493","01/13/2015","09:48","PM","01/19/2015","00:00",,"212","REPAIR BROKEN MAIN"
"2362495","01/13/2015","09:53","PM","01/15/2015","00:00",,"212","REPAIR BROKEN MAIN"
"2362496","01/13/2015","09:57","PM","01/14/2015","00:00",,"212","REPAIR BROKEN MAIN"
"2361906","01/12/2015","12:12","AM","01/12/2015","00:00",,"212","REPAIR BROKEN MAIN"
"2361911","01/12/2015","01:50","AM","01/12/2015","00:00",,"212","REPAIR BROKEN MAIN"
"2361912","01/12/2015","01:59","AM","01/17/2015","00:00",,"212","REPAIR BROKEN MAIN"
"2361915","01/12/2015","03:34","AM","01/12/2015","00:00",,"212","REPAIR BROKEN MAIN"
"2361916","01/12/2015","03:57","AM","01/12/2015","00:00",,"212","REPAIR BROKEN MAIN"
"2361918","01/12/2015","05:14","AM","01/12/2015","00:00",,"212","REPAIR BROKEN MAIN"
"2361928","01/12/2015","08:16","AM","01/13/2015","00:00",,"212","REPAIR BROKEN MAIN"
"2361930","01/12/2015","08:28","AM","01/12/2015","00:00",,"212","REPAIR BROKEN MAIN"
"2362025","01/12/2015","11:07","AM","01/14/2015","00:00",,"212","REPAIR BROKEN MAIN"
"2362100","01/12/2015","02:05","PM","01/16/2015","00:00",,"212","REPAIR BROKEN MAIN"
"2362107","01/12/2015","02:14","PM","01/13/2015","00:00",,"212","REPAIR BROKEN MAIN"
"2362128","01/12/2015","03:30","PM","01/12/2015","00:00",,"212","REPAIR BROKEN MAIN"
"2362132","01/12/2015","03:40","PM","01/18/2015","00:00",,"212","REPAIR BROKEN MAIN"
"2362133","01/12/2015","03:40","PM","01/13/2015","00:00",,"212","REPAIR BROKEN MAIN"
"2362135","01/12/2015","03:45","PM","01/28/2015","00:00",,"212","REPAIR BROKEN MAIN"
"2362163","01/12/2015","06:20","PM","01/13/2015","00:00",,"212","REPAIR BROKEN MAIN"
"2362174","01/12/2015","08:25","PM","01/15/2015","00:00",,"212","REPAIR BROKEN MAIN"
"2362177","01/12/2015","08:34","PM","01/13/2015","00:00",,"212","REPAIR BROKEN MAIN"
"2362178","01/12/2015","08:47","PM","01/13/2015","00:00",,"212","REPAIR BROKEN MAIN"
"2362188","01/12/2015","09:45","PM","01/13/2015","00:00",,"212","REPAIR BROKEN MAIN"
"2361677","01/11/2015","01:39","AM","01/11/2015","00:00",,"212","REPAIR BROKEN MAIN"
"2361678","01/11/2015","01:42","AM","01/12/2015","00:00",,"212","REPAIR BROKEN MAIN"
"2361680","01/11/2015","02:38","AM","01/12/2015","00:00",,"212","REPAIR BROKEN MAIN"
"2361683","01/11/2015","06:16","AM","01/11/2015","00:00",,"212","REPAIR BROKEN MAIN"
"2361706","01/11/2015","09:12","AM","01/14/2015","00:00",,"212","REPAIR BROKEN MAIN"
"2361714","01/11/2015","10:06","AM","02/10/2015","00:00",,"212","REPAIR BROKEN MAIN"
"2361722","01/11/2015","10:21","AM","01/13/2015","00:00",,"212","REPAIR BROKEN MAIN"
"2361757","01/11/2015","12:03","PM","01/12/2015","00:00",,"212","REPAIR BROKEN MAIN"
"2361768","01/11/2015","12:10","PM","02/05/2015","00:00",,"212","REPAIR BROKEN MAIN"
"2361814","01/11/2015","12:36","PM","01/11/2015","00:00",,"212","REPAIR BROKEN MAIN"
"2361815","01/11/2015","12:46","PM","01/12/2015","00:00",,"212","REPAIR BROKEN MAIN"
"2361823","01/11/2015","01:36","PM","01/13/2015","00:00",,"212","REPAIR BROKEN MAIN"
"2361825","01/11/2015","01:40","PM","01/15/2015","00:00",,"212","REPAIR BROKEN MAIN"
"2361826","01/11/2015","01:41","PM","01/13/2015","00:00",,"212","REPAIR BROKEN MAIN"
"2361830","01/11/2015","01:45","PM","01/13/2015","00:00",,"212","REPAIR BROKEN MAIN"
"2361833","01/11/2015","02:12","PM","01/12/2015","00:00",,"212","REPAIR BROKEN MAIN"
"2361843","01/11/2015","02:59","PM","01/15/2015","00:00",,"212","REPAIR BROKEN MAIN"
"2361844","01/11/2015","03:13","PM","02/09/2015","00:00",,"212","REPAIR BROKEN MAIN"
"2361845","01/11/2015","03:14","PM","02/10/2015","00:00",,"212","REPAIR BROKEN MAIN"
"2361856","01/11/2015","04:30","PM","01/15/2015","00:00",,"212","REPAIR BROKEN MAIN"
"2361865","01/11/2015","05:53","PM","01/14/2015","00:00",,"212","REPAIR BROKEN MAIN"
"2361875","01/11/2015","07:00","PM","01/11/2015","00:00",,"212","REPAIR BROKEN MAIN"
"2361881","01/11/2015","08:28","PM","01/13/2015","00:00",,"212","REPAIR BROKEN MAIN"
"2361885","01/11/2015","10:28","PM","01/12/2015","00:00",,"212","REPAIR BROKEN MAIN"
"2361886","01/11/2015","10:36","PM","01/14/2015","00:00",,"212","REPAIR BROKEN MAIN"
"2361888","01/11/2015","09:00","PM","01/14/2015","00:00",,"212","REPAIR BROKEN MAIN"
"2361890","01/11/2015","10:46","PM","01/12/2015","00:00",,"212","REPAIR BROKEN MAIN"
"2361900","01/11/2015","10:20","PM","01/13/2015","00:00",,"212","REPAIR BROKEN MAIN"
"2361903","01/11/2015","11:53","PM","01/13/2015","00:00",,"212","REPAIR BROKEN MAIN"
"2361507","01/10/2015","02:07","AM","01/10/2015","00:00",,"212","REPAIR BROKEN MAIN"
"2361509","01/10/2015","02:12","AM","01/12/2015","00:00",,"212","REPAIR BROKEN MAIN"
"2361510","01/10/2015","01:00","AM","01/27/2015","00:00",,"212","REPAIR BROKEN MAIN"
"2361511","01/10/2015","03:43","AM","01/10/2015","00:00",,"212","REPAIR BROKEN MAIN"
"2361527","01/10/2015","08:56","AM","01/12/2015","00:00",,"212","REPAIR BROKEN MAIN"
"2361532","01/10/2015","09:04","AM","01/12/2015","00:00",,"212","REPAIR BROKEN MAIN"
"2361535","01/10/2015","09:25","AM","01/11/2015","00:00",,"212","REPAIR BROKEN MAIN"
"2361550","01/10/2015","10:43","AM","01/17/2015","00:00",,"212","REPAIR BROKEN MAIN"
"2361553","01/10/2015","10:50","AM","01/11/2015","00:00",,"212","REPAIR BROKEN MAIN"
"2361554","01/10/2015","10:53","AM","01/10/2015","00:00",,"212","REPAIR BROKEN MAIN"
"2361580","01/10/2015","12:40","PM","01/11/2015","00:00",,"212","REPAIR BROKEN MAIN"
"2361582","01/10/2015","12:56","PM","01/12/2015","00:00",,"212","REPAIR BROKEN MAIN"
"2361596","01/10/2015","01:44","PM","01/14/2015","00:00",,"212","REPAIR BROKEN MAIN"
"2361603","01/10/2015","02:25","PM","01/10/2015","00:00",,"212","REPAIR BROKEN MAIN"
"2361630","01/10/2015","04:58","PM","01/30/2015","00:00",,"212","REPAIR BROKEN MAIN"
"2361633","01/10/2015","05:08","PM","01/11/2015","00:00",,"212","REPAIR BROKEN MAIN"
"2361645","01/10/2015","06:21","PM","01/12/2015","00:00",,"212","REPAIR BROKEN MAIN"
"2361651","01/10/2015","06:41","PM","01/12/2015","00:00",,"212","REPAIR BROKEN MAIN"
"2361660","01/10/2015","07:14","PM","01/11/2015","00:00",,"212","REPAIR BROKEN MAIN"
"2361663","01/10/2015","08:05","PM","01/11/2015","00:00",,"212","REPAIR BROKEN MAIN"
"2361675","01/10/2015","11:18","PM","01/11/2015","00:00",,"212","REPAIR BROKEN MAIN"
"2361066","01/09/2015","12:28","AM","01/23/2015","00:00",,"212","REPAIR BROKEN MAIN"
"2361067","01/09/2015","01:33","AM","01/09/2015","00:00",,"212","REPAIR BROKEN MAIN"
"2361071","01/09/2015","05:19","AM","01/09/2015","00:00",,"212","REPAIR BROKEN MAIN"
"2361077","01/09/2015","06:28","AM","01/09/2015","00:00",,"212","REPAIR BROKEN MAIN"
"2361087","01/09/2015","07:14","AM","01/09/2015","00:00",,"212","REPAIR BROKEN MAIN"
"2361098","01/09/2015","07:45","AM","01/09/2015","00:00",,"212","REPAIR BROKEN MAIN"
"2361119","01/09/2015","08:40","AM","01/10/2015","00:00",,"212","REPAIR BROKEN MAIN"
"2361141","01/09/2015","09:44","AM","01/09/2015","00:00",,"212","REPAIR BROKEN MAIN"
"2361171","01/09/2015","11:10","AM","01/09/2015","00:00",,"212","REPAIR BROKEN MAIN"
"2361187","01/09/2015","12:07","PM","01/11/2015","00:00",,"212","REPAIR BROKEN MAIN"
"2361235","01/09/2015","01:20","PM","01/14/2015","00:00",,"212","REPAIR BROKEN MAIN"
"2361284","01/09/2015","04:24","PM","01/10/2015","00:00",,"212","REPAIR BROKEN MAIN"
"2361293","01/09/2015","04:48","PM","01/10/2015","00:00",,"212","REPAIR BROKEN MAIN"
"2361321","01/09/2015","05:39","PM","01/14/2015","00:00",,"212","REPAIR BROKEN MAIN"
"2361336","01/09/2015","06:41","PM","01/09/2015","00:00",,"212","REPAIR BROKEN MAIN"
"2361337","01/09/2015","06:47","PM","01/10/2015","00:00",,"212","REPAIR BROKEN MAIN"
"2361340","01/09/2015","06:50","PM","01/11/2015","00:00",,"212","REPAIR BROKEN MAIN"
"2361358","01/09/2015","07:52","PM","01/10/2015","00:00",,"212","REPAIR BROKEN MAIN"
"2361466","01/09/2015","08:33","PM","01/10/2015","00:00",,"212","REPAIR BROKEN MAIN"
"2361472","01/09/2015","09:16","PM","01/11/2015","00:00",,"212","REPAIR BROKEN MAIN"
"2361477","01/09/2015","09:29","PM","01/10/2015","00:00",,"212","REPAIR BROKEN MAIN"
"2361480","01/09/2015","09:46","PM","01/10/2015","00:00",,"212","REPAIR BROKEN MAIN"
"2361485","01/09/2015","10:13","PM","01/17/2015","00:00",,"212","REPAIR BROKEN MAIN"
"2361492","01/09/2015","10:38","PM","01/13/2015","00:00",,"212","REPAIR BROKEN MAIN"
"2361493","01/09/2015","10:39","PM","01/12/2015","00:00",,"212","REPAIR BROKEN MAIN"
"2360606","01/08/2015","08:36","AM","01/08/2015","00:00",,"212","REPAIR BROKEN MAIN"
"2360637","01/08/2015","09:34","AM","01/21/2015","00:00",,"212","REPAIR BROKEN MAIN"
"2360668","01/08/2015","10:54","AM","01/08/2015","00:00",,"212","REPAIR BROKEN MAIN"
"2360685","01/08/2015","12:15","PM","01/09/2015","00:00",,"212","REPAIR BROKEN MAIN"
"2360697","01/08/2015","12:33","PM","01/08/2015","00:00",,"212","REPAIR BROKEN MAIN"
"2360703","01/08/2015","12:48","PM","01/08/2015","00:00",,"212","REPAIR BROKEN MAIN"
"2360708","01/08/2015","01:07","PM","01/18/2015","00:00",,"212","REPAIR BROKEN MAIN"
"2360719","01/08/2015","01:29","PM","01/08/2015","00:00",,"212","REPAIR BROKEN MAIN"
"2360751","01/08/2015","02:50","PM","01/09/2015","00:00",,"212","REPAIR BROKEN MAIN"
"2360755","01/08/2015","02:55","PM","01/09/2015","00:00",,"212","REPAIR BROKEN MAIN"
"2360768","01/08/2015","03:20","PM","01/14/2015","00:00",,"212","REPAIR BROKEN MAIN"
"2360772","01/08/2015","03:28","PM","01/08/2015","00:00",,"212","REPAIR BROKEN MAIN"
"2360774","01/08/2015","03:32","PM","01/08/2015","00:00",,"212","REPAIR BROKEN MAIN"
"2360811","01/08/2015","04:38","PM","01/09/2015","00:00",,"212","REPAIR BROKEN MAIN"
"2360832","01/08/2015","05:26","PM","01/09/2015","00:00",,"212","REPAIR BROKEN MAIN"
"2360855","01/08/2015","06:39","PM","01/09/2015","00:00",,"212","REPAIR BROKEN MAIN"
"2360856","01/08/2015","06:47","PM","01/11/2015","00:00",,"212","REPAIR BROKEN MAIN"
"2360870","01/08/2015","07:51","PM","01/13/2015","00:00",,"212","REPAIR BROKEN MAIN"
"2360871","01/08/2015","07:50","PM","01/09/2015","00:00",,"212","REPAIR BROKEN MAIN"
"2361004","01/08/2015","08:39","PM","01/19/2015","00:00",,"212","REPAIR BROKEN MAIN"
"2361005","01/08/2015","08:47","PM","01/11/2015","00:00",,"212","REPAIR BROKEN MAIN"
"2361006","01/08/2015","08:52","PM","01/10/2015","00:00",,"212","REPAIR BROKEN MAIN"
"2361014","01/08/2015","09:38","PM","01/12/2015","00:00",,"212","REPAIR BROKEN MAIN"
"2361020","01/08/2015","10:26","PM","01/09/2015","00:00",,"212","REPAIR BROKEN MAIN"
"2361023","01/08/2015","10:28","PM","01/09/2015","00:00",,"212","REPAIR BROKEN MAIN"
"2361030","01/08/2015","11:00","PM","01/10/2015","00:00",,"212","REPAIR BROKEN MAIN"
"2361065","01/08/2015","11:53","PM","02/06/2015","00:00",,"212","REPAIR BROKEN MAIN"
"2360391","01/07/2015","08:40","AM","04/27/2015","00:00",,"212","REPAIR BROKEN MAIN"
"2360399","01/07/2015","09:36","AM","01/07/2015","00:00",,"212","REPAIR BROKEN MAIN"
"2360406","01/07/2015","09:50","AM","03/28/2015","00:00",,"212","REPAIR BROKEN MAIN"
"2360434","01/07/2015","11:14","AM","01/08/2015","00:00",,"212","REPAIR BROKEN MAIN"
"2360456","01/07/2015","12:58","PM","01/07/2015","00:00",,"212","REPAIR BROKEN MAIN"
"2360531","01/07/2015","05:54","PM","05/29/2015","00:00",,"212","REPAIR BROKEN MAIN"
"2360542","01/07/2015","07:55","PM","01/14/2015","00:00",,"212","REPAIR BROKEN MAIN"
"2360549","01/07/2015","08:56","PM","02/04/2015","00:00",,"212","REPAIR BROKEN MAIN"
"2360286","01/06/2015","09:04","AM","01/07/2015","00:00",,"212","REPAIR BROKEN MAIN"
"2360327","01/06/2015","01:44","PM","01/06/2015","00:00",,"212","REPAIR BROKEN MAIN"
"2360330","01/06/2015","01:49","PM","01/07/2015","00:00",,"212","REPAIR BROKEN MAIN"
"2360332","01/06/2015","01:58","PM","06/22/2015","00:00",,"212","REPAIR BROKEN MAIN"
"2360017","01/05/2015","02:08","AM","01/05/2015","00:00",,"212","REPAIR BROKEN MAIN"
"2360019","01/05/2015","04:26","AM","01/05/2015","00:00",,"212","REPAIR BROKEN MAIN"
"2360026","01/05/2015","07:54","AM","01/05/2015","00:00",,"212","REPAIR BROKEN MAIN"
"2360068","01/05/2015","09:21","AM","01/07/2015","00:00",,"212","REPAIR BROKEN MAIN"
"2360070","01/05/2015","09:23","AM","01/08/2015","00:00",,"212","REPAIR BROKEN MAIN"
"2360078","01/05/2015","09:48","AM","01/06/2015","00:00",,"212","REPAIR BROKEN MAIN"
"2360083","01/05/2015","09:58","AM","01/05/2015","00:00",,"212","REPAIR BROKEN MAIN"
"2360091","01/05/2015","10:20","AM","01/07/2015","00:00",,"212","REPAIR BROKEN MAIN"
"2360123","01/05/2015","12:01","PM","02/13/2015","00:00",,"212","REPAIR BROKEN MAIN"
"2360130","01/05/2015","12:26","PM","01/26/2015","00:00",,"212","REPAIR BROKEN MAIN"
"2360139","01/05/2015","12:57","PM","01/07/2015","00:00",,"212","REPAIR BROKEN MAIN"
"2360168","01/05/2015","02:18","PM","01/05/2015","00:00",,"212","REPAIR BROKEN MAIN"
"2360171","01/05/2015","02:34","PM","01/07/2015","00:00",,"212","REPAIR BROKEN MAIN"
"2360200","01/05/2015","03:38","PM","01/26/2015","00:00",,"212","REPAIR BROKEN MAIN"
"2360222","01/05/2015","04:23","PM","01/15/2015","00:00",,"212","REPAIR BROKEN MAIN"
"2360232","01/05/2015","05:07","PM","01/06/2015","00:00",,"212","REPAIR BROKEN MAIN"
"2360254","01/05/2015","09:53","PM","01/06/2015","00:00",,"212","REPAIR BROKEN MAIN"
"2360256","01/05/2015","10:43","PM","01/07/2015","00:00",,"212","REPAIR BROKEN MAIN"
"2360261","01/05/2015","10:58","PM","01/07/2015","00:00",,"212","REPAIR BROKEN MAIN"
"2359976","01/04/2015","10:38","AM","01/05/2015","00:00",,"212","REPAIR BROKEN MAIN"
"2359979","01/04/2015","11:03","AM","01/04/2015","00:00",,"212","REPAIR BROKEN MAIN"
"2359981","01/04/2015","11:40","AM","02/13/2015","00:00",,"212","REPAIR BROKEN MAIN"
"2359983","01/04/2015","11:51","AM","01/06/2015","00:00",,"212","REPAIR BROKEN MAIN"
"2359984","01/04/2015","12:01","PM","01/25/2015","00:00",,"212","REPAIR BROKEN MAIN"
"2359990","01/04/2015","02:36","PM","01/05/2015","00:00",,"212","REPAIR BROKEN MAIN"
"2359995","01/04/2015","03:49","PM","01/05/2015","00:00",,"212","REPAIR BROKEN MAIN"
"2359996","01/04/2015","04:04","PM","01/04/2015","00:00",,"212","REPAIR BROKEN MAIN"
"2359997","01/04/2015","04:26","PM","01/06/2015","00:00",,"212","REPAIR BROKEN MAIN"
"2360007","01/04/2015","08:14","PM","01/06/2015","00:00",,"212","REPAIR BROKEN MAIN"
"2359920","01/03/2015","04:48","AM","01/06/2015","00:00",,"212","REPAIR BROKEN MAIN"
"2359927","01/03/2015","08:45","AM","01/03/2015","00:00",,"212","REPAIR BROKEN MAIN"
"2359957","01/03/2015","06:05","PM","01/04/2015","00:00",,"212","REPAIR BROKEN MAIN"
"2359958","01/03/2015","06:08","PM","01/05/2015","00:00",,"212","REPAIR BROKEN MAIN"
"2359750","01/02/2015","01:45","AM","01/07/2015","00:00",,"212","REPAIR BROKEN MAIN"
"2359760","01/02/2015","07:18","AM","01/02/2015","00:00",,"212","REPAIR BROKEN MAIN"
"2359846","01/02/2015","01:15","PM","01/05/2015","00:00",,"212","REPAIR BROKEN MAIN"
"2359908","01/02/2015","07:24","PM","01/06/2015","00:00",,"212","REPAIR BROKEN MAIN"
"2359913","01/02/2015","09:20","PM","01/02/2015","00:00",,"212","REPAIR BROKEN MAIN"
"2359472","01/01/2015","10:00","AM","01/01/2015","00:00",,"212","REPAIR BROKEN MAIN"
"2359476","01/01/2015","10:56","AM","02/13/2015","00:00",,"212","REPAIR BROKEN MAIN"
"2359481","01/01/2015","11:37","AM","01/01/2015","00:00",,"212","REPAIR BROKEN MAIN"
"2359486","01/01/2015","12:17","PM","01/02/2015","00:00",,"212","REPAIR BROKEN MAIN"
"2359490","01/01/2015","12:25","PM","01/02/2015","00:00",,"212","REPAIR BROKEN MAIN"
"2359491","01/01/2015","12:27","PM","01/02/2015","00:00",,"212","REPAIR BROKEN MAIN"
"2359280","12/31/2014","06:15","AM","05/29/2015","00:00",,"212","REPAIR BROKEN MAIN"
"2359328","12/31/2014","10:17","AM","02/13/2015","00:00",,"212","REPAIR BROKEN MAIN"
"2359184","12/30/2014","12:17","PM","01/08/2015","00:00",,"212","REPAIR BROKEN MAIN"
"2359248","12/30/2014","03:20","PM","01/14/2015","00:00",,"212","REPAIR BROKEN MAIN"
"2359275","12/30/2014","08:55","PM","02/09/2015","00:00",,"212","REPAIR BROKEN MAIN"
"2358756","12/29/2014","06:22","AM","12/29/2014","00:00",,"212","REPAIR BROKEN MAIN"
"2358858","12/29/2014","12:17","PM","12/30/2014","00:00",,"212","REPAIR BROKEN MAIN"
"2358869","12/29/2014","01:27","PM","12/30/2014","00:00",,"212","REPAIR BROKEN MAIN"
"2358901","12/29/2014","02:50","PM","12/30/2014","00:00",,"212","REPAIR BROKEN MAIN"
"2358936","12/29/2014","05:00","PM","12/29/2014","00:00",,"212","REPAIR BROKEN MAIN"
"2358731","12/28/2014","03:45","AM","12/28/2014","00:00",,"212","REPAIR BROKEN MAIN"
"2358737","12/28/2014","09:46","AM","12/28/2014","00:00",,"212","REPAIR BROKEN MAIN"
"2358706","12/27/2014","02:53","PM","12/29/2014","00:00",,"212","REPAIR BROKEN MAIN"
"2358719","12/27/2014","07:40","PM","12/29/2014","00:00",,"212","REPAIR BROKEN MAIN"
"2358550","12/26/2014","01:45","AM","12/27/2014","00:00",,"212","REPAIR BROKEN MAIN"
"2358561","12/26/2014","08:05","AM","12/26/2014","00:00",,"212","REPAIR BROKEN MAIN"
"2358566","12/26/2014","08:30","AM","12/26/2014","00:00",,"212","REPAIR BROKEN MAIN"
"2358585","12/26/2014","09:41","AM","12/26/2014","00:00",,"212","REPAIR BROKEN MAIN"
"2358589","12/26/2014","10:04","AM","12/26/2014","00:00",,"212","REPAIR BROKEN MAIN"
"2358618","12/26/2014","11:30","AM","12/27/2014","00:00",,"212","REPAIR BROKEN MAIN"
"2358632","12/26/2014","02:04","PM","12/26/2014","00:00",,"212","REPAIR BROKEN MAIN"
"2358651","12/26/2014","02:47","PM","12/29/2014","00:00",,"212","REPAIR BROKEN MAIN"
"2358653","12/26/2014","12:00","PM","12/27/2014","00:00",,"212","REPAIR BROKEN MAIN"
"2358659","12/26/2014","03:22","PM","12/29/2014","00:00",,"212","REPAIR BROKEN MAIN"
"2358674","12/26/2014","05:44","PM","12/29/2014","00:00",,"212","REPAIR BROKEN MAIN"
"2358677","12/26/2014","06:03","PM","12/29/2014","00:00",,"212","REPAIR BROKEN MAIN"
"2358684","12/26/2014","10:16","PM","12/29/2014","00:00",,"212","REPAIR BROKEN MAIN"
"2358475","12/25/2014","11:59","PM","12/26/2014","00:00",,"212","REPAIR BROKEN MAIN"
"2358480","12/25/2014","09:40","AM","12/26/2014","00:00",,"212","REPAIR BROKEN MAIN"
"2358495","12/25/2014","02:53","PM","12/26/2014","00:00",,"212","REPAIR BROKEN MAIN"
"2358500","12/25/2014","04:12","PM","12/26/2014","00:00",,"212","REPAIR BROKEN MAIN"
"2358505","12/25/2014","06:55","PM","12/26/2014","00:00",,"212","REPAIR BROKEN MAIN"
"2358513","12/25/2014","09:10","PM","12/29/2014","00:00",,"212","REPAIR BROKEN MAIN"
"2358370","12/24/2014","09:04","AM","12/24/2014","00:00",,"212","REPAIR BROKEN MAIN"
"2358460","12/24/2014","04:42","PM","12/27/2014","00:00",,"212","REPAIR BROKEN MAIN"
"2358463","12/24/2014","05:08","PM","12/26/2014","00:00",,"212","REPAIR BROKEN MAIN"
"2358473","12/24/2014","10:53","PM","12/26/2014","00:00",,"212","REPAIR BROKEN MAIN"
"2358172","12/23/2014","09:07","AM","12/23/2014","00:00",,"212","REPAIR BROKEN MAIN"
"2358185","12/23/2014","10:02","AM","12/24/2014","00:00",,"212","REPAIR BROKEN MAIN"
"2358199","12/23/2014","10:43","AM","12/23/2014","00:00",,"212","REPAIR BROKEN MAIN"
"2358228","12/23/2014","12:25","PM","12/24/2014","00:00",,"212","REPAIR BROKEN MAIN"
"2358259","12/23/2014","01:54","PM","12/23/2014","00:00",,"212","REPAIR BROKEN MAIN"
"2358266","12/23/2014","02:19","PM","12/24/2014","00:00",,"212","REPAIR BROKEN MAIN"
"2358313","12/23/2014","05:19","PM","12/24/2014","00:00",,"212","REPAIR BROKEN MAIN"
"2358330","12/23/2014","09:31","PM","12/24/2014","00:00",,"212","REPAIR BROKEN MAIN"
"2358331","12/23/2014","09:37","PM","12/24/2014","00:00",,"212","REPAIR BROKEN MAIN"
"2358332","12/23/2014","09:56","PM","12/27/2014","00:00",,"212","REPAIR BROKEN MAIN"
"2357855","12/22/2014","08:19","AM","12/22/2014","00:00",,"212","REPAIR BROKEN MAIN"
"2357861","12/22/2014","08:32","AM","12/22/2014","00:00",,"212","REPAIR BROKEN MAIN"
"2357946","12/22/2014","10:35","AM","12/22/2014","00:00",,"212","REPAIR BROKEN MAIN"
"2357965","12/22/2014","11:23","AM","12/29/2014","00:00",,"212","REPAIR BROKEN MAIN"
"2357966","12/22/2014","11:25","AM","12/22/2014","00:00",,"212","REPAIR BROKEN MAIN"
"2357976","12/22/2014","11:46","AM","12/23/2014","00:00",,"212","REPAIR BROKEN MAIN"
"2358064","12/22/2014","04:47","PM","12/29/2014","00:00",,"212","REPAIR BROKEN MAIN"
"2357785","12/21/2014","12:11","AM","12/22/2014","00:00",,"212","REPAIR BROKEN MAIN"
"2357794","12/21/2014","09:19","AM","12/22/2014","00:00",,"212","REPAIR BROKEN MAIN"
"2357803","12/21/2014","11:26","AM","12/21/2014","00:00",,"212","REPAIR BROKEN MAIN"
"2357820","12/21/2014","03:32","PM","12/22/2014","00:00",,"212","REPAIR BROKEN MAIN"
"2357824","12/21/2014","05:14","PM","12/22/2014","00:00",,"212","REPAIR BROKEN MAIN"
"2357834","12/21/2014","08:44","PM","12/22/2014","00:00",,"212","REPAIR BROKEN MAIN"
"2357835","12/21/2014","08:48","PM","12/22/2014","00:00",,"212","REPAIR BROKEN MAIN"
"2357838","12/21/2014","09:49","PM","12/22/2014","00:00",,"212","REPAIR BROKEN MAIN"
"2357717","12/20/2014","06:41","AM","12/20/2014","00:00",,"212","REPAIR BROKEN MAIN"
"2357718","12/20/2014","07:29","AM","12/20/2014","00:00",,"212","REPAIR BROKEN MAIN"
"2357729","12/20/2014","09:20","AM","12/21/2014","00:00",,"212","REPAIR BROKEN MAIN"
"2357735","12/20/2014","10:04","AM","12/29/2014","00:00",,"212","REPAIR BROKEN MAIN"
"2357739","12/20/2014","10:28","AM","12/22/2014","00:00",,"212","REPAIR BROKEN MAIN"
"2357771","12/20/2014","06:04","PM","12/21/2014","00:00",,"212","REPAIR BROKEN MAIN"
"2357776","12/20/2014","07:39","PM","12/23/2014","00:00",,"212","REPAIR BROKEN MAIN"
"2357537","12/19/2014","04:29","AM","07/15/2015","00:00",,"212","REPAIR BROKEN MAIN"
"2357557","12/19/2014","09:02","AM","12/20/2014","00:00",,"212","REPAIR BROKEN MAIN"
"2357636","12/19/2014","02:49","PM","12/19/2014","00:00",,"212","REPAIR BROKEN MAIN"
"2357699","12/19/2014","07:41","PM","12/21/2014","00:00",,"212","REPAIR BROKEN MAIN"
"2357713","12/19/2014","11:47","PM","12/20/2014","00:00",,"212","REPAIR BROKEN MAIN"
"2357316","12/18/2014","06:25","AM","12/18/2014","00:00",,"212","REPAIR BROKEN MAIN"
"2357325","12/18/2014","08:14","AM","12/18/2014","00:00",,"212","REPAIR BROKEN MAIN"
"2357349","12/18/2014","09:54","AM","12/19/2014","00:00",,"212","REPAIR BROKEN MAIN"
"2357410","12/18/2014","12:43","PM","12/20/2014","00:00",,"212","REPAIR BROKEN MAIN"
"2357427","12/18/2014","01:51","PM","12/18/2014","00:00",,"212","REPAIR BROKEN MAIN"
"2357434","12/18/2014","02:12","PM","12/20/2014","00:00",,"212","REPAIR BROKEN MAIN"
"2357451","12/18/2014","03:16","PM","12/19/2014","00:00",,"212","REPAIR BROKEN MAIN"
"2357532","12/18/2014","11:55","PM","12/19/2014","00:00",,"212","REPAIR BROKEN MAIN"
"2357154","12/17/2014","08:56","AM","12/18/2014","00:00",,"212","REPAIR BROKEN MAIN"
"2357208","12/17/2014","11:03","AM","12/18/2014","00:00",,"212","REPAIR BROKEN MAIN"
"2357233","12/17/2014","12:52","PM","12/17/2014","00:00",,"212","REPAIR BROKEN MAIN"
"2357255","12/17/2014","02:20","PM","12/29/2014","00:00",,"212","REPAIR BROKEN MAIN"
"2357273","12/17/2014","03:10","PM","12/18/2014","00:00",,"212","REPAIR BROKEN MAIN"
"2357308","12/17/2014","10:21","PM","12/18/2014","00:00",,"212","REPAIR BROKEN MAIN"
"2357094","12/16/2014","06:04","PM","12/17/2014","00:00",,"212","REPAIR BROKEN MAIN"
"2357098","12/16/2014","06:31","PM","12/18/2014","00:00",,"212","REPAIR BROKEN MAIN"
"2355353","12/15/2014","12:28","AM","12/15/2014","00:00",,"212","REPAIR BROKEN MAIN"
"2355354","12/15/2014","12:58","AM","12/15/2014","00:00",,"212","REPAIR BROKEN MAIN"
"2355486","12/15/2014","12:03","PM","12/18/2014","00:00",,"212","REPAIR BROKEN MAIN"
"2355497","12/15/2014","12:19","PM","12/16/2014","00:00",,"212","REPAIR BROKEN MAIN"
"2355542","12/15/2014","01:50","PM","12/15/2014","00:00",,"212","REPAIR BROKEN MAIN"
"2355298","12/14/2014","07:18","AM","12/15/2014","00:00",,"212","REPAIR BROKEN MAIN"
"2355307","12/14/2014","10:17","AM","12/18/2014","00:00",,"212","REPAIR BROKEN MAIN"
"2355321","12/14/2014","01:43","PM","12/18/2014","00:00",,"212","REPAIR BROKEN MAIN"
"2355331","12/14/2014","03:24","PM","12/16/2014","00:00",,"212","REPAIR BROKEN MAIN"
"2355338","12/14/2014","04:30","PM","12/15/2014","00:00",,"212","REPAIR BROKEN MAIN"
"2355346","12/14/2014","08:35","PM","12/15/2014","00:00",,"212","REPAIR BROKEN MAIN"
"2355214","12/13/2014","12:28","AM","12/15/2014","00:00",,"212","REPAIR BROKEN MAIN"
"2355215","12/13/2014","12:54","AM","12/15/2014","00:00",,"212","REPAIR BROKEN MAIN"
"2355216","12/13/2014","01:19","AM","12/15/2014","00:00",,"212","REPAIR BROKEN MAIN"
"2355217","12/13/2014","02:50","AM","12/15/2014","00:00",,"212","REPAIR BROKEN MAIN"
"2355229","12/13/2014","08:41","AM","12/15/2014","00:00",,"212","REPAIR BROKEN MAIN"
"2355231","12/13/2014","08:54","AM","12/13/2014","00:00",,"212","REPAIR BROKEN MAIN"
"2355241","12/13/2014","10:27","AM","12/13/2014","00:00",,"212","REPAIR BROKEN MAIN"
"2355246","12/13/2014","11:36","AM","12/13/2014","00:00",,"212","REPAIR BROKEN MAIN"
"2355248","12/13/2014","12:07","PM","12/13/2014","00:00",,"212","REPAIR BROKEN MAIN"
"2355254","12/13/2014","01:14","PM","12/14/2014","00:00",,"212","REPAIR BROKEN MAIN"
"2355255","12/13/2014","01:17","PM","12/14/2014","00:00",,"212","REPAIR BROKEN MAIN"
"2355265","12/13/2014","02:59","PM","12/14/2014","00:00",,"212","REPAIR BROKEN MAIN"
"2355282","12/13/2014","06:50","PM","12/14/2014","00:00",,"212","REPAIR BROKEN MAIN"
"2355286","12/13/2014","07:28","PM","12/15/2014","00:00",,"212","REPAIR BROKEN MAIN"
"2355287","12/13/2014","07:50","PM","12/14/2014","00:00",,"212","REPAIR BROKEN MAIN"
"2354967","12/12/2014","01:34","AM","12/12/2014","00:00",,"212","REPAIR BROKEN MAIN"
"2354969","12/12/2014","02:08","AM","12/12/2014","00:00",,"212","REPAIR BROKEN MAIN"
"2355016","12/12/2014","09:09","AM","12/15/2014","00:00",,"212","REPAIR BROKEN MAIN"
"2355056","12/12/2014","11:14","AM","12/13/2014","00:00",,"212","REPAIR BROKEN MAIN"
"2355090","12/12/2014","01:34","PM","12/13/2014","00:00",,"212","REPAIR BROKEN MAIN"
"2355113","12/12/2014","02:50","PM","12/12/2014","00:00",,"212","REPAIR BROKEN MAIN"
"2355160","12/12/2014","05:52","PM","12/14/2014","00:00",,"212","REPAIR BROKEN MAIN"
"2355207","12/12/2014","09:20","PM","12/13/2014","00:00",,"212","REPAIR BROKEN MAIN"
"2354650","12/11/2014","12:50","AM","12/11/2014","00:00",,"212","REPAIR BROKEN MAIN"
"2354651","12/11/2014","01:09","AM","04/06/2015","00:00",,"212","REPAIR BROKEN MAIN"
"2354678","12/11/2014","08:18","AM","12/11/2014","00:00",,"212","REPAIR BROKEN MAIN"
"2354683","12/11/2014","08:25","AM","12/11/2014","00:00",,"212","REPAIR BROKEN MAIN"
"2354685","12/11/2014","08:28","AM","12/11/2014","00:00",,"212","REPAIR BROKEN MAIN"
"2354720","12/11/2014","09:38","AM","12/12/2014","00:00",,"212","REPAIR BROKEN MAIN"
"2354726","12/11/2014","09:54","AM","12/12/2014","00:00",,"212","REPAIR BROKEN MAIN"
"2354729","12/11/2014","10:04","AM","12/11/2014","00:00",,"212","REPAIR BROKEN MAIN"
"2354801","12/11/2014","12:53","PM","12/11/2014","00:00",,"212","REPAIR BROKEN MAIN"
"2354802","12/11/2014","12:55","PM","12/12/2014","00:00",,"212","REPAIR BROKEN MAIN"
"2354818","12/11/2014","02:02","PM","12/11/2014","00:00",,"212","REPAIR BROKEN MAIN"
"2354870","12/11/2014","03:31","PM","12/13/2014","00:00",,"212","REPAIR BROKEN MAIN"
"2354898","12/11/2014","06:50","PM","12/12/2014","00:00",,"212","REPAIR BROKEN MAIN"
"2354909","12/11/2014","09:50","PM","12/12/2014","00:00",,"212","REPAIR BROKEN MAIN"
"2354916","12/11/2014","11:13","PM","12/12/2014","00:00",,"212","REPAIR BROKEN MAIN"
"2354347","12/10/2014","08:06","AM","12/10/2014","00:00",,"212","REPAIR BROKEN MAIN"
"2354355","12/10/2014","08:28","AM","12/10/2014","00:00",,"212","REPAIR BROKEN MAIN"
"2354381","12/10/2014","09:29","AM","12/11/2014","00:00",,"212","REPAIR BROKEN MAIN"
"2354399","12/10/2014","10:14","AM","12/12/2014","00:00",,"212","REPAIR BROKEN MAIN"
"2354508","12/10/2014","12:33","PM","12/11/2014","00:00",,"212","REPAIR BROKEN MAIN"
"2354535","12/10/2014","02:09","PM","12/11/2014","00:00",,"212","REPAIR BROKEN MAIN"
"2354609","12/10/2014","03:47","PM","12/11/2014","00:00",,"212","REPAIR BROKEN MAIN"
"2354639","12/10/2014","08:35","PM","12/11/2014","00:00",,"212","REPAIR BROKEN MAIN"
"2354644","12/10/2014","11:09","PM","12/11/2014","00:00",,"212","REPAIR BROKEN MAIN"
"2354171","12/09/2014","12:17","AM","12/10/2014","00:00",,"212","REPAIR BROKEN MAIN"
"2354237","12/09/2014","11:45","AM","12/10/2014","00:00",,"212","REPAIR BROKEN MAIN"
"2353965","12/08/2014","09:01","AM","12/10/2014","00:00",,"212","REPAIR BROKEN MAIN"
"2353986","12/08/2014","09:48","AM","12/16/2014","00:00",,"212","REPAIR BROKEN MAIN"
"2353989","12/08/2014","10:09","AM","12/09/2014","00:00",,"212","REPAIR BROKEN MAIN"
"2354058","12/08/2014","12:50","PM","12/10/2014","00:00",,"212","REPAIR BROKEN MAIN"
"2354100","12/08/2014","02:50","PM","12/09/2014","00:00",,"212","REPAIR BROKEN MAIN"
"2354106","12/08/2014","03:10","PM","12/08/2014","00:00",,"212","REPAIR BROKEN MAIN"
"2354145","12/08/2014","07:04","PM","12/10/2014","00:00",,"212","REPAIR BROKEN MAIN"
"2354150","12/08/2014","07:44","PM","12/11/2014","00:00",,"212","REPAIR BROKEN MAIN"
"2354157","12/08/2014","09:16","PM","12/09/2014","00:00",,"212","REPAIR BROKEN MAIN"
"2353875","12/07/2014","08:05","AM","12/08/2014","00:00",,"212","REPAIR BROKEN MAIN"
"2353876","12/07/2014","08:28","AM","12/07/2014","00:00",,"212","REPAIR BROKEN MAIN"
"2353880","12/07/2014","09:30","AM","12/07/2014","00:00",,"212","REPAIR BROKEN MAIN"
"2353885","12/07/2014","10:32","AM","12/08/2014","00:00",,"212","REPAIR BROKEN MAIN"
"2353895","12/07/2014","01:15","PM","04/10/2015","00:00",,"212","REPAIR BROKEN MAIN"
"2353899","12/07/2014","01:37","PM","12/08/2014","00:00",,"212","REPAIR BROKEN MAIN"
"2353913","12/07/2014","04:38","PM","12/14/2014","00:00",,"212","REPAIR BROKEN MAIN"
"2353917","12/07/2014","05:41","PM","12/08/2014","00:00",,"212","REPAIR BROKEN MAIN"
"2353923","12/07/2014","10:35","PM","12/08/2014","00:00",,"212","REPAIR BROKEN MAIN"
"2353826","12/06/2014","07:12","AM","12/06/2014","00:00",,"212","REPAIR BROKEN MAIN"
"2353831","12/06/2014","09:18","AM","12/06/2014","00:00",,"212","REPAIR BROKEN MAIN"
"2353847","12/06/2014","02:13","PM","12/07/2014","00:00",,"212","REPAIR BROKEN MAIN"
"2353869","12/06/2014","07:38","PM","12/06/2014","00:00",,"212","REPAIR BROKEN MAIN"
"2353757","12/05/2014","06:57","PM","12/06/2014","00:00",,"212","REPAIR BROKEN MAIN"
"2353379","12/04/2014","07:21","AM","12/04/2014","00:00",,"212","REPAIR BROKEN MAIN"
"2353446","12/04/2014","11:32","AM","12/05/2014","00:00",,"212","REPAIR BROKEN MAIN"
"2353448","12/04/2014","11:35","AM","12/05/2014","00:00",,"212","REPAIR BROKEN MAIN"
"2353458","12/04/2014","12:21","PM","12/29/2014","00:00",,"212","REPAIR BROKEN MAIN"
"2353467","12/04/2014","12:52","PM","12/08/2014","00:00",,"212","REPAIR BROKEN MAIN"
"2353491","12/04/2014","02:28","PM","12/04/2014","00:00",,"212","REPAIR BROKEN MAIN"
"2353521","12/04/2014","03:39","PM","12/04/2014","00:00",,"212","REPAIR BROKEN MAIN"
"2353544","12/04/2014","06:42","PM","12/05/2014","00:00",,"212","REPAIR BROKEN MAIN"
"2353551","12/04/2014","10:12","PM","12/04/2014","00:00",,"212","REPAIR BROKEN MAIN"
"2353556","12/04/2014","11:20","PM","12/05/2014","00:00",,"212","REPAIR BROKEN MAIN"
"2353192","12/03/2014","09:01","AM","12/03/2014","00:00",,"212","REPAIR BROKEN MAIN"
"2353204","12/03/2014","09:56","AM","12/04/2014","00:00",,"212","REPAIR BROKEN MAIN"
"2353212","12/03/2014","10:22","AM","12/04/2014","00:00",,"212","REPAIR BROKEN MAIN"
"2353222","12/03/2014","11:10","AM","12/04/2014","00:00",,"212","REPAIR BROKEN MAIN"
"2353228","12/03/2014","11:05","AM","12/04/2014","00:00",,"212","REPAIR BROKEN MAIN"
"2353337","12/03/2014","05:19","PM","12/03/2014","00:00",,"212","REPAIR BROKEN MAIN"
"2353088","12/02/2014","11:15","AM","12/02/2014","00:00",,"212","REPAIR BROKEN MAIN"
"2353128","12/02/2014","03:19","PM","12/09/2014","00:00",,"212","REPAIR BROKEN MAIN"
"2353154","12/02/2014","06:22","PM","12/02/2014","00:00",,"212","REPAIR BROKEN MAIN"
"2352001","12/01/2014","09:00","AM","12/01/2014","00:00",,"212","REPAIR BROKEN MAIN"
"2352028","12/01/2014","10:09","AM","12/04/2014","00:00",,"212","REPAIR BROKEN MAIN"
"2352049","12/01/2014","10:36","AM","12/02/2014","00:00",,"212","REPAIR BROKEN MAIN"
"2352063","12/01/2014","11:13","AM","12/21/2014","00:00",,"212","REPAIR BROKEN MAIN"
"2352095","12/01/2014","12:17","PM","12/03/2014","00:00",,"212","REPAIR BROKEN MAIN"
"2352146","12/01/2014","02:43","PM","12/04/2014","00:00",,"212","REPAIR BROKEN MAIN"
"2352191","12/01/2014","05:46","PM","12/03/2014","00:00",,"212","REPAIR BROKEN MAIN"
"2351891","11/30/2014","08:40","AM","12/10/2014","00:00",,"212","REPAIR BROKEN MAIN"
"2351895","11/30/2014","09:44","AM","12/01/2014","00:00",,"212","REPAIR BROKEN MAIN"
"2351900","11/30/2014","10:27","AM","11/30/2014","00:00",,"212","REPAIR BROKEN MAIN"
"2351902","11/30/2014","10:34","AM","12/01/2014","00:00",,"212","REPAIR BROKEN MAIN"
"2351911","11/30/2014","12:52","PM","12/01/2014","00:00",,"212","REPAIR BROKEN MAIN"
"2351847","11/29/2014","12:16","PM","11/29/2014","00:00",,"212","REPAIR BROKEN MAIN"
"2351791","11/28/2014","10:38","AM","11/28/2014","00:00",,"212","REPAIR BROKEN MAIN"
"2351816","11/28/2014","09:02","PM","11/29/2014","00:00",,"212","REPAIR BROKEN MAIN"
"2351818","11/28/2014","09:06","PM","11/29/2014","00:00",,"212","REPAIR BROKEN MAIN"
"2351712","11/27/2014","08:59","AM","11/27/2014","00:00",,"212","REPAIR BROKEN MAIN"
"2351736","11/27/2014","01:41","PM","11/28/2014","00:00",,"212","REPAIR BROKEN MAIN"
"2351742","11/27/2014","02:39","PM","12/02/2014","00:00",,"212","REPAIR BROKEN MAIN"
"2351752","11/27/2014","08:12","PM","12/01/2014","00:00",,"212","REPAIR BROKEN MAIN"
"2351255","11/25/2014","12:49","AM","11/25/2014","00:00",,"212","REPAIR BROKEN MAIN"
"2351256","11/25/2014","12:57","AM","12/31/2014","00:00",,"212","REPAIR BROKEN MAIN"
"2351258","11/25/2014","01:30","AM","11/25/2014","00:00",,"212","REPAIR BROKEN MAIN"
"2351261","11/25/2014","02:55","AM","11/25/2014","00:00",,"212","REPAIR BROKEN MAIN"
"2351359","11/25/2014","11:34","AM","12/04/2014","00:00",,"212","REPAIR BROKEN MAIN"
"2351385","11/25/2014","01:02","PM","11/26/2014","00:00",,"212","REPAIR BROKEN MAIN"
"2351390","11/25/2014","01:23","PM","11/28/2014","00:00",,"212","REPAIR BROKEN MAIN"
"2351402","11/25/2014","02:11","PM","12/01/2014","00:00",,"212","REPAIR BROKEN MAIN"
"2351440","11/25/2014","03:26","PM","12/08/2014","00:00",,"212","REPAIR BROKEN MAIN"
"2351460","11/25/2014","04:54","PM","11/28/2014","00:00",,"212","REPAIR BROKEN MAIN"
"2351461","11/25/2014","05:18","PM","03/10/2015","00:00",,"212","REPAIR BROKEN MAIN"
"2351478","11/25/2014","07:06","PM","11/29/2014","00:00",,"212","REPAIR BROKEN MAIN"
"2351490","11/25/2014","10:15","PM","11/28/2014","00:00",,"212","REPAIR BROKEN MAIN"
"2351062","11/24/2014","09:38","AM","11/24/2014","00:00",,"212","REPAIR BROKEN MAIN"
"2351102","11/24/2014","11:20","AM","11/25/2014","00:00",,"212","REPAIR BROKEN MAIN"
"2351134","11/24/2014","12:53","PM","11/24/2014","00:00",,"212","REPAIR BROKEN MAIN"
"2351151","11/24/2014","01:41","PM","11/24/2014","00:00",,"212","REPAIR BROKEN MAIN"
"2351240","11/24/2014","09:57","PM","11/25/2014","00:00",,"212","REPAIR BROKEN MAIN"
"2351241","11/24/2014","10:01","PM","11/26/2014","00:00",,"212","REPAIR BROKEN MAIN"
"2351245","11/24/2014","11:20","PM","11/26/2014","00:00",,"212","REPAIR BROKEN MAIN"
"2351251","11/24/2014","11:53","PM","11/25/2014","00:00",,"212","REPAIR BROKEN MAIN"
"2351252","11/24/2014","11:54","PM","11/25/2014","00:00",,"212","REPAIR BROKEN MAIN"
"2350920","11/23/2014","02:14","AM","11/24/2014","00:00",,"212","REPAIR BROKEN MAIN"
"2350922","11/23/2014","06:07","AM","11/25/2014","00:00",,"212","REPAIR BROKEN MAIN"
"2350938","11/23/2014","10:19","AM","11/24/2014","00:00",,"212","REPAIR BROKEN MAIN"
"2350940","11/23/2014","10:26","AM","11/24/2014","00:00",,"212","REPAIR BROKEN MAIN"
"2350951","11/23/2014","11:55","AM","11/24/2014","00:00",,"212","REPAIR BROKEN MAIN"
"2350976","11/23/2014","04:26","PM","12/09/2014","00:00",,"212","REPAIR BROKEN MAIN"
"2350996","11/23/2014","08:35","PM","11/24/2014","00:00",,"212","REPAIR BROKEN MAIN"
"2350810","11/22/2014","05:10","AM","11/22/2014","00:00",,"212","REPAIR BROKEN MAIN"
"2350823","11/22/2014","08:00","AM","11/22/2014","00:00",,"212","REPAIR BROKEN MAIN"
"2350825","11/22/2014","08:10","AM","11/22/2014","00:00",,"212","REPAIR BROKEN MAIN"
"2350827","11/22/2014","08:41","AM","11/22/2014","00:00",,"212","REPAIR BROKEN MAIN"
"2350830","11/22/2014","09:18","AM","11/22/2014","00:00",,"212","REPAIR BROKEN MAIN"
"2350846","11/22/2014","10:57","AM","11/22/2014","00:00",,"212","REPAIR BROKEN MAIN"
"2350847","11/22/2014","11:02","AM","11/24/2014","00:00",,"212","REPAIR BROKEN MAIN"
"2350855","11/22/2014","11:41","AM","11/24/2014","00:00",,"212","REPAIR BROKEN MAIN"
"2350864","11/22/2014","12:47","PM","11/24/2014","00:00",,"212","REPAIR BROKEN MAIN"
"2350866","11/22/2014","01:07","PM","11/24/2014","00:00",,"212","REPAIR BROKEN MAIN"
"2350869","11/22/2014","01:17","PM","12/01/2014","00:00",,"212","REPAIR BROKEN MAIN"
"2350877","11/22/2014","02:04","PM","11/22/2014","00:00",,"212","REPAIR BROKEN MAIN"
"2350891","11/22/2014","04:36","PM","11/24/2014","00:00",,"212","REPAIR BROKEN MAIN"
"2350896","11/22/2014","05:05","PM","12/13/2014","00:00",,"212","REPAIR BROKEN MAIN"
"2350910","11/22/2014","10:27","PM","11/24/2014","00:00",,"212","REPAIR BROKEN MAIN"
"2350911","11/22/2014","10:28","PM","11/24/2014","00:00",,"212","REPAIR BROKEN MAIN"
"2350914","11/22/2014","04:30","PM","12/02/2014","00:00",,"212","REPAIR BROKEN MAIN"
"2350541","11/21/2014","01:29","AM","01/28/2015","00:00",,"212","REPAIR BROKEN MAIN"
"2350557","11/21/2014","07:19","AM","11/21/2014","00:00",,"212","REPAIR BROKEN MAIN"
"2350615","11/21/2014","08:47","AM","11/21/2014","00:00",,"212","REPAIR BROKEN MAIN"
"2350623","11/21/2014","09:08","AM","12/18/2014","00:00",,"212","REPAIR BROKEN MAIN"
"2350635","11/21/2014","09:49","AM","01/23/2015","00:00",,"212","REPAIR BROKEN MAIN"
"2350644","11/21/2014","10:21","AM","11/24/2014","00:00",,"212","REPAIR BROKEN MAIN"
"2350647","11/21/2014","10:26","AM","11/21/2014","00:00",,"212","REPAIR BROKEN MAIN"
"2350687","11/21/2014","11:09","AM","12/01/2014","00:00",,"212","REPAIR BROKEN MAIN"
"2350689","11/21/2014","11:14","AM","11/24/2014","00:00",,"212","REPAIR BROKEN MAIN"
"2350725","11/21/2014","01:06","PM","12/05/2014","00:00",,"212","REPAIR BROKEN MAIN"
"2350741","11/21/2014","01:58","PM","11/22/2014","00:00",,"212","REPAIR BROKEN MAIN"
"2350750","11/21/2014","02:38","PM","11/25/2014","00:00",,"212","REPAIR BROKEN MAIN"
"2350791","11/21/2014","05:58","PM","11/24/2014","00:00",,"212","REPAIR BROKEN MAIN"
"2350793","11/21/2014","06:07","PM","11/25/2014","00:00",,"212","REPAIR BROKEN MAIN"
"2350798","11/21/2014","09:05","PM","11/22/2014","00:00",,"212","REPAIR BROKEN MAIN"
"2350803","11/21/2014","09:46","PM","12/02/2014","00:00",,"212","REPAIR BROKEN MAIN"
"2350806","11/21/2014","10:37","PM","11/24/2014","00:00",,"212","REPAIR BROKEN MAIN"
"2350807","11/21/2014","10:55","PM","11/22/2014","00:00",,"212","REPAIR BROKEN MAIN"
"2348807","11/20/2014","08:26","AM","11/20/2014","00:00",,"212","REPAIR BROKEN MAIN"
"2348811","11/20/2014","08:42","AM","11/20/2014","00:00",,"212","REPAIR BROKEN MAIN"
"2348828","11/20/2014","09:57","AM","11/20/2014","00:00",,"212","REPAIR BROKEN MAIN"
"2348838","11/20/2014","10:26","AM","11/21/2014","00:00",,"212","REPAIR BROKEN MAIN"
"2348844","11/20/2014","10:46","AM","12/08/2014","00:00",,"212","REPAIR BROKEN MAIN"
"2348845","11/20/2014","10:49","AM","11/20/2014","00:00",,"212","REPAIR BROKEN MAIN"
"2348873","11/20/2014","12:19","PM","11/20/2014","00:00",,"212","REPAIR BROKEN MAIN"
"2348889","11/20/2014","01:16","PM","11/21/2014","00:00",,"212","REPAIR BROKEN MAIN"
"2348893","11/20/2014","01:41","PM","11/21/2014","00:00",,"212","REPAIR BROKEN MAIN"
"2348895","11/20/2014","01:47","PM","11/20/2014","00:00",,"212","REPAIR BROKEN MAIN"
"2348896","11/20/2014","01:50","PM","11/28/2014","00:00",,"212","REPAIR BROKEN MAIN"
"2348898","11/20/2014","01:58","PM","11/22/2014","00:00",,"212","REPAIR BROKEN MAIN"
"2348902","11/20/2014","02:16","PM","11/20/2014","00:00",,"212","REPAIR BROKEN MAIN"
"2348907","11/20/2014","02:30","PM","12/13/2014","00:00",,"212","REPAIR BROKEN MAIN"
"2348926","11/20/2014","03:24","PM","11/21/2014","00:00",,"212","REPAIR BROKEN MAIN"
"2348930","11/20/2014","03:44","PM","11/21/2014","00:00",,"212","REPAIR BROKEN MAIN"
"2348951","11/20/2014","05:03","PM","11/21/2014","00:00",,"212","REPAIR BROKEN MAIN"
"2348952","11/20/2014","05:05","PM","11/21/2014","00:00",,"212","REPAIR BROKEN MAIN"
"2348964","11/20/2014","07:34","PM","12/05/2014","00:00",,"212","REPAIR BROKEN MAIN"
"2350493","11/20/2014","09:16","PM","12/10/2014","00:00",,"212","REPAIR BROKEN MAIN"
"2350495","11/20/2014","09:37","PM","11/25/2014","00:00",,"212","REPAIR BROKEN MAIN"
"2350500","11/20/2014","10:31","PM","12/01/2014","00:00",,"212","REPAIR BROKEN MAIN"
"2348525","11/19/2014","08:38","AM","11/19/2014","00:00",,"212","REPAIR BROKEN MAIN"
"2348527","11/19/2014","08:41","AM","11/20/2014","00:00",,"212","REPAIR BROKEN MAIN"
"2348545","11/19/2014","09:18","AM","11/19/2014","00:00",,"212","REPAIR BROKEN MAIN"
"2348552","11/19/2014","09:28","AM","02/13/2015","00:00",,"212","REPAIR BROKEN MAIN"
"2348566","11/19/2014","09:53","AM","11/21/2014","00:00",,"212","REPAIR BROKEN MAIN"
"2348581","11/19/2014","10:19","AM","11/24/2014","00:00",,"212","REPAIR BROKEN MAIN"
"2348625","11/19/2014","11:37","AM","11/20/2014","00:00",,"212","REPAIR BROKEN MAIN"
"2348647","11/19/2014","12:38","PM","12/04/2014","00:00",,"212","REPAIR BROKEN MAIN"
"2348648","11/19/2014","12:44","PM","11/20/2014","00:00",,"212","REPAIR BROKEN MAIN"
"2348689","11/19/2014","02:31","PM","11/19/2014","00:00",,"212","REPAIR BROKEN MAIN"
"2348737","11/19/2014","04:40","PM","11/20/2014","00:00",,"212","REPAIR BROKEN MAIN"
"2348739","11/19/2014","04:48","PM","11/20/2014","00:00",,"212","REPAIR BROKEN MAIN"
"2348742","11/19/2014","05:01","PM","12/10/2014","00:00",,"212","REPAIR BROKEN MAIN"
"2348745","11/19/2014","05:03","PM","11/20/2014","00:00",,"212","REPAIR BROKEN MAIN"
"2348782","11/19/2014","08:30","PM","11/20/2014","00:00",,"212","REPAIR BROKEN MAIN"
"2348784","11/19/2014","10:50","PM","11/21/2014","00:00",,"212","REPAIR BROKEN MAIN"
"2348786","11/19/2014","11:23","PM","11/20/2014","00:00",,"212","REPAIR BROKEN MAIN"
"2348787","11/19/2014","11:25","PM","11/20/2014","00:00",,"212","REPAIR BROKEN MAIN"
"2348150","11/18/2014","08:22","AM","11/18/2014","00:00",,"212","REPAIR BROKEN MAIN"
"2348152","11/18/2014","08:24","AM","11/20/2014","00:00",,"212","REPAIR BROKEN MAIN"
"2348153","11/18/2014","08:27","AM","11/18/2014","00:00",,"212","REPAIR BROKEN MAIN"
"2348168","11/18/2014","09:18","AM","11/18/2014","00:00",,"212","REPAIR BROKEN MAIN"
"2348172","11/18/2014","09:25","AM","11/18/2014","00:00",,"212","REPAIR BROKEN MAIN"
"2348177","11/18/2014","09:34","AM","11/18/2014","00:00",,"212","REPAIR BROKEN MAIN"
"2348198","11/18/2014","10:02","AM","11/18/2014","00:00",,"212","REPAIR BROKEN MAIN"
"2348208","11/18/2014","10:22","AM","11/21/2014","00:00",,"212","REPAIR BROKEN MAIN"
"2348251","11/18/2014","11:41","AM","02/13/2015","00:00",,"212","REPAIR BROKEN MAIN"
"2348258","11/18/2014","12:33","PM","11/20/2014","00:00",,"212","REPAIR BROKEN MAIN"
"2348292","11/18/2014","02:48","PM","11/18/2014","00:00",,"212","REPAIR BROKEN MAIN"
"2348346","11/18/2014","07:01","PM","11/19/2014","00:00",,"212","REPAIR BROKEN MAIN"
"2348349","11/18/2014","07:04","PM","11/19/2014","00:00",,"212","REPAIR BROKEN MAIN"
"2348356","11/18/2014","07:56","PM","11/19/2014","00:00",,"212","REPAIR BROKEN MAIN"
"2348465","11/18/2014","08:40","PM","12/10/2014","00:00",,"212","REPAIR BROKEN MAIN"
"2348474","11/18/2014","10:52","PM","11/19/2014","00:00",,"212","REPAIR BROKEN MAIN"
"2347829","11/17/2014","12:41","AM","11/17/2014","00:00",,"212","REPAIR BROKEN MAIN"
"2347830","11/17/2014","01:05","AM","11/17/2014","00:00",,"212","REPAIR BROKEN MAIN"
"2347890","11/17/2014","10:19","AM","11/18/2014","00:00",,"212","REPAIR BROKEN MAIN"
"2347902","11/17/2014","10:36","AM","11/18/2014","00:00",,"212","REPAIR BROKEN MAIN"
"2347910","11/17/2014","11:01","AM","11/17/2014","00:00",,"212","REPAIR BROKEN MAIN"
"2347926","11/17/2014","11:38","AM","12/10/2014","00:00",,"212","REPAIR BROKEN MAIN"
"2347927","11/17/2014","11:49","AM","11/17/2014","00:00",,"212","REPAIR BROKEN MAIN"
"2348020","11/17/2014","02:35","PM","11/18/2014","00:00",,"212","REPAIR BROKEN MAIN"
"2348057","11/17/2014","04:27","PM","11/18/2014","00:00",,"212","REPAIR BROKEN MAIN"
"2348069","11/17/2014","07:03","PM","11/18/2014","00:00",,"212","REPAIR BROKEN MAIN"
"2348071","11/17/2014","07:29","PM","11/18/2014","00:00",,"212","REPAIR BROKEN MAIN"
"2347770","11/16/2014","08:27","AM","11/16/2014","00:00",,"212","REPAIR BROKEN MAIN"
"2347780","11/16/2014","09:50","AM","11/16/2014","00:00",,"212","REPAIR BROKEN MAIN"
"2347782","11/16/2014","10:18","AM","11/17/2014","00:00",,"212","REPAIR BROKEN MAIN"
"2347786","11/16/2014","10:53","AM","11/16/2014","00:00",,"212","REPAIR BROKEN MAIN"
"2347788","11/16/2014","11:22","AM","11/28/2014","00:00",,"212","REPAIR BROKEN MAIN"
"2347804","11/16/2014","01:19","PM","11/18/2014","00:00",,"212","REPAIR BROKEN MAIN"
"2347811","11/16/2014","03:00","PM","11/18/2014","00:00",,"212","REPAIR BROKEN MAIN"
"2347812","11/16/2014","03:06","PM","11/18/2014","00:00",,"212","REPAIR BROKEN MAIN"
"2347819","11/16/2014","04:49","PM","11/18/2014","00:00",,"212","REPAIR BROKEN MAIN"
"2347820","11/16/2014","05:53","PM","11/18/2014","00:00",,"212","REPAIR BROKEN MAIN"
"2347825","11/16/2014","09:38","PM","11/17/2014","00:00",,"212","REPAIR BROKEN MAIN"
"2347727","11/15/2014","10:20","AM","11/15/2014","00:00",,"212","REPAIR BROKEN MAIN"
"2347732","11/15/2014","11:13","AM","11/16/2014","00:00",,"212","REPAIR BROKEN MAIN"
"2347745","11/15/2014","02:59","PM","11/16/2014","00:00",,"212","REPAIR BROKEN MAIN"
"2347746","11/15/2014","03:11","PM","11/16/2014","00:00",,"212","REPAIR BROKEN MAIN"
"2347485","11/14/2014","03:30","AM","11/14/2014","00:00",,"212","REPAIR BROKEN MAIN"
"2347560","11/14/2014","10:17","AM","11/15/2014","00:00",,"212","REPAIR BROKEN MAIN"
"2347581","11/14/2014","11:45","AM","11/15/2014","00:00",,"212","REPAIR BROKEN MAIN"
"2347587","11/14/2014","12:05","PM","11/19/2014","00:00",,"212","REPAIR BROKEN MAIN"
"2347620","11/14/2014","01:38","PM","11/15/2014","00:00",,"212","REPAIR BROKEN MAIN"
"2347625","11/14/2014","02:00","PM","11/14/2014","00:00",,"212","REPAIR BROKEN MAIN"
"2347697","11/14/2014","04:40","PM","11/15/2014","00:00",,"212","REPAIR BROKEN MAIN"
"2347301","11/13/2014","03:36","PM","11/13/2014","00:00",,"212","REPAIR BROKEN MAIN"
"2347305","11/13/2014","03:41","PM","11/14/2014","00:00",,"212","REPAIR BROKEN MAIN"
"2347435","11/13/2014","09:27","PM","11/14/2014","00:00",,"212","REPAIR BROKEN MAIN"
"2346852","11/12/2014","05:30","AM","11/12/2014","00:00",,"212","REPAIR BROKEN MAIN"
"2346914","11/12/2014","08:49","AM","11/13/2014","00:00",,"212","REPAIR BROKEN MAIN"
"2347027","11/12/2014","01:22","PM","11/13/2014","00:00",,"212","REPAIR BROKEN MAIN"
"2347095","11/12/2014","03:57","PM","12/08/2014","00:00",,"212","REPAIR BROKEN MAIN"
"2346750","11/11/2014","05:59","AM","11/11/2014","00:00",,"212","REPAIR BROKEN MAIN"
"2346760","11/11/2014","09:38","AM","11/11/2014","00:00",,"212","REPAIR BROKEN MAIN"
"2346765","11/11/2014","10:05","AM","11/14/2014","00:00",,"212","REPAIR BROKEN MAIN"
"2346793","11/11/2014","12:50","PM","11/11/2014","00:00",,"212","REPAIR BROKEN MAIN"
"2346799","11/11/2014","01:40","PM","11/12/2014","00:00",,"212","REPAIR BROKEN MAIN"
"2346809","11/11/2014","02:32","PM","11/13/2014","00:00",,"212","REPAIR BROKEN MAIN"
"2346817","11/11/2014","04:09","PM","11/13/2014","00:00",,"212","REPAIR BROKEN MAIN"
"2346820","11/11/2014","04:15","PM","11/12/2014","00:00",,"212","REPAIR BROKEN MAIN"
"2346668","11/10/2014","02:00","PM","11/10/2014","00:00",,"212","REPAIR BROKEN MAIN"
"2346693","11/10/2014","03:17","PM","11/12/2014","00:00",,"212","REPAIR BROKEN MAIN"
"2346699","11/10/2014","03:19","PM","11/11/2014","00:00",,"212","REPAIR BROKEN MAIN"
"2346721","11/10/2014","04:11","PM","11/12/2014","00:00",,"212","REPAIR BROKEN MAIN"
"2346738","11/10/2014","07:37","PM","11/13/2014","00:00",,"212","REPAIR BROKEN MAIN"
"2346739","11/10/2014","05:10","PM","11/12/2014","00:00",,"212","REPAIR BROKEN MAIN"
"2346740","11/10/2014","08:24","PM","11/12/2014","00:00",,"212","REPAIR BROKEN MAIN"
"2346746","11/10/2014","11:34","PM","11/11/2014","00:00",,"212","REPAIR BROKEN MAIN"
"2346448","11/09/2014","08:16","AM","11/10/2014","00:00",,"212","REPAIR BROKEN MAIN"
"2346454","11/09/2014","09:36","AM","11/12/2014","00:00",,"212","REPAIR BROKEN MAIN"
"2346456","11/09/2014","10:51","AM","11/10/2014","00:00",,"212","REPAIR BROKEN MAIN"
"2346469","11/09/2014","01:56","PM","11/10/2014","00:00",,"212","REPAIR BROKEN MAIN"
"2346489","11/09/2014","06:57","PM","11/13/2014","00:00",,"212","REPAIR BROKEN MAIN"
"2346491","11/09/2014","07:00","PM","11/10/2014","00:00",,"212","REPAIR BROKEN MAIN"
"2346493","11/09/2014","08:05","PM","11/10/2014","00:00",,"212","REPAIR BROKEN MAIN"
"2346385","11/08/2014","12:58","AM","11/13/2014","00:00",,"212","REPAIR BROKEN MAIN"
"2346391","11/08/2014","08:50","AM","11/08/2014","00:00",,"212","REPAIR BROKEN MAIN"
"2346392","11/08/2014","08:53","AM","11/08/2014","00:00",,"212","REPAIR BROKEN MAIN"
"2346407","11/08/2014","11:26","AM","11/18/2014","00:00",,"212","REPAIR BROKEN MAIN"
"2346414","11/08/2014","12:10","PM","11/10/2014","00:00",,"212","REPAIR BROKEN MAIN"
"2346419","11/08/2014","01:45","PM","12/17/2014","00:00",,"212","REPAIR BROKEN MAIN"
"2346440","11/08/2014","09:33","PM","11/09/2014","00:00",,"212","REPAIR BROKEN MAIN"
"2346443","11/08/2014","10:50","PM","11/14/2014","00:00",,"212","REPAIR BROKEN MAIN"
"2346444","11/08/2014","11:04","PM","11/08/2014","00:00",,"212","REPAIR BROKEN MAIN"
"2346216","11/07/2014","10:40","AM","11/07/2014","00:00",,"212","REPAIR BROKEN MAIN"
"2346346","11/07/2014","03:30","PM","11/07/2014","00:00",,"212","REPAIR BROKEN MAIN"
"2346359","11/07/2014","05:02","PM","02/10/2015","00:00",,"212","REPAIR BROKEN MAIN"
"2345946","11/06/2014","10:28","AM","11/07/2014","00:00",,"212","REPAIR BROKEN MAIN"
"2346035","11/06/2014","01:59","PM","11/11/2014","00:00",,"212","REPAIR BROKEN MAIN"
"2345585","11/05/2014","12:44","AM","12/08/2014","00:00",,"212","REPAIR BROKEN MAIN"
"2345589","11/05/2014","07:11","AM","11/05/2014","00:00",,"212","REPAIR BROKEN MAIN"
"2345643","11/05/2014","09:20","AM","11/05/2014","00:00",,"212","REPAIR BROKEN MAIN"
"2345651","11/05/2014","09:46","AM","11/06/2014","00:00",,"212","REPAIR BROKEN MAIN"
"2345656","11/05/2014","09:54","AM","11/06/2014","00:00",,"212","REPAIR BROKEN MAIN"
"2345702","11/05/2014","12:00","AM","11/06/2014","00:00",,"212","REPAIR BROKEN MAIN"
"2345703","11/05/2014","12:02","PM","11/06/2014","00:00",,"212","REPAIR BROKEN MAIN"
"2345734","11/05/2014","01:48","PM","11/06/2014","00:00",,"212","REPAIR BROKEN MAIN"
"2345742","11/05/2014","02:08","PM","11/05/2014","00:00",,"212","REPAIR BROKEN MAIN"
"2345767","11/05/2014","02:57","PM","11/12/2014","00:00",,"212","REPAIR BROKEN MAIN"
"2345787","11/05/2014","03:57","PM","11/06/2014","00:00",,"212","REPAIR BROKEN MAIN"
"2345810","11/05/2014","05:59","PM","11/06/2014","00:00",,"212","REPAIR BROKEN MAIN"
"2345812","11/05/2014","06:25","PM","11/07/2014","00:00",,"212","REPAIR BROKEN MAIN"
"2345815","11/05/2014","07:41","PM","11/06/2014","00:00",,"212","REPAIR BROKEN MAIN"
"2345491","11/04/2014","07:25","AM","11/04/2014","00:00",,"212","REPAIR BROKEN MAIN"
"2345508","11/04/2014","10:21","AM","11/06/2014","00:00",,"212","REPAIR BROKEN MAIN"
"2345522","11/04/2014","11:44","AM","11/05/2014","00:00",,"212","REPAIR BROKEN MAIN"
"2345552","11/04/2014","02:43","PM","11/05/2014","00:00",,"212","REPAIR BROKEN MAIN"
"2345574","11/04/2014","07:30","PM","11/05/2014","00:00",,"212","REPAIR BROKEN MAIN"
"2345575","11/04/2014","07:46","PM","11/14/2014","00:00",,"212","REPAIR BROKEN MAIN"
"2345577","11/04/2014","04:40","PM","11/05/2014","00:00",,"212","REPAIR BROKEN MAIN"
"2345578","11/04/2014","03:50","PM","11/07/2014","00:00",,"212","REPAIR BROKEN MAIN"
"2345579","11/04/2014","10:03","PM","11/05/2014","00:00",,"212","REPAIR BROKEN MAIN"
"2345584","11/04/2014","11:55","PM","11/12/2014","00:00",,"212","REPAIR BROKEN MAIN"
"2345586","11/04/2014","03:00","PM","02/13/2015","00:00",,"212","REPAIR BROKEN MAIN"
"2345271","11/03/2014","01:13","AM","11/03/2014","00:00",,"212","REPAIR BROKEN MAIN"
"2345272","11/03/2014","01:18","AM","11/03/2014","00:00",,"212","REPAIR BROKEN MAIN"
"2345274","11/03/2014","06:36","AM","11/03/2014","00:00",,"212","REPAIR BROKEN MAIN"
"2345277","11/03/2014","06:54","AM","11/12/2014","00:00",,"212","REPAIR BROKEN MAIN"
"2345298","11/03/2014","08:34","AM","11/03/2014","00:00",,"212","REPAIR BROKEN MAIN"
"2345299","11/03/2014","08:37","AM","11/03/2014","00:00",,"212","REPAIR BROKEN MAIN"
"2345320","11/03/2014","10:20","AM","11/12/2014","00:00",,"212","REPAIR BROKEN MAIN"
"2345356","11/03/2014","11:28","AM","11/06/2014","00:00",,"212","REPAIR BROKEN MAIN"
"2345366","11/03/2014","12:00","AM","11/03/2014","00:00",,"212","REPAIR BROKEN MAIN"
"2345391","11/03/2014","01:53","PM","11/05/2014","00:00",,"212","REPAIR BROKEN MAIN"
"2345447","11/03/2014","04:26","PM","11/05/2014","00:00",,"212","REPAIR BROKEN MAIN"
"2345452","11/03/2014","04:57","PM","11/04/2014","00:00",,"212","REPAIR BROKEN MAIN"
"2345453","11/03/2014","04:58","PM","11/03/2014","00:00",,"212","REPAIR BROKEN MAIN"
"2345471","11/03/2014","08:08","PM","11/05/2014","00:00",,"212","REPAIR BROKEN MAIN"
"2345476","11/03/2014","09:08","PM","11/07/2014","00:00",,"212","REPAIR BROKEN MAIN"
"2345482","11/03/2014","10:06","PM","11/10/2014","00:00",,"212","REPAIR BROKEN MAIN"
"2345241","11/02/2014","10:20","AM","11/02/2014","00:00",,"212","REPAIR BROKEN MAIN"
"2345245","11/02/2014","11:49","AM","11/02/2014","00:00",,"212","REPAIR BROKEN MAIN"
"2345250","11/02/2014","12:58","PM","11/03/2014","00:00",,"212","REPAIR BROKEN MAIN"
"2345259","11/02/2014","04:16","PM","11/03/2014","00:00",,"212","REPAIR BROKEN MAIN"
"2345264","11/02/2014","06:30","PM","11/04/2014","00:00",,"212","REPAIR BROKEN MAIN"
"2343752","11/01/2014","12:52","PM","11/05/2014","00:00",,"212","REPAIR BROKEN MAIN"
"2343767","11/01/2014","09:38","PM","11/03/2014","00:00",,"212","REPAIR BROKEN MAIN"
"2343724","10/31/2014","05:48","PM","11/01/2014","00:00",,"212","REPAIR BROKEN MAIN"
"2343414","10/30/2014","08:41","AM","10/31/2014","00:00",,"212","REPAIR BROKEN MAIN"
"2343427","10/30/2014","10:16","AM","10/31/2014","00:00",,"212","REPAIR BROKEN MAIN"
"2343458","10/30/2014","11:58","AM","10/30/2014","00:00",,"212","REPAIR BROKEN MAIN"
"2343498","10/30/2014","02:56","PM","11/03/2014","00:00",,"212","REPAIR BROKEN MAIN"
"2343259","10/29/2014","10:51","AM","10/30/2014","00:00",,"212","REPAIR BROKEN MAIN"
"2343299","10/29/2014","01:36","PM","11/06/2014","00:00",,"212","REPAIR BROKEN MAIN"
"2343062","10/28/2014","12:33","PM","10/29/2014","00:00",,"212","REPAIR BROKEN MAIN"
"2343071","10/28/2014","01:00","PM","11/14/2014","00:00",,"212","REPAIR BROKEN MAIN"
"2343165","10/28/2014","08:52","PM","10/29/2014","00:00",,"212","REPAIR BROKEN MAIN"
"2342932","10/27/2014","10:38","PM","11/06/2014","00:00",,"212","REPAIR BROKEN MAIN"
"2342634","10/26/2014","08:49","AM","10/27/2014","00:00",,"212","REPAIR BROKEN MAIN"
"2342646","10/26/2014","09:34","AM","11/07/2014","00:00",,"212","REPAIR BROKEN MAIN"
"2342656","10/26/2014","08:41","AM","10/26/2014","00:00",,"212","REPAIR BROKEN MAIN"
"2342671","10/26/2014","03:10","PM","10/27/2014","00:00",,"212","REPAIR BROKEN MAIN"
"2342673","10/26/2014","03:53","PM","10/26/2014","00:00",,"212","REPAIR BROKEN MAIN"
"2342569","10/25/2014","07:02","AM","10/27/2014","00:00",,"212","REPAIR BROKEN MAIN"
"2342599","10/25/2014","03:31","PM","10/29/2014","00:00",,"212","REPAIR BROKEN MAIN"
"2342608","10/25/2014","05:51","PM","10/27/2014","00:00",,"212","REPAIR BROKEN MAIN"
"2342409","10/24/2014","08:34","AM","10/24/2014","00:00",,"212","REPAIR BROKEN MAIN"
"2342459","10/24/2014","11:33","AM","10/24/2014","00:00",,"212","REPAIR BROKEN MAIN"
"2342544","10/24/2014","05:16","PM","10/25/2014","00:00",,"212","REPAIR BROKEN MAIN"
"2342551","10/24/2014","05:54","PM","10/25/2014","00:00",,"212","REPAIR BROKEN MAIN"
"2342557","10/24/2014","08:19","PM","10/25/2014","00:00",,"212","REPAIR BROKEN MAIN"
"2342559","10/24/2014","08:51","PM","10/27/2014","00:00",,"212","REPAIR BROKEN MAIN"
"2342117","10/23/2014","12:59","AM","10/23/2014","00:00",,"212","REPAIR BROKEN MAIN"
"2342147","10/23/2014","08:32","AM","10/24/2014","00:00",,"212","REPAIR BROKEN MAIN"
"2342183","10/23/2014","10:15","AM","10/28/2014","00:00",,"212","REPAIR BROKEN MAIN"
"2342184","10/23/2014","10:20","AM","10/23/2014","00:00",,"212","REPAIR BROKEN MAIN"
"2342190","10/23/2014","10:53","AM","10/23/2014","00:00",,"212","REPAIR BROKEN MAIN"
"2342336","10/23/2014","08:43","PM","10/24/2014","00:00",,"212","REPAIR BROKEN MAIN"
"2342338","10/23/2014","08:01","PM","10/24/2014","00:00",,"212","REPAIR BROKEN MAIN"
"2341787","10/22/2014","02:40","AM","10/22/2014","00:00",,"212","REPAIR BROKEN MAIN"
"2341462","10/21/2014","06:38","AM","10/21/2014","00:00",,"212","REPAIR BROKEN MAIN"
"2341464","10/21/2014","06:47","AM","10/22/2014","00:00",,"212","REPAIR BROKEN MAIN"
"2341497","10/21/2014","09:41","AM","12/23/2014","00:00",,"212","REPAIR BROKEN MAIN"
"2341613","10/21/2014","02:06","PM","10/28/2014","00:00",,"212","REPAIR BROKEN MAIN"
"2341622","10/21/2014","02:44","PM","10/24/2014","00:00",,"212","REPAIR BROKEN MAIN"
"2341657","10/21/2014","05:22","PM","10/22/2014","00:00",,"212","REPAIR BROKEN MAIN"
"2341669","10/21/2014","07:54","PM","10/21/2014","00:00",,"212","REPAIR BROKEN MAIN"
"2341258","10/20/2014","05:22","AM","10/20/2014","00:00",,"212","REPAIR BROKEN MAIN"
"2341360","10/20/2014","01:05","PM","10/21/2014","00:00",,"212","REPAIR BROKEN MAIN"
"2341444","10/20/2014","06:46","PM","10/21/2014","00:00",,"212","REPAIR BROKEN MAIN"
"2341456","10/20/2014","10:18","PM","10/21/2014","00:00",,"212","REPAIR BROKEN MAIN"
"2341238","10/19/2014","02:50","PM","10/22/2014","00:00",,"212","REPAIR BROKEN MAIN"
"2341244","10/19/2014","05:02","PM","10/20/2014","00:00",,"212","REPAIR BROKEN MAIN"
"2341184","10/18/2014","03:24","PM","10/18/2014","00:00",,"212","REPAIR BROKEN MAIN"
"2341192","10/18/2014","05:33","PM","10/20/2014","00:00",,"212","REPAIR BROKEN MAIN"
"2341204","10/18/2014","11:50","PM","10/20/2014","00:00",,"212","REPAIR BROKEN MAIN"
"2341138","10/17/2014","07:36","PM","10/18/2014","00:00",,"212","REPAIR BROKEN MAIN"
"2340860","10/16/2014","02:15","PM","10/17/2014","00:00",,"212","REPAIR BROKEN MAIN"
"2340917","10/16/2014","06:53","PM","10/17/2014","00:00",,"212","REPAIR BROKEN MAIN"
"2340588","10/15/2014","11:54","AM","10/16/2014","00:00",,"212","REPAIR BROKEN MAIN"
"2340302","10/14/2014","11:07","AM","10/14/2014","00:00",,"212","REPAIR BROKEN MAIN"
"2340341","10/14/2014","11:49","AM","10/15/2014","00:00",,"212","REPAIR BROKEN MAIN"
"2340103","10/13/2014","09:55","AM","11/06/2014","00:00",,"212","REPAIR BROKEN MAIN"
"2340107","10/13/2014","10:01","AM","10/13/2014","00:00",,"212","REPAIR BROKEN MAIN"
"2340108","10/13/2014","08:45","AM","10/14/2014","00:00",,"212","REPAIR BROKEN MAIN"
"2340118","10/13/2014","10:20","AM","10/16/2014","00:00",,"212","REPAIR BROKEN MAIN"
"2340122","10/13/2014","11:16","AM","10/14/2014","00:00",,"212","REPAIR BROKEN MAIN"
"2340048","10/12/2014","07:52","AM","10/12/2014","00:00",,"212","REPAIR BROKEN MAIN"
"2340055","10/12/2014","10:03","AM","10/14/2014","00:00",,"212","REPAIR BROKEN MAIN"
"2340067","10/12/2014","01:25","PM","10/13/2014","00:00",,"212","REPAIR BROKEN MAIN"
"2340071","10/12/2014","03:06","PM","10/13/2014","00:00",,"212","REPAIR BROKEN MAIN"
"2340074","10/12/2014","04:33","PM","10/14/2014","00:00",,"212","REPAIR BROKEN MAIN"
"2340083","10/12/2014","07:56","PM","10/14/2014","00:00",,"212","REPAIR BROKEN MAIN"
"2340016","10/11/2014","06:03","AM","10/11/2014","00:00",,"212","REPAIR BROKEN MAIN"
"2338684","10/10/2014","11:46","AM","10/11/2014","00:00",,"212","REPAIR BROKEN MAIN"
"2338391","10/09/2014","06:04","AM","10/21/2014","00:00",,"212","REPAIR BROKEN MAIN"
"2338189","10/08/2014","08:38","AM","10/08/2014","00:00",,"212","REPAIR BROKEN MAIN"
"2338245","10/08/2014","11:52","AM","10/08/2014","00:00",,"212","REPAIR BROKEN MAIN"
"2338322","10/08/2014","05:01","PM","10/09/2014","00:00",,"212","REPAIR BROKEN MAIN"
"2337980","10/07/2014","02:19","AM","10/07/2014","00:00",,"212","REPAIR BROKEN MAIN"
"2338005","10/07/2014","08:43","AM","10/08/2014","00:00",,"212","REPAIR BROKEN MAIN"
"2337890","10/06/2014","12:11","PM","10/07/2014","00:00",,"212","REPAIR BROKEN MAIN"
"2337756","10/05/2014","08:44","AM","10/05/2014","00:00",,"212","REPAIR BROKEN MAIN"
"2337757","10/05/2014","08:56","AM","10/05/2014","00:00",,"212","REPAIR BROKEN MAIN"
"2337776","10/05/2014","02:39","PM","10/06/2014","00:00",,"212","REPAIR BROKEN MAIN"
"2337784","10/05/2014","05:24","PM","10/06/2014","00:00",,"212","REPAIR BROKEN MAIN"
"2337694","10/04/2014","01:00","AM","10/06/2014","00:00",,"212","REPAIR BROKEN MAIN"
"2337492","10/03/2014","09:41","AM","10/03/2014","00:00",,"212","REPAIR BROKEN MAIN"
"2337624","10/03/2014","03:30","PM","10/06/2014","00:00",,"212","REPAIR BROKEN MAIN"
"2337658","10/03/2014","06:39","PM","10/07/2014","00:00",,"212","REPAIR BROKEN MAIN"
"2337683","10/03/2014","08:45","PM","10/03/2014","00:00",,"212","REPAIR BROKEN MAIN"
"2337276","10/02/2014","11:29","AM","10/02/2014","00:00",,"212","REPAIR BROKEN MAIN"
"2337422","10/02/2014","11:26","PM","10/03/2014","00:00",,"212","REPAIR BROKEN MAIN"
"2335362","10/01/2014","01:31","PM","10/02/2014","00:00",,"212","REPAIR BROKEN MAIN"
"2335464","10/01/2014","07:46","PM","06/10/2015","00:00",,"212","REPAIR BROKEN MAIN"
"2335202","09/30/2014","06:40","PM","10/01/2014","00:00",,"212","REPAIR BROKEN MAIN"
"2334866","09/29/2014","10:51","AM","09/29/2014","00:00",,"212","REPAIR BROKEN MAIN"
"2334872","09/29/2014","11:02","AM","09/30/2014","00:00",,"212","REPAIR BROKEN MAIN"
"2334996","09/29/2014","10:24","PM","09/30/2014","00:00",,"212","REPAIR BROKEN MAIN"
"2334756","09/28/2014","10:01","AM","09/28/2014","00:00",,"212","REPAIR BROKEN MAIN"
"2334791","09/28/2014","11:10","PM","09/29/2014","00:00",,"212","REPAIR BROKEN MAIN"
"2334722","09/27/2014","08:55","AM","09/27/2014","00:00",,"212","REPAIR BROKEN MAIN"
"2334746","09/27/2014","04:17","PM","09/29/2014","00:00",,"212","REPAIR BROKEN MAIN"
"2334516","09/26/2014","07:16","AM","09/26/2014","00:00",,"212","REPAIR BROKEN MAIN"
"2334543","09/26/2014","08:40","AM","12/30/2014","00:00",,"212","REPAIR BROKEN MAIN"
"2334557","09/26/2014","09:09","AM","09/29/2014","00:00",,"212","REPAIR BROKEN MAIN"
"2334579","09/26/2014","10:16","AM","09/26/2014","00:00",,"212","REPAIR BROKEN MAIN"
"2334617","09/26/2014","12:17","PM","10/10/2014","00:00",,"212","REPAIR BROKEN MAIN"
"2331828","09/24/2014","06:37","AM","09/24/2014","00:00",,"212","REPAIR BROKEN MAIN"
"2331900","09/24/2014","11:18","AM","09/25/2014","00:00",,"212","REPAIR BROKEN MAIN"
"2331967","09/24/2014","02:56","PM","09/24/2014","00:00",,"212","REPAIR BROKEN MAIN"
"2333830","09/24/2014","10:57","PM","09/26/2014","00:00",,"212","REPAIR BROKEN MAIN"
"2331265","09/21/2014","08:25","AM","09/21/2014","00:00",,"212","REPAIR BROKEN MAIN"
"2331209","09/20/2014","06:59","AM","09/20/2014","00:00",,"212","REPAIR BROKEN MAIN"
"2331221","09/20/2014","11:17","AM","09/22/2014","00:00",,"212","REPAIR BROKEN MAIN"
"2330996","09/19/2014","08:15","AM","09/19/2014","00:00",,"212","REPAIR BROKEN MAIN"
"2330998","09/19/2014","08:23","AM","09/19/2014","00:00",,"212","REPAIR BROKEN MAIN"
"2331126","09/19/2014","02:09","PM","09/19/2014","00:00",,"212","REPAIR BROKEN MAIN"
"2331201","09/19/2014","09:54","PM","09/22/2014","00:00",,"212","REPAIR BROKEN MAIN"
"2330671","09/18/2014","12:01","AM","09/18/2014","00:00",,"212","REPAIR BROKEN MAIN"
"2330698","09/18/2014","08:57","AM","09/18/2014","00:00",,"212","REPAIR BROKEN MAIN"
"2330804","09/18/2014","01:23","PM","09/19/2014","00:00",,"212","REPAIR BROKEN MAIN"
"2330460","09/17/2014","10:07","AM","09/17/2014","00:00",,"212","REPAIR BROKEN MAIN"
"2330489","09/17/2014","11:31","AM","09/23/2014","00:00",,"212","REPAIR BROKEN MAIN"
"2330518","09/17/2014","01:31","PM","10/01/2014","00:00",,"212","REPAIR BROKEN MAIN"
"2330618","09/17/2014","06:44","PM","10/01/2014","00:00",,"212","REPAIR BROKEN MAIN"
"2330186","09/16/2014","08:33","AM","09/16/2014","00:00",,"212","REPAIR BROKEN MAIN"
"2330236","09/16/2014","10:50","AM","09/16/2014","00:00",,"212","REPAIR BROKEN MAIN"
"2330346","09/16/2014","06:36","PM","10/17/2014","00:00",,"212","REPAIR BROKEN MAIN"
"2330350","09/16/2014","07:53","PM","10/08/2014","00:00",,"212","REPAIR BROKEN MAIN"
"2329900","09/15/2014","07:04","AM","09/19/2014","00:00",,"212","REPAIR BROKEN MAIN"
"2330063","09/15/2014","02:26","PM","09/16/2014","00:00",,"212","REPAIR BROKEN MAIN"
"2330123","09/15/2014","06:17","PM","09/18/2014","00:00",,"212","REPAIR BROKEN MAIN"
"2329836","09/13/2014","05:03","AM","09/13/2014","00:00",,"212","REPAIR BROKEN MAIN"
"2329843","09/13/2014","09:23","AM","10/08/2014","00:00",,"212","REPAIR BROKEN MAIN"
"2329674","09/12/2014","08:12","AM","09/12/2014","00:00",,"212","REPAIR BROKEN MAIN"
"2329716","09/12/2014","11:23","AM","09/12/2014","00:00",,"212","REPAIR BROKEN MAIN"
"2329811","09/12/2014","06:26","PM","09/15/2014","00:00",,"212","REPAIR BROKEN MAIN"
"2329832","09/12/2014","10:55","PM","09/13/2014","00:00",,"212","REPAIR BROKEN MAIN"
"2329833","09/12/2014","10:00","PM","09/15/2014","00:00",,"212","REPAIR BROKEN MAIN"
"2329466","09/11/2014","08:20","AM","09/11/2014","00:00",,"212","REPAIR BROKEN MAIN"
"2329471","09/11/2014","08:34","AM","09/11/2014","00:00",,"212","REPAIR BROKEN MAIN"
"2329586","09/11/2014","04:58","PM","09/12/2014","00:00",,"212","REPAIR BROKEN MAIN"
"2329618","09/11/2014","11:31","PM","11/22/2014","00:00",,"212","REPAIR BROKEN MAIN"
"2329271","09/10/2014","01:15","PM","09/11/2014","00:00",,"212","REPAIR BROKEN MAIN"
"2328726","09/08/2014","08:37","AM","10/04/2014","00:00",,"212","REPAIR BROKEN MAIN"
"2328639","09/07/2014","08:01","AM","09/08/2014","00:00",,"212","REPAIR BROKEN MAIN"
"2328643","09/07/2014","09:07","AM","09/07/2014","00:00",,"212","REPAIR BROKEN MAIN"
"2328459","09/05/2014","12:47","PM","09/05/2014","00:00",,"212","REPAIR BROKEN MAIN"
"2328225","09/04/2014","01:24","PM","09/05/2014","00:00",,"212","REPAIR BROKEN MAIN"
"2328271","09/04/2014","03:12","PM","09/04/2014","00:00",,"212","REPAIR BROKEN MAIN"
"2327370","09/02/2014","09:10","AM","09/02/2014","00:00",,"212","REPAIR BROKEN MAIN"
"2325853","08/31/2014","02:14","PM","08/31/2014","00:00",,"212","REPAIR BROKEN MAIN"
"2325843","08/30/2014","10:26","PM","09/05/2014","00:00",,"212","REPAIR BROKEN MAIN"
"2325397","08/28/2014","11:11","AM","08/28/2014","00:00",,"212","REPAIR BROKEN MAIN"
"2325440","08/28/2014","12:40","PM","08/29/2014","00:00",,"212","REPAIR BROKEN MAIN"
"2325514","08/28/2014","06:34","PM","08/29/2014","00:00",,"212","REPAIR BROKEN MAIN"
"2325046","08/27/2014","07:44","AM","08/28/2014","00:00",,"212","REPAIR BROKEN MAIN"
"2325138","08/27/2014","12:40","PM","08/28/2014","00:00",,"212","REPAIR BROKEN MAIN"
"2325217","08/27/2014","05:12","PM","08/27/2014","00:00",,"212","REPAIR BROKEN MAIN"
"2325268","08/27/2014","10:48","PM","08/28/2014","00:00",,"212","REPAIR BROKEN MAIN"
"2325270","08/27/2014","11:17","PM","08/28/2014","00:00",,"212","REPAIR BROKEN MAIN"
"2324869","08/26/2014","10:22","AM","08/28/2014","00:00",,"212","REPAIR BROKEN MAIN"
"2324999","08/26/2014","04:22","PM","08/27/2014","00:00",,"212","REPAIR BROKEN MAIN"
"2324468","08/25/2014","08:26","AM","08/25/2014","00:00",,"212","REPAIR BROKEN MAIN"
"2324504","08/25/2014","10:13","AM","08/26/2014","00:00",,"212","REPAIR BROKEN MAIN"
"2322824","08/19/2014","02:45","PM","08/20/2014","00:00",,"212","REPAIR BROKEN MAIN"
"2322399","08/16/2014","12:25","PM","08/16/2014","00:00",,"212","REPAIR BROKEN MAIN"
"2321736","08/15/2014","02:17","AM","08/15/2014","00:00",,"212","REPAIR BROKEN MAIN"
"2321469","08/14/2014","07:34","AM","08/16/2014","00:00",,"212","REPAIR BROKEN MAIN"
"2321547","08/14/2014","10:48","AM","08/14/2014","00:00",,"212","REPAIR BROKEN MAIN"
"2321217","08/13/2014","07:07","AM","08/13/2014","00:00",,"212","REPAIR BROKEN MAIN"
"2321225","08/13/2014","07:40","AM","02/23/2015","00:00",,"212","REPAIR BROKEN MAIN"
"2321417","08/13/2014","06:41","PM","08/14/2014","00:00",,"212","REPAIR BROKEN MAIN"
"2321201","08/12/2014","11:04","PM","08/13/2014","00:00",,"212","REPAIR BROKEN MAIN"
"2320914","08/11/2014","12:10","PM","09/09/2014","00:00",,"212","REPAIR BROKEN MAIN"
"2320731","08/09/2014","04:57","AM","08/09/2014","00:00",,"212","REPAIR BROKEN MAIN"
"2320774","08/09/2014","04:26","PM","08/10/2014","00:00",,"212","REPAIR BROKEN MAIN"
"2319437","08/04/2014","11:39","AM","08/04/2014","00:00",,"212","REPAIR BROKEN MAIN"
"2319323","08/03/2014","10:32","AM","08/04/2014","00:00",,"212","REPAIR BROKEN MAIN"
"2319274","08/02/2014","06:20","AM","08/02/2014","00:00",,"212","REPAIR BROKEN MAIN"
"2319287","08/02/2014","12:59","PM","08/02/2014","00:00",,"212","REPAIR BROKEN MAIN"
"2318234","08/01/2014","03:20","PM","08/01/2014","00:00",,"212","REPAIR BROKEN MAIN"
"2318266","08/01/2014","07:35","PM","08/02/2014","00:00",,"212","REPAIR BROKEN MAIN"
"2318273","08/01/2014","11:05","PM","08/02/2014","00:00",,"212","REPAIR BROKEN MAIN"
"2317890","07/31/2014","12:39","PM","08/01/2014","00:00",,"212","REPAIR BROKEN MAIN"
"2317979","07/31/2014","05:03","PM","08/01/2014","00:00",,"212","REPAIR BROKEN MAIN"
"2317983","07/31/2014","06:13","PM","08/01/2014","00:00",,"212","REPAIR BROKEN MAIN"
"2317985","07/31/2014","06:26","PM","08/04/2014","00:00",,"212","REPAIR BROKEN MAIN"
"2317656","07/30/2014","09:59","AM","07/30/2014","00:00",,"212","REPAIR BROKEN MAIN"
"2317351","07/29/2014","02:58","AM","07/29/2014","00:00",,"212","REPAIR BROKEN MAIN"
"2317133","07/28/2014","11:17","AM","07/28/2014","00:00",,"212","REPAIR BROKEN MAIN"
"2317338","07/28/2014","10:24","PM","07/29/2014","00:00",,"212","REPAIR BROKEN MAIN"
"2316899","07/27/2014","09:02","AM","07/27/2014","00:00",,"212","REPAIR BROKEN MAIN"
"2316831","07/26/2014","02:31","AM","07/26/2014","00:00",,"212","REPAIR BROKEN MAIN"
"2316840","07/26/2014","09:05","AM","07/26/2014","00:00",,"212","REPAIR BROKEN MAIN"
"2316885","07/26/2014","08:50","PM","07/27/2014","00:00",,"212","REPAIR BROKEN MAIN"
"2316890","07/26/2014","11:17","PM","07/27/2014","00:00",,"212","REPAIR BROKEN MAIN"
"2316697","07/25/2014","10:50","AM","07/25/2014","00:00",,"212","REPAIR BROKEN MAIN"
"2316590","07/24/2014","08:35","PM","07/25/2014","00:00",,"212","REPAIR BROKEN MAIN"
"2314793","07/22/2014","10:29","PM","07/23/2014","00:00",,"212","REPAIR BROKEN MAIN"
"2314558","07/21/2014","05:55","PM","07/22/2014","00:00",,"212","REPAIR BROKEN MAIN"
"2314354","07/20/2014","07:47","AM","07/20/2014","00:00",,"212","REPAIR BROKEN MAIN"
"2314377","07/20/2014","06:25","PM","07/21/2014","00:00",,"212","REPAIR BROKEN MAIN"
"2314295","07/19/2014","03:28","AM","07/20/2014","00:00",,"212","REPAIR BROKEN MAIN"
"2314298","07/19/2014","05:50","AM","07/19/2014","00:00",,"212","REPAIR BROKEN MAIN"
"2314328","07/19/2014","11:10","AM","08/01/2014","00:00",,"212","REPAIR BROKEN MAIN"
"2314125","07/18/2014","04:16","AM","07/18/2014","00:00",,"212","REPAIR BROKEN MAIN"
"2313745","07/16/2014","09:52","AM","07/16/2014","00:00",,"212","REPAIR BROKEN MAIN"
"2313753","07/16/2014","10:40","AM","07/16/2014","00:00",,"212","REPAIR BROKEN MAIN"
"2313465","07/15/2014","03:31","AM","07/15/2014","00:00",,"212","REPAIR BROKEN MAIN"
"2313493","07/15/2014","08:06","AM","07/15/2014","00:00",,"212","REPAIR BROKEN MAIN"
"2313509","07/15/2014","08:36","AM","07/16/2014","00:00",,"212","REPAIR BROKEN MAIN"
"2313141","07/12/2014","07:08","AM","07/12/2014","00:00",,"212","REPAIR BROKEN MAIN"
"2313172","07/12/2014","01:38","PM","07/14/2014","00:00",,"212","REPAIR BROKEN MAIN"
"2313176","07/12/2014","03:25","PM","07/12/2014","00:00",,"212","REPAIR BROKEN MAIN"
"2312870","07/10/2014","02:05","PM","07/12/2014","00:00",,"212","REPAIR BROKEN MAIN"
"2312649","07/09/2014","12:00","AM","07/15/2014","00:00",,"212","REPAIR BROKEN MAIN"
"2312245","07/08/2014","02:33","AM","07/08/2014","00:00",,"212","REPAIR BROKEN MAIN"
"2312250","07/08/2014","06:28","AM","07/08/2014","00:00",,"212","REPAIR BROKEN MAIN"
"2312451","07/08/2014","03:47","PM","07/16/2014","00:00",,"212","REPAIR BROKEN MAIN"
"2312477","07/08/2014","07:21","PM","07/09/2014","00:00",,"212","REPAIR BROKEN MAIN"
"2312183","07/07/2014","03:23","PM","07/11/2014","00:00",,"212","REPAIR BROKEN MAIN"
"2311954","07/06/2014","09:23","AM","07/07/2014","00:00",,"212","REPAIR BROKEN MAIN"
"2311962","07/06/2014","01:21","PM","07/06/2014","00:00",,"212","REPAIR BROKEN MAIN"
"2311977","07/06/2014","09:30","PM","07/11/2014","00:00",,"212","REPAIR BROKEN MAIN"
"2311914","07/05/2014","07:06","AM","07/06/2014","00:00",,"212","REPAIR BROKEN MAIN"
"2311874","07/04/2014","05:04","AM","07/04/2014","00:00",,"212","REPAIR BROKEN MAIN"
"2311888","07/04/2014","12:17","PM","07/18/2014","00:00",,"212","REPAIR BROKEN MAIN"
"2311907","07/04/2014","07:46","PM","07/09/2014","00:00",,"212","REPAIR BROKEN MAIN"
"2311834","07/03/2014","04:35","PM","07/03/2014","00:00",,"212","REPAIR BROKEN MAIN"
"2311836","07/03/2014","05:23","PM","07/03/2014","00:00",,"212","REPAIR BROKEN MAIN"
"2311519","07/02/2014","09:38","AM","07/02/2014","00:00",,"212","REPAIR BROKEN MAIN"
"2311617","07/02/2014","03:33","PM","07/03/2014","00:00",,"212","REPAIR BROKEN MAIN"
"2310012","06/30/2014","11:40","AM","07/01/2014","00:00",,"212","REPAIR BROKEN MAIN"
"2310118","06/30/2014","05:45","PM","07/01/2014","00:00",,"212","REPAIR BROKEN MAIN"
"2309872","06/29/2014","08:31","AM","06/29/2014","00:00",,"212","REPAIR BROKEN MAIN"
"2309882","06/29/2014","09:55","AM","06/29/2014","00:00",,"212","REPAIR BROKEN MAIN"
"2309853","06/28/2014","06:08","PM","06/29/2014","00:00",,"212","REPAIR BROKEN MAIN"
"2309298","06/25/2014","12:49","PM","07/28/2014","00:00",,"212","REPAIR BROKEN MAIN"
"2308759","06/22/2014","02:32","AM","06/23/2014","00:00",,"212","REPAIR BROKEN MAIN"
"2308520","06/20/2014","09:56","AM","06/20/2014","00:00",,"212","REPAIR BROKEN MAIN"
"2308546","06/20/2014","11:09","AM","06/20/2014","00:00",,"212","REPAIR BROKEN MAIN"
"2308204","06/19/2014","05:41","AM","06/19/2014","00:00",,"212","REPAIR BROKEN MAIN"
"2308407","06/19/2014","09:10","PM","06/20/2014","00:00",,"212","REPAIR BROKEN MAIN"
"2306212","06/16/2014","12:08","PM","06/18/2014","00:00",,"212","REPAIR BROKEN MAIN"
"2306024","06/14/2014","02:18","PM","06/15/2014","00:00",,"212","REPAIR BROKEN MAIN"
"2304951","06/10/2014","06:10","AM","06/11/2014","00:00",,"212","REPAIR BROKEN MAIN"
"2305053","06/10/2014","10:25","AM","06/10/2014","00:00",,"212","REPAIR BROKEN MAIN"
"2304728","06/08/2014","11:20","AM","06/08/2014","00:00",,"212","REPAIR BROKEN MAIN"
"2304485","06/06/2014","08:16","AM","06/06/2014","00:00",,"212","REPAIR BROKEN MAIN"
"2304276","06/05/2014","06:39","AM","06/05/2014","00:00",,"212","REPAIR BROKEN MAIN"
"2304135","06/04/2014","12:12","PM","06/10/2014","00:00",,"212","REPAIR BROKEN MAIN"
"2303789","06/03/2014","05:44","AM","06/03/2014","00:00",,"212","REPAIR BROKEN MAIN"
"2303864","06/03/2014","10:36","AM","06/04/2014","00:00",,"212","REPAIR BROKEN MAIN"
"2304000","06/03/2014","06:09","PM","06/04/2014","00:00",,"212","REPAIR BROKEN MAIN"
"2302434","06/02/2014","06:24","AM","06/02/2014","00:00",,"212","REPAIR BROKEN MAIN"
"2302649","06/02/2014","07:43","PM","06/03/2014","00:00",,"212","REPAIR BROKEN MAIN"
"2302403","06/01/2014","08:18","AM","06/10/2014","00:00",,"212","REPAIR BROKEN MAIN"
"2302379","05/31/2014","12:06","PM","05/31/2014","00:00",,"212","REPAIR BROKEN MAIN"
"2301622","05/30/2014","04:15","PM","06/05/2014","00:00",,"212","REPAIR BROKEN MAIN"
"2301302","05/29/2014","12:29","PM","05/29/2014","00:00",,"212","REPAIR BROKEN MAIN"
"2300962","05/28/2014","06:38","AM","05/28/2014","00:00",,"212","REPAIR BROKEN MAIN"
"2301164","05/28/2014","06:02","PM","05/29/2014","00:00",,"212","REPAIR BROKEN MAIN"
"2301188","05/28/2014","11:42","PM","05/29/2014","00:00",,"212","REPAIR BROKEN MAIN"
"2300655","05/26/2014","09:32","AM","05/26/2014","00:00",,"212","REPAIR BROKEN MAIN"
"2300666","05/26/2014","01:25","PM","05/26/2014","00:00",,"212","REPAIR BROKEN MAIN"
"2300612","05/24/2014","11:26","AM","05/24/2014","00:00",,"212","REPAIR BROKEN MAIN"
"2300404","05/23/2014","05:33","AM","05/28/2014","00:00",,"212","REPAIR BROKEN MAIN"
"2300164","05/22/2014","09:21","AM","05/23/2014","00:00",,"212","REPAIR BROKEN MAIN"
"2299909","05/21/2014","06:51","AM","05/21/2014","00:00",,"212","REPAIR BROKEN MAIN"
"2300084","05/21/2014","04:49","PM","06/03/2014","00:00",,"212","REPAIR BROKEN MAIN"
"2299019","05/19/2014","03:34","PM","05/21/2014","00:00",,"212","REPAIR BROKEN MAIN"
"2298793","05/18/2014","06:25","AM","05/18/2014","00:00",,"212","REPAIR BROKEN MAIN"
"2298594","05/16/2014","10:29","AM","05/16/2014","00:00",,"212","REPAIR BROKEN MAIN"
"2298345","05/15/2014","11:08","AM","05/17/2014","00:00",,"212","REPAIR BROKEN MAIN"
"2298397","05/15/2014","02:09","PM","05/15/2014","00:00",,"212","REPAIR BROKEN MAIN"
"2287605","05/11/2014","08:06","AM","05/12/2014","00:00",,"212","REPAIR BROKEN MAIN"
"2287646","05/11/2014","06:16","PM","05/12/2014","00:00",,"212","REPAIR BROKEN MAIN"
"2287531","05/10/2014","08:07","AM","05/10/2014","00:00",,"212","REPAIR BROKEN MAIN"
"2287540","05/10/2014","10:24","AM","05/10/2014","00:00",,"212","REPAIR BROKEN MAIN"
"2286481","05/07/2014","06:30","AM","05/07/2014","00:00",,"212","REPAIR BROKEN MAIN"
"2286666","05/07/2014","06:42","PM","05/08/2014","00:00",,"212","REPAIR BROKEN MAIN"
"2286225","05/06/2014","01:00","AM","05/06/2014","00:00",,"212","REPAIR BROKEN MAIN"
"2285924","05/05/2014","01:02","PM","05/05/2014","00:00",,"212","REPAIR BROKEN MAIN"
"2285687","05/04/2014","12:10","AM","05/04/2014","00:00",,"212","REPAIR BROKEN MAIN"
"2285725","05/04/2014","05:08","PM","05/06/2014","00:00",,"212","REPAIR BROKEN MAIN"
"2285745","05/04/2014","11:14","PM","05/05/2014","00:00",,"212","REPAIR BROKEN MAIN"
"2285617","05/03/2014","12:08","PM","05/03/2014","00:00",,"212","REPAIR BROKEN MAIN"
"2285655","05/03/2014","05:35","PM","05/04/2014","00:00",,"212","REPAIR BROKEN MAIN"
"2285323","05/02/2014","03:04","AM","05/02/2014","00:00",,"212","REPAIR BROKEN MAIN"
"2285413","05/02/2014","11:16","AM","05/02/2014","00:00",,"212","REPAIR BROKEN MAIN"
"2285489","05/02/2014","03:14","PM","05/02/2014","00:00",,"212","REPAIR BROKEN MAIN"
"2285490","05/02/2014","03:16","PM","05/02/2014","00:00",,"212","REPAIR BROKEN MAIN"
"2279953","05/01/2014","07:50","PM","06/03/2014","00:00",,"212","REPAIR BROKEN MAIN"
"2279967","05/01/2014","10:51","PM","05/05/2014","00:00",,"212","REPAIR BROKEN MAIN"
"2279146","04/29/2014","08:40","AM","04/29/2014","00:00",,"212","REPAIR BROKEN MAIN"
"2278655","04/28/2014","09:28","AM","04/28/2014","00:00",,"212","REPAIR BROKEN MAIN"
"2278520","04/25/2014","11:04","PM","04/28/2014","00:00",,"212","REPAIR BROKEN MAIN"
"2277489","04/22/2014","07:37","PM","04/23/2014","00:00",,"212","REPAIR BROKEN MAIN"
"2276895","04/20/2014","01:22","AM","04/21/2014","00:00",,"212","REPAIR BROKEN MAIN"
"2276914","04/20/2014","05:52","PM","04/22/2014","00:00",,"212","REPAIR BROKEN MAIN"
"2276218","04/17/2014","09:31","AM","04/18/2014","00:00",,"212","REPAIR BROKEN MAIN"
"2276142","04/16/2014","05:51","PM","04/17/2014","00:00",,"212","REPAIR BROKEN MAIN"
"2275448","04/14/2014","09:46","AM","04/15/2014","00:00",,"212","REPAIR BROKEN MAIN"
"2275507","04/14/2014","11:52","AM","04/14/2014","00:00",,"212","REPAIR BROKEN MAIN"
"2275356","04/13/2014","02:10","PM","04/15/2014","00:00",,"212","REPAIR BROKEN MAIN"
"2275307","04/12/2014","11:47","AM","04/14/2014","00:00",,"212","REPAIR BROKEN MAIN"
"2275081","04/11/2014","09:15","AM","04/14/2014","00:00",,"212","REPAIR BROKEN MAIN"
"2275275","04/11/2014","08:33","PM","04/21/2014","00:00",,"212","REPAIR BROKEN MAIN"
"2274907","04/10/2014","01:10","PM","04/25/2014","00:00",,"212","REPAIR BROKEN MAIN"
"2274597","04/09/2014","11:55","AM","04/14/2014","00:00",,"212","REPAIR BROKEN MAIN"
"2274665","04/09/2014","02:49","PM","04/11/2014","00:00",,"212","REPAIR BROKEN MAIN"
"2274720","04/09/2014","09:39","PM","04/22/2014","00:00",,"212","REPAIR BROKEN MAIN"
"2274436","04/08/2014","08:52","PM","04/09/2014","00:00",,"212","REPAIR BROKEN MAIN"
"2274437","04/08/2014","08:54","PM","04/09/2014","00:00",,"212","REPAIR BROKEN MAIN"
"2273720","04/07/2014","06:19","AM","04/07/2014","00:00",,"212","REPAIR BROKEN MAIN"
"2273723","04/07/2014","07:09","AM","04/07/2014","00:00",,"212","REPAIR BROKEN MAIN"
"2273904","04/07/2014","05:32","PM","04/08/2014","00:00",,"212","REPAIR BROKEN MAIN"
"2273644","04/05/2014","10:53","AM","04/08/2014","00:00",,"212","REPAIR BROKEN MAIN"
"2273406","04/04/2014","12:45","AM","04/04/2014","00:00",,"212","REPAIR BROKEN MAIN"
"2273534","04/04/2014","01:55","PM","04/05/2014","00:00",,"212","REPAIR BROKEN MAIN"
"2273370","04/03/2014","07:01","PM","04/05/2014","00:00",,"212","REPAIR BROKEN MAIN"
"2273092","04/02/2014","02:11","PM","04/10/2014","00:00",,"212","REPAIR BROKEN MAIN"
"2273149","04/02/2014","07:14","PM","04/11/2014","00:00",,"212","REPAIR BROKEN MAIN"
